State,CBSASub,Areaname,Rent50_0,Rent50_1,Rent50_2,Rent50_3,Rent50_4,state_alpha,pop2010
1,METRO11500M11500,"Anniston-Oxford, AL MSA",495,518,681,880,916,AL,118572
1,METRO12220M12220,"Auburn-Opelika, AL MSA",515,519,702,967,1186,AL,140247
1,METRO13820M13820,"Birmingham-Hoover, AL HUD Metro FMR Area",605,723,857,1126,1266,AL,1017381
1,METRO13820N01021,"Chilton County, AL HUD Metro FMR Area",451,506,639,855,1132,AL,43643
1,METRO13820N01127,"Walker County, AL HUD Metro FMR Area",482,493,597,825,1002,AL,67023
1,METRO17980M17980,"Columbus, GA-AL MSA",580,680,806,1110,1428,AL,52947
1,METRO19460M19460,"Decatur, AL MSA",457,552,655,908,936,AL,153829
1,METRO20020M20020,"Dothan, AL HUD Metro FMR Area",429,459,591,788,974,AL,128337
1,METRO20020N01067,"Henry County, AL HUD Metro FMR Area",338,361,465,685,766,AL,17302
1,METRO22520M22520,"Florence-Muscle Shoals, AL MSA",474,477,609,813,816,AL,147137
1,METRO23460M23460,"Gadsden, AL MSA",422,545,710,884,997,AL,104430
1,METRO26620M26620,"Huntsville, AL MSA",508,568,701,964,1019,AL,417593
1,METRO33660M33660,"Mobile, AL MSA",665,694,823,1103,1268,AL,412992
1,METRO33860M33860,"Montgomery, AL MSA",685,724,860,1183,1406,AL,374536
1,METRO46220M46220,"Tuscaloosa, AL MSA",494,628,831,1043,1184,AL,219461
1,NCNTY01003N01003,"Baldwin County, AL",509,663,786,1158,1360,AL,182265
1,NCNTY01005N01005,"Barbour County, AL",458,461,624,777,834,AL,27457
1,NCNTY01011N01011,"Bullock County, AL",384,403,478,632,847,AL,10914
1,NCNTY01013N01013,"Butler County, AL",441,444,583,846,870,AL,20947
1,NCNTY01017N01017,"Chambers County, AL",501,505,683,851,1015,AL,34215
1,NCNTY01019N01019,"Cherokee County, AL",420,437,523,771,780,AL,25989
1,NCNTY01023N01023,"Choctaw County, AL",555,559,756,942,1128,AL,13859
1,NCNTY01025N01025,"Clarke County, AL",447,450,581,811,864,AL,25833
1,NCNTY01027N01027,"Clay County, AL",402,405,541,725,728,AL,13932
1,NCNTY01029N01029,"Cleburne County, AL",509,512,693,863,926,AL,14972
1,NCNTY01031N01031,"Coffee County, AL",518,522,669,907,937,AL,49948
1,NCNTY01035N01035,"Conecuh County, AL",464,467,606,893,897,AL,13228
1,NCNTY01037N01037,"Coosa County, AL",467,491,582,725,778,AL,11539
1,NCNTY01039N01039,"Covington County, AL",465,468,606,876,972,AL,37765
1,NCNTY01041N01041,"Crenshaw County, AL",449,452,611,861,912,AL,13906
1,NCNTY01043N01043,"Cullman County, AL",496,505,618,779,826,AL,80406
1,NCNTY01045N01045,"Dale County, AL",431,507,647,943,1132,AL,50251
1,NCNTY01047N01047,"Dallas County, AL",415,481,651,833,1061,AL,43820
1,NCNTY01049N01049,"DeKalb County, AL",366,476,616,770,982,AL,71109
1,NCNTY01053N01053,"Escambia County, AL",515,537,637,793,926,AL,38319
1,NCNTY01057N01057,"Fayette County, AL",444,466,553,726,979,AL,17241
1,NCNTY01059N01059,"Franklin County, AL",448,451,610,760,910,AL,31704
1,NCNTY01071N01071,"Jackson County, AL",483,508,602,750,824,AL,53227
1,NCNTY01075N01075,"Lamar County, AL",444,466,553,689,825,AL,14564
1,NCNTY01087N01087,"Macon County, AL",547,551,745,928,1055,AL,21452
1,NCNTY01091N01091,"Marengo County, AL",481,484,607,807,811,AL,21027
1,NCNTY01093N01093,"Marion County, AL",387,395,482,700,702,AL,30776
1,NCNTY01095N01095,"Marshall County, AL",532,535,712,981,984,AL,93019
1,NCNTY01099N01099,"Monroe County, AL",449,472,560,825,992,AL,23068
1,NCNTY01105N01105,"Perry County, AL",424,427,554,808,827,AL,10591
1,NCNTY01107N01107,"Pickens County, AL",465,468,633,788,846,AL,19746
1,NCNTY01109N01109,"Pike County, AL",504,526,624,916,919,AL,32899
1,NCNTY01111N01111,"Randolph County, AL",533,536,678,844,906,AL,22913
1,NCNTY01119N01119,"Sumter County, AL",519,546,647,806,908,AL,13763
1,NCNTY01121N01121,"Talladega County, AL",429,432,584,797,800,AL,82291
1,NCNTY01123N01123,"Tallapoosa County, AL",467,470,593,808,811,AL,41616
1,NCNTY01129N01129,"Washington County, AL",447,470,557,821,836,AL,17581
1,NCNTY01131N01131,"Wilcox County, AL",422,425,575,716,768,AL,11670
1,NCNTY01133N01133,"Winston County, AL",424,446,529,724,937,AL,24484
2,METRO11260M11260,"Anchorage, AK HUD Metro FMR Area",780,903,1156,1703,2047,AK,291826
2,METRO11260N02170,"Matanuska-Susitna Borough, AK HUD Metro FMR Area",689,797,1055,1555,1869,AK,88995
2,METRO21820M21820,"Fairbanks, AK MSA",741,920,1245,1835,2138,AK,97581
2,NCNTY02013N02013,"Aleutians East Borough, AK",646,759,900,1121,1300,AK,3141
2,NCNTY02016N02016,"Aleutians West Census Area, AK",984,1223,1654,2060,2388,AK,5561
2,NCNTY02050N02050,"Bethel Census Area, AK",1040,1191,1611,2006,2153,AK,17013
2,NCNTY02060N02060,"Bristol Bay Borough, AK",802,826,1117,1502,1508,AK,997
2,NCNTY02068N02068,"Denali Borough, AK",844,992,1176,1733,1739,AK,1826
2,NCNTY02070N02070,"Dillingham Census Area, AK",875,1027,1218,1517,1759,AK,4847
2,NCNTY02100N02100,"Haines Borough, AK",654,738,911,1342,1347,AK,2508
2,NCNTY02105N02105,"Hoonah-Angoon Census Area, AK",712,732,991,1234,1530,AK,2150
2,NCNTY02110N02110,"Juneau City and Borough, AK",853,1034,1399,1831,2176,AK,31275
2,NCNTY02122N02122,"Kenai Peninsula Borough, AK",709,752,942,1181,1544,AK,55400
2,NCNTY02130N02130,"Ketchikan Gateway Borough, AK",698,901,1173,1728,1876,AK,13477
2,NCNTY02150N02150,"Kodiak Island Borough, AK",762,897,1122,1653,1987,AK,13592
2,NCNTY02164N02164,"Lake and Peninsula Borough, AK",604,709,841,1130,1490,AK,1631
2,NCNTY02180N02180,"Nome Census Area, AK",929,1155,1562,1945,2087,AK,9492
2,NCNTY02185N02185,"North Slope Borough, AK",813,1024,1214,1512,1946,AK,9430
2,NCNTY02188N02188,"Northwest Arctic Borough, AK",1064,1111,1317,1640,1760,AK,7523
2,NCNTY02195N02195,"Petersburg Census Area, AK",722,744,1006,1253,1782,AK,3815
2,NCNTY02198N02198,"Prince of Wales-Hyder Census Area, AK",703,707,957,1192,1279,AK,5559
2,NCNTY02220N02220,"Sitka City and Borough, AK",916,972,1315,1832,1899,AK,8881
2,NCNTY02230N02230,"Skagway Municipality, AK",860,1010,1197,1491,1728,AK,968
2,NCNTY02240N02240,"Southeast Fairbanks Census Area, AK",768,907,1202,1497,2067,AK,7029
2,NCNTY02261N02261,"Valdez-Cordova Census Area, AK",722,764,955,1344,1453,AK,9636
2,NCNTY02270N02270,"Wade Hampton Census Area, AK",704,827,980,1221,1415,AK,7459
2,NCNTY02275N02275,"Wrangell City and Borough, AK",603,655,840,1238,1242,AK,2369
2,NCNTY02282N02282,"Yakutat City and Borough, AK",691,751,962,1418,1704,AK,662
2,NCNTY02290N02290,"Yukon-Koyukuk Census Area, AK",683,701,845,1052,1311,AK,5588
4,METRO22380M22380,"Flagstaff, AZ MSA",789,917,1148,1457,1857,AZ,134421
4,METRO29420M29420,"Lake Havasu City-Kingman, AZ MSA",521,643,821,1113,1288,AZ,200186
4,METRO38060M38060,"Phoenix-Mesa-Glendale, AZ MSA",593,748,925,1363,1592,AZ,4192887
4,METRO39140M39140,"Prescott, AZ MSA",610,692,875,1289,1363,AZ,211033
4,METRO46060M46060,"Tucson, AZ MSA",521,651,876,1286,1531,AZ,980263
4,METRO49740M49740,"Yuma, AZ MSA",598,639,844,1244,1424,AZ,195751
4,NCNTY04001N04001,"Apache County, AZ",391,478,647,810,973,AZ,71518
4,NCNTY04003N04003,"Cochise County, AZ",597,617,772,1115,1367,AZ,131346
4,NCNTY04007N04007,"Gila County, AZ",587,611,823,1188,1394,AZ,53597
4,NCNTY04009N04009,"Graham County, AZ",404,570,679,1001,1004,AZ,37220
4,NCNTY04011N04011,"Greenlee County, AZ",581,602,815,1015,1089,AZ,8437
4,NCNTY04012N04012,"La Paz County, AZ",532,551,746,929,1158,AZ,20489
4,NCNTY04017N04017,"Navajo County, AZ",534,538,728,1027,1037,AZ,107449
4,NCNTY04023N04023,"Santa Cruz County, AZ",505,571,708,893,1254,AZ,47420
5,METRO22220M22220,"Fayetteville-Springdale-Rogers, AR HUD Metro FMR Area",479,548,704,1037,1223,AR,440121
5,METRO22900M22900,"Fort Smith, AR-OK HUD Metro FMR Area",538,541,709,945,1065,AR,187692
5,METRO22900N05047,"Franklin County, AR HUD Metro FMR Area",471,475,642,827,964,AR,18125
5,METRO26300M26300,"Hot Springs, AR MSA",459,570,771,1026,1259,AR,96024
5,METRO27860MM3700,"Jonesboro, AR HUD Metro FMR Area",403,536,663,931,935,AR,96443
5,METRO27860N05111,"Poinsett County, AR HUD Metro FMR Area",340,413,541,793,934,AR,24583
5,METRO30780M30780,"Little Rock-North Little Rock-Conway, AR HUD Metro FMR Area",572,661,794,1110,1232,AR,681904
5,METRO30780N05053,"Grant County, AR HUD Metro FMR Area",365,427,506,746,896,AR,17853
5,METRO32820M32820,"Memphis, TN-MS-AR HUD Metro FMR Area",610,697,826,1129,1258,AR,50902
5,METRO38220M38220,"Pine Bluff, AR MSA",448,527,701,878,1074,AR,100258
5,METRO45500M45500,"Texarkana, TX-Texarkana, AR MSA",475,616,757,943,1012,AR,43462
5,NCNTY05001N05001,"Arkansas County, AR",473,476,644,802,914,AR,19019
5,NCNTY05003N05003,"Ashley County, AR",405,408,552,748,750,AR,21853
5,NCNTY05005N05005,"Baxter County, AR",474,481,642,941,1137,AR,41513
5,NCNTY05009N05009,"Boone County, AR",454,457,618,863,1037,AR,36903
5,NCNTY05011N05011,"Bradley County, AR",441,463,627,910,913,AR,11508
5,NCNTY05013N05013,"Calhoun County, AR",438,441,597,744,903,AR,5368
5,NCNTY05015N05015,"Carroll County, AR",509,512,679,885,907,AR,27446
5,NCNTY05017N05017,"Chicot County, AR",359,362,487,718,863,AR,11800
5,NCNTY05019N05019,"Clark County, AR",494,498,656,870,877,AR,22995
5,NCNTY05021N05021,"Clay County, AR",402,405,548,711,751,AR,16083
5,NCNTY05023N05023,"Cleburne County, AR",496,499,639,839,980,AR,25970
5,NCNTY05027N05027,"Columbia County, AR",465,468,633,891,894,AR,24552
5,NCNTY05029N05029,"Conway County, AR",490,493,667,831,1081,AR,21273
5,NCNTY05037N05037,"Cross County, AR",482,486,627,863,1046,AR,17870
5,NCNTY05039N05039,"Dallas County, AR",386,418,495,729,866,AR,8116
5,NCNTY05041N05041,"Desha County, AR",435,438,593,814,1020,AR,13008
5,NCNTY05043N05043,"Drew County, AR",444,447,605,870,1072,AR,18509
5,NCNTY05049N05049,"Fulton County, AR",429,432,584,727,884,AR,12245
5,NCNTY05055N05055,"Greene County, AR",396,470,632,877,1119,AR,42090
5,NCNTY05057N05057,"Hempstead County, AR",446,468,572,712,930,AR,22609
5,NCNTY05059N05059,"Hot Spring County, AR",469,507,601,801,929,AR,32923
5,NCNTY05061N05061,"Howard County, AR",386,428,579,761,937,AR,13789
5,NCNTY05063N05063,"Independence County, AR",462,465,629,797,1010,AR,36647
5,NCNTY05065N05065,"Izard County, AR",421,424,573,714,787,AR,13696
5,NCNTY05067N05067,"Jackson County, AR",414,417,564,831,999,AR,17997
5,NCNTY05071N05071,"Johnson County, AR",462,465,624,777,956,AR,25540
5,NCNTY05073N05073,"Lafayette County, AR",405,408,552,813,835,AR,7645
5,NCNTY05075N05075,"Lawrence County, AR",381,384,519,690,826,AR,17415
5,NCNTY05077N05077,"Lee County, AR",466,504,598,766,799,AR,10424
5,NCNTY05081N05081,"Little River County, AR",472,487,659,821,1167,AR,13171
5,NCNTY05083N05083,"Logan County, AR",350,435,589,734,821,AR,22353
5,NCNTY05089N05089,"Marion County, AR",449,452,611,761,894,AR,16653
5,NCNTY05093N05093,"Mississippi County, AR",396,469,634,843,935,AR,46480
5,NCNTY05095N05095,"Monroe County, AR",427,429,581,789,999,AR,8149
5,NCNTY05097N05097,"Montgomery County, AR",532,535,724,902,1095,AR,9487
5,NCNTY05099N05099,"Nevada County, AR",551,554,750,968,1302,AR,8997
5,NCNTY05101N05101,"Newton County, AR",460,463,627,781,949,AR,8330
5,NCNTY05103N05103,"Ouachita County, AR",436,439,566,729,756,AR,26120
5,NCNTY05107N05107,"Phillips County, AR",430,433,586,864,956,AR,21757
5,NCNTY05109N05109,"Pike County, AR",438,441,577,719,873,AR,11291
5,NCNTY05113N05113,"Polk County, AR",441,443,574,768,771,AR,20662
5,NCNTY05115N05115,"Pope County, AR",486,489,654,893,1158,AR,61754
5,NCNTY05117N05117,"Prairie County, AR",384,416,493,726,873,AR,8715
5,NCNTY05121N05121,"Randolph County, AR",408,411,556,710,841,AR,17969
5,NCNTY05123N05123,"St. Francis County, AR",513,536,635,884,1017,AR,28258
5,NCNTY05127N05127,"Scott County, AR",453,456,617,768,933,AR,11233
5,NCNTY05129N05129,"Searcy County, AR",445,448,606,755,810,AR,8195
5,NCNTY05133N05133,"Sevier County, AR",418,425,536,688,752,AR,17058
5,NCNTY05135N05135,"Sharp County, AR",469,472,639,840,958,AR,17264
5,NCNTY05137N05137,"Stone County, AR",414,417,564,724,853,AR,12394
5,NCNTY05139N05139,"Union County, AR",503,506,685,853,978,AR,41639
5,NCNTY05141N05141,"Van Buren County, AR",440,476,564,716,853,AR,17295
5,NCNTY05145N05145,"White County, AR",546,550,744,1096,1153,AR,77076
5,NCNTY05147N05147,"Woodruff County, AR",380,383,518,763,784,AR,7260
5,NCNTY05149N05149,"Yell County, AR",429,432,585,862,1036,AR,22185
6,METRO12540M12540,"Bakersfield-Delano, CA MSA",649,653,855,1254,1514,CA,839631
6,METRO17020M17020,"Chico, CA MSA",564,707,931,1329,1649,CA,220000
6,METRO20940M20940,"El Centro, CA MSA",548,667,862,1270,1527,CA,174528
6,METRO23420M23420,"Fresno, CA MSA",709,737,931,1308,1527,CA,930450
6,METRO25260M25260,"Hanford-Corcoran, CA MSA",516,611,827,1176,1236,CA,152982
6,METRO31100MM4480,"Los Angeles-Long Beach, CA HUD Metro FMR Area",988,1195,1542,2085,2323,CA,9818605
6,METRO31100MM5945,"Orange County, CA HUD Metro FMR Area",1126,1294,1621,2268,2525,CA,3010232
6,METRO31460M31460,"Madera-Chowchilla, CA MSA",689,694,939,1364,1496,CA,150865
6,METRO32900M32900,"Merced, CA MSA",536,621,817,1204,1447,CA,255793
6,METRO33700M33700,"Modesto, CA MSA",628,775,994,1465,1700,CA,514453
6,METRO34900M34900,"Napa, CA MSA",835,1047,1401,1999,2006,CA,136484
6,METRO37100M37100,"Oxnard-Thousand Oaks-Ventura, CA MSA",1003,1198,1609,2222,2572,CA,823318
6,METRO39820M39820,"Redding, CA MSA",796,819,1029,1516,1690,CA,177223
6,METRO40140M40140,"Riverside-San Bernardino-Ontario, CA MSA",763,879,1116,1577,1924,CA,4224851
6,METRO40900M40900,"Sacramento--Arden-Arcade--Roseville, CA HUD Metro FMR Area",717,855,1073,1581,1900,CA,1948278
6,METRO40900MM9270,"Yolo, CA HUD Metro FMR Area",802,866,1170,1724,2011,CA,200849
6,METRO41500M41500,"Salinas, CA MSA",929,1045,1316,1919,2146,CA,415057
6,METRO41740M41740,"San Diego-Carlsbad-San Marcos, CA MSA",1037,1140,1495,2174,2648,CA,3095313
6,METRO41860MM5775,"Oakland-Fremont, CA HUD Metro FMR Area",963,1168,1469,2051,2517,CA,2559296
6,METRO41860MM7360,"San Francisco, CA HUD Metro FMR Area",1205,1569,1979,2688,3250,CA,1776095
6,METRO41940M41940,"San Jose-Sunnyvale-Santa Clara, CA HUD Metro FMR Area",1160,1357,1730,2440,2766,CA,1781642
6,METRO41940N06069,"San Benito County, CA HUD Metro FMR Area",749,931,1259,1855,2230,CA,55269
6,METRO42020M42020,"San Luis Obispo-Paso Robles, CA MSA",814,941,1215,1790,1867,CA,269637
6,METRO42060M42060,"Santa Barbara-Santa Maria-Goleta, CA MSA",1157,1330,1594,2130,2466,CA,423895
6,METRO42100M42100,"Santa Cruz-Watsonville, CA MSA",1039,1257,1700,2191,2444,CA,262382
6,METRO42220M42220,"Santa Rosa-Petaluma, CA MSA",926,1080,1414,2084,2443,CA,483878
6,METRO44700M44700,"Stockton, CA MSA",676,806,1057,1558,1872,CA,685306
6,METRO46700M46700,"Vallejo-Fairfield, CA MSA",787,991,1241,1829,2174,CA,413344
6,METRO47300M47300,"Visalia-Porterville, CA MSA",619,635,826,1217,1415,CA,442179
6,METRO49700M49700,"Yuba City, CA MSA",556,670,858,1240,1468,CA,166892
6,NCNTY06003N06003,"Alpine County, CA",726,737,997,1242,1609,CA,1175
6,NCNTY06005N06005,"Amador County, CA",702,872,1180,1566,1906,CA,38091
6,NCNTY06009N06009,"Calaveras County, CA",708,771,973,1434,1723,CA,45578
6,NCNTY06011N06011,"Colusa County, CA",584,588,795,1171,1408,CA,21419
6,NCNTY06015N06015,"Del Norte County, CA",671,676,914,1347,1470,CA,28610
6,NCNTY06021N06021,"Glenn County, CA",595,599,811,1170,1436,CA,28122
6,NCNTY06023N06023,"Humboldt County, CA",702,771,1040,1533,1783,CA,134623
6,NCNTY06027N06027,"Inyo County, CA",718,747,889,1310,1575,CA,18546
6,NCNTY06033N06033,"Lake County, CA",681,685,927,1366,1380,CA,64665
6,NCNTY06035N06035,"Lassen County, CA",750,793,1073,1500,1506,CA,34895
6,NCNTY06043N06043,"Mariposa County, CA",678,689,932,1161,1504,CA,18251
6,NCNTY06045N06045,"Mendocino County, CA",753,806,1064,1466,1772,CA,87841
6,NCNTY06049N06049,"Modoc County, CA",426,493,585,862,1029,CA,9686
6,NCNTY06051N06051,"Mono County, CA",969,1107,1313,1635,2119,CA,14202
6,NCNTY06057N06057,"Nevada County, CA",825,830,1100,1621,1874,CA,98764
6,NCNTY06063N06063,"Plumas County, CA",614,763,1032,1285,1697,CA,20007
6,NCNTY06091N06091,"Sierra County, CA",608,618,836,1232,1349,CA,3240
6,NCNTY06093N06093,"Siskiyou County, CA",573,683,872,1271,1431,CA,44900
6,NCNTY06103N06103,"Tehama County, CA",515,639,865,1220,1399,CA,63463
6,NCNTY06105N06105,"Trinity County, CA",648,652,872,1285,1544,CA,13786
6,NCNTY06109N06109,"Tuolumne County, CA",655,795,1076,1586,1591,CA,55365
8,METRO14500M14500,"Boulder, CO MSA",786,914,1130,1665,1978,CO,294567
8,METRO17820M17820,"Colorado Springs, CO HUD Metro FMR Area",543,674,875,1289,1550,CO,622263
8,METRO17820N08119,"Teller County, CO HUD Metro FMR Area",587,757,946,1365,1370,CO,23350
8,METRO19740M19740,"Denver-Aurora-Broomfield, CO MSA",627,774,1002,1470,1705,CO,2543482
8,METRO22660M22660,"Fort Collins-Loveland, CO MSA",592,732,882,1300,1562,CO,299630
8,METRO24300M24300,"Grand Junction, CO MSA",562,670,891,1313,1508,CO,146723
8,METRO24540M24540,"Greeley, CO MSA",515,601,773,1134,1369,CO,252825
8,METRO39380M39380,"Pueblo, CO MSA",445,540,706,1010,1090,CO,159063
8,NCNTY08003N08003,"Alamosa County, CO",553,575,684,852,914,CO,15445
8,NCNTY08007N08007,"Archuleta County, CO",579,582,756,988,1010,CO,12084
8,NCNTY08009N08009,"Baca County, CO",382,399,473,697,726,CO,3788
8,NCNTY08011N08011,"Bent County, CO",467,470,636,792,976,CO,6499
8,NCNTY08015N08015,"Chaffee County, CO",532,535,724,1067,1244,CO,17809
8,NCNTY08017N08017,"Cheyenne County, CO",409,412,557,763,855,CO,1836
8,NCNTY08021N08021,"Conejos County, CO",537,561,665,828,889,CO,8256
8,NCNTY08023N08023,"Costilla County, CO",566,591,701,1033,1036,CO,3524
8,NCNTY08025N08025,"Crowley County, CO",432,435,588,736,1041,CO,5823
8,NCNTY08027N08027,"Custer County, CO",537,540,731,951,1122,CO,4255
8,NCNTY08029N08029,"Delta County, CO",579,583,789,983,1360,CO,30952
8,NCNTY08033N08033,"Dolores County, CO",463,483,573,844,880,CO,2064
8,NCNTY08037N08037,"Eagle County, CO",1025,1032,1396,1806,2296,CO,52197
8,NCNTY08043N08043,"Fremont County, CO",578,595,715,1028,1108,CO,46824
8,NCNTY08045N08045,"Garfield County, CO",854,860,1163,1454,2060,CO,56389
8,NCNTY08049N08049,"Grand County, CO",729,734,993,1390,1395,CO,14843
8,NCNTY08051N08051,"Gunnison County, CO",613,695,940,1171,1573,CO,15324
8,NCNTY08053N08053,"Hinsdale County, CO",530,533,692,948,1062,CO,843
8,NCNTY08055N08055,"Huerfano County, CO",617,621,840,1046,1123,CO,6711
8,NCNTY08057N08057,"Jackson County, CO",558,562,729,908,1119,CO,1394
8,NCNTY08061N08061,"Kiowa County, CO",469,472,613,763,882,CO,1398
8,NCNTY08063N08063,"Kit Carson County, CO",427,429,581,724,1024,CO,8270
8,NCNTY08065N08065,"Lake County, CO",696,753,1019,1269,1564,CO,7310
8,NCNTY08067N08067,"La Plata County, CO",754,803,999,1354,1740,CO,51334
8,NCNTY08071N08071,"Las Animas County, CO",549,553,748,1041,1044,CO,15507
8,NCNTY08073N08073,"Lincoln County, CO",564,568,725,903,1113,CO,5467
8,NCNTY08075N08075,"Logan County, CO",419,520,704,877,1040,CO,22709
8,NCNTY08079N08079,"Mineral County, CO",660,664,862,1074,1323,CO,712
8,NCNTY08081N08081,"Moffat County, CO",594,598,761,1121,1125,CO,13795
8,NCNTY08083N08083,"Montezuma County, CO",529,552,655,965,1160,CO,25535
8,NCNTY08085N08085,"Montrose County, CO",531,614,831,1174,1472,CO,41276
8,NCNTY08087N08087,"Morgan County, CO",571,575,750,970,1065,CO,28159
8,NCNTY08089N08089,"Otero County, CO",404,502,679,846,907,CO,18831
8,NCNTY08091N08091,"Ouray County, CO",775,780,1055,1555,1708,CO,4436
8,NCNTY08095N08095,"Phillips County, CO",519,522,697,868,931,CO,4442
8,NCNTY08097N08097,"Pitkin County, CO",846,1051,1422,1884,1900,CO,17148
8,NCNTY08099N08099,"Prowers County, CO",464,467,632,790,860,CO,12551
8,NCNTY08103N08103,"Rio Blanco County, CO",510,514,695,1024,1075,CO,6666
8,NCNTY08105N08105,"Rio Grande County, CO",515,537,637,846,1128,CO,11982
8,NCNTY08107N08107,"Routt County, CO",711,958,1181,1617,1622,CO,23509
8,NCNTY08109N08109,"Saguache County, CO",540,563,668,848,1183,CO,6108
8,NCNTY08111N08111,"San Juan County, CO",588,673,911,1342,1398,CO,699
8,NCNTY08113N08113,"San Miguel County, CO",723,934,1143,1661,1976,CO,7359
8,NCNTY08115N08115,"Sedgwick County, CO",441,461,546,777,780,CO,2379
8,NCNTY08117N08117,"Summit County, CO",831,1128,1397,1834,2333,CO,27994
8,NCNTY08121N08121,"Washington County, CO",476,480,649,808,876,CO,4814
8,NCNTY08125N08125,"Yuma County, CO",444,447,605,799,942,CO,10043
9,METRO14860MM1160,"Bridgeport, CT HUD Metro FMR Area",833,1045,1330,1740,1884,CT,357563
9,METRO14860MM1930,"Danbury, CT HUD Metro FMR Area",969,1104,1494,1862,2357,CT,194747
9,METRO14860MM8040,"Stamford-Norwalk, CT HUD Metro FMR Area",1200,1455,1807,2251,2800,CT,364519
9,METRO25540M25540,"Hartford-West Hartford-East Hartford, CT HUD Metro FMR Area",704,883,1101,1371,1593,CT,1164104
9,METRO25540MM5480,"Southern Middlesex County, CT HUD Metro FMR Area",984,990,1340,1865,1871,CT,48277
9,METRO35300MM1160,"Milford-Ansonia-Seymour, CT HUD Metro FMR Area",1066,1124,1389,1758,1959,CT,120182
9,METRO35300MM5480,"New Haven-Meriden, CT HUD Metro FMR Area",874,1055,1316,1639,1818,CT,546503
9,METRO35300MM8880,"Waterbury, CT HUD Metro FMR Area",607,820,1000,1245,1353,CT,195792
9,METRO35980M35980,"Norwich-New London, CT HUD Metro FMR Area",785,883,1160,1485,1712,CT,250679
9,METRO35980MM3280,"Colchester-Lebanon, CT HUD Metro FMR Area",823,898,1215,1513,1761,CT,23376
9,NCNTY09005N09005,"Litchfield County, CT",863,877,1126,1426,1692,CT,189927
9,NCNTY09015N09015,"Windham County, CT",591,741,994,1238,1386,CT,118428
10,METRO20100M20100,"Dover, DE MSA",712,911,1080,1513,1908,DE,162310
10,METRO37980M37980,"Philadelphia-Camden-Wilmington, PA-NJ-DE-MD MSA",788,929,1119,1394,1496,DE,538479
10,NCNTY10005N10005,"Sussex County, DE",755,772,1044,1425,1659,DE,197145
11,METRO47900M47900,"Washington-Arlington-Alexandria, DC-VA-MD HUD Metro FMR Area",1226,1292,1532,2050,2575,DC,601723
12,METRO15980M15980,"Cape Coral-Fort Myers, FL MSA",760,765,969,1315,1353,FL,618754
12,METRO18880M18880,"Crestview-Fort Walton Beach-Destin, FL MSA",758,763,954,1406,1643,FL,180822
12,METRO19660M19660,"Deltona-Daytona Beach-Ormond Beach, FL MSA",594,764,940,1284,1383,FL,494593
12,METRO23540M23540,"Gainesville, FL MSA",783,805,1023,1367,1778,FL,264275
12,METRO27260M27260,"Jacksonville, FL HUD Metro FMR Area",655,807,970,1279,1565,FL,1318481
12,METRO27260N12003,"Baker County, FL HUD Metro FMR Area",519,649,769,1027,1117,FL,27115
12,METRO29460M29460,"Lakeland-Winter Haven, FL MSA",663,667,864,1172,1426,FL,602095
12,METRO33100MM2680,"Fort Lauderdale, FL HUD Metro FMR Area",748,973,1236,1763,2189,FL,1748066
12,METRO33100MM5000,"Miami-Miami Beach-Kendall, FL HUD Metro FMR Area",776,945,1211,1662,1941,FL,2496435
12,METRO33100MM8960,"West Palm Beach-Boca Raton, FL HUD Metro FMR Area",738,947,1183,1597,1907,FL,1320134
12,METRO34940M34940,"Naples-Marco Island, FL MSA",779,896,1116,1457,1795,FL,321520
12,METRO35840M35840,"North Port-Bradenton-Sarasota, FL MSA",722,803,1027,1376,1616,FL,702281
12,METRO36100M36100,"Ocala, FL MSA",556,688,863,1163,1167,FL,331298
12,METRO36740M36740,"Orlando-Kissimmee-Sanford, FL MSA",739,874,1042,1390,1681,FL,2134411
12,METRO37340M37340,"Palm Bay-Melbourne-Titusville, FL MSA",571,746,924,1279,1522,FL,543376
12,METRO37380M37380,"Palm Coast, FL MSA",759,851,1110,1445,1586,FL,95696
12,METRO37460M37460,"Panama City-Lynn Haven-Panama City Beach, FL MSA",774,823,976,1329,1679,FL,168852
12,METRO37860M37860,"Pensacola-Ferry Pass-Brent, FL MSA",617,703,834,1124,1458,FL,448991
12,METRO38940M38940,"Port St. Lucie, FL MSA",727,806,998,1372,1617,FL,424107
12,METRO39460M39460,"Punta Gorda, FL MSA",545,718,916,1301,1306,FL,159978
12,METRO42680M42680,"Sebastian-Vero Beach, FL MSA",599,742,925,1244,1249,FL,138028
12,METRO45220M45220,"Tallahassee, FL HUD Metro FMR Area",765,813,982,1259,1712,FL,336637
12,METRO45220N12129,"Wakulla County, FL HUD Metro FMR Area",593,597,808,1090,1431,FL,30776
12,METRO45300M45300,"Tampa-St. Petersburg-Clearwater, FL MSA",618,775,972,1297,1553,FL,2783243
12,NCNTY12007N12007,"Bradford County, FL",556,580,688,1014,1017,FL,28520
12,NCNTY12013N12013,"Calhoun County, FL",452,463,559,696,787,FL,14625
12,NCNTY12017N12017,"Citrus County, FL",630,635,809,1072,1335,FL,141236
12,NCNTY12023N12023,"Columbia County, FL",419,541,652,961,1155,FL,67531
12,NCNTY12027N12027,"DeSoto County, FL",636,664,787,1074,1078,FL,34862
12,NCNTY12029N12029,"Dixie County, FL",494,516,612,894,897,FL,16422
12,NCNTY12037N12037,"Franklin County, FL",598,624,740,1090,1094,FL,11549
12,NCNTY12043N12043,"Glades County, FL",608,612,793,1029,1117,FL,12884
12,NCNTY12045N12045,"Gulf County, FL",633,661,784,1155,1159,FL,15863
12,NCNTY12047N12047,"Hamilton County, FL",502,515,621,773,907,FL,14799
12,NCNTY12049N12049,"Hardee County, FL",708,722,877,1092,1172,FL,27731
12,NCNTY12051N12051,"Hendry County, FL",613,617,835,1101,1269,FL,39140
12,NCNTY12055N12055,"Highlands County, FL",588,592,748,1102,1106,FL,98786
12,NCNTY12059N12059,"Holmes County, FL",477,498,590,809,831,FL,19927
12,NCNTY12063N12063,"Jackson County, FL",490,508,606,755,942,FL,49746
12,NCNTY12067N12067,"Lafayette County, FL",522,535,646,805,910,FL,8870
12,NCNTY12075N12075,"Levy County, FL",523,534,647,901,1146,FL,40801
12,NCNTY12077N12077,"Liberty County, FL",466,478,577,850,853,FL,8365
12,NCNTY12079N12079,"Madison County, FL",494,506,611,900,1013,FL,19224
12,NCNTY12087N12087,"Monroe County, FL",1265,1274,1723,2247,2303,FL,73090
12,NCNTY12093N12093,"Okeechobee County, FL",685,690,933,1162,1247,FL,39996
12,NCNTY12107N12107,"Putnam County, FL",536,539,665,828,889,FL,74364
12,NCNTY12119N12119,"Sumter County, FL",590,616,730,1076,1152,FL,93420
12,NCNTY12121N12121,"Suwannee County, FL",423,526,711,1021,1025,FL,41551
12,NCNTY12123N12123,"Taylor County, FL",410,428,508,749,809,FL,22570
12,NCNTY12125N12125,"Union County, FL",477,480,650,843,869,FL,15535
12,NCNTY12131N12131,"Walton County, FL",686,690,934,1238,1248,FL,55043
12,NCNTY12133N12133,"Washington County, FL",483,486,658,872,927,FL,24896
13,METRO10500M10500,"Albany, GA MSA",543,616,742,1027,1054,GA,157308
13,METRO12020M12020,"Athens-Clarke County, GA MSA",614,675,826,1120,1261,GA,192541
13,METRO12060M12060,"Atlanta-Sandy Springs-Marietta, GA HUD Metro FMR Area",719,784,930,1232,1496,GA,5176116
13,METRO12060N13035,"Butts County, GA HUD Metro FMR Area",562,565,765,985,1022,GA,23655
13,METRO12060N13143,"Haralson County, GA HUD Metro FMR Area",501,504,682,958,1097,GA,28780
13,METRO12060N13171,"Lamar County, GA HUD Metro FMR Area",463,505,599,883,978,GA,18317
13,METRO12060N13199,"Meriwether County, GA HUD Metro FMR Area",523,570,676,866,903,GA,21992
13,METRO12260M12260,"Augusta-Richmond County, GA-SC MSA",587,662,790,1075,1330,GA,369793
13,METRO15260M15260,"Brunswick, GA MSA",549,553,748,932,1047,GA,112370
13,METRO16860M16860,"Chattanooga, TN-GA MSA",522,629,783,1065,1200,GA,149331
13,METRO17980M17980,"Columbus, GA-AL MSA",580,680,806,1110,1428,GA,241918
13,METRO19140M19140,"Dalton, GA HUD Metro FMR Area",500,542,660,847,1056,GA,102599
13,METRO19140N13213,"Murray County, GA HUD Metro FMR Area",467,470,634,798,1112,GA,39628
13,METRO23580M23580,"Gainesville, GA MSA",657,661,837,1086,1119,GA,179684
13,METRO25980M25980,"Hinesville-Fort Stewart, GA HUD Metro FMR Area",714,743,928,1310,1628,GA,63453
13,METRO25980N13183,"Long County, GA HUD Metro FMR Area",592,616,769,1052,1362,GA,14464
13,METRO31420M31420,"Macon, GA MSA",511,615,729,1007,1100,GA,205869
13,METRO31420N13207,"Monroe County, GA HUD Metro FMR Area",424,509,604,890,1070,GA,26424
13,METRO40660M40660,"Rome, GA MSA",615,619,838,1044,1482,GA,96317
13,METRO42340M42340,"Savannah, GA MSA",638,783,928,1238,1468,GA,347611
13,METRO46660M46660,"Valdosta, GA MSA",619,623,774,992,1180,GA,139588
13,METRO47580M47580,"Warner Robins, GA MSA",677,697,860,1103,1318,GA,139900
13,NCNTY13001N13001,"Appling County, GA",442,461,547,681,799,GA,18236
13,NCNTY13003N13003,"Atkinson County, GA",300,373,504,628,674,GA,8375
13,NCNTY13005N13005,"Bacon County, GA",471,474,609,758,814,GA,11096
13,NCNTY13009N13009,"Baldwin County, GA",494,569,723,937,966,GA,45720
13,NCNTY13011N13011,"Banks County, GA",529,552,655,900,1081,GA,18395
13,NCNTY13017N13017,"Ben Hill County, GA",517,520,691,861,923,GA,17634
13,NCNTY13019N13019,"Berrien County, GA",411,414,560,697,980,GA,19286
13,NCNTY13023N13023,"Bleckley County, GA",507,511,691,1018,1046,GA,13063
13,NCNTY13031N13031,"Bulloch County, GA",452,509,649,940,1141,GA,70217
13,NCNTY13037N13037,"Calhoun County, GA",386,389,526,655,797,GA,6694
13,NCNTY13039N13039,"Camden County, GA",600,604,817,1135,1303,GA,50513
13,NCNTY13043N13043,"Candler County, GA",445,448,606,755,914,GA,10998
13,NCNTY13049N13049,"Charlton County, GA",501,504,682,947,1033,GA,12171
13,NCNTY13055N13055,"Chattooga County, GA",418,421,569,764,1008,GA,26015
13,NCNTY13061N13061,"Clay County, GA",474,477,604,752,915,GA,3183
13,NCNTY13065N13065,"Clinch County, GA",366,368,498,718,754,GA,6798
13,NCNTY13069N13069,"Coffee County, GA",431,434,578,841,1016,GA,42356
13,NCNTY13071N13071,"Colquitt County, GA",398,401,538,793,795,GA,45498
13,NCNTY13075N13075,"Cook County, GA",487,509,603,889,892,GA,17212
13,NCNTY13081N13081,"Crisp County, GA",476,479,630,785,1042,GA,23439
13,NCNTY13087N13087,"Decatur County, GA",481,502,595,770,795,GA,27842
13,NCNTY13091N13091,"Dodge County, GA",440,460,545,803,965,GA,21796
13,NCNTY13093N13093,"Dooly County, GA",422,440,522,769,818,GA,14918
13,NCNTY13099N13099,"Early County, GA",366,369,486,716,817,GA,11008
13,NCNTY13105N13105,"Elbert County, GA",436,440,540,796,818,GA,20166
13,NCNTY13107N13107,"Emanuel County, GA",382,385,521,725,820,GA,22598
13,NCNTY13109N13109,"Evans County, GA",447,450,554,698,740,GA,11000
13,NCNTY13111N13111,"Fannin County, GA",447,450,609,766,1079,GA,23682
13,NCNTY13119N13119,"Franklin County, GA",446,449,607,833,1075,GA,22084
13,NCNTY13123N13123,"Gilmer County, GA",554,557,729,908,1291,GA,28292
13,NCNTY13125N13125,"Glascock County, GA",496,500,676,842,903,GA,3082
13,NCNTY13129N13129,"Gordon County, GA",541,545,707,954,1178,GA,55186
13,NCNTY13131N13131,"Grady County, GA",479,482,652,814,964,GA,25011
13,NCNTY13133N13133,"Greene County, GA",463,466,630,879,938,GA,15994
13,NCNTY13137N13137,"Habersham County, GA",500,522,619,912,1096,GA,43041
13,NCNTY13141N13141,"Hancock County, GA",555,559,756,942,1010,GA,9429
13,NCNTY13147N13147,"Hart County, GA",421,424,574,809,1017,GA,25213
13,NCNTY13155N13155,"Irwin County, GA",544,548,741,923,990,GA,9538
13,NCNTY13157N13157,"Jackson County, GA",570,574,776,966,1105,GA,60485
13,NCNTY13161N13161,"Jeff Davis County, GA",353,369,437,595,598,GA,15068
13,NCNTY13163N13163,"Jefferson County, GA",428,434,530,660,708,GA,16930
13,NCNTY13165N13165,"Jenkins County, GA",401,404,519,732,804,GA,8340
13,NCNTY13167N13167,"Johnson County, GA",435,438,593,739,824,GA,9980
13,NCNTY13175N13175,"Laurens County, GA",473,494,586,811,814,GA,48434
13,NCNTY13181N13181,"Lincoln County, GA",407,409,554,816,981,GA,7996
13,NCNTY13187N13187,"Lumpkin County, GA",625,630,852,1149,1153,GA,29966
13,NCNTY13193N13193,"Macon County, GA",437,456,541,674,886,GA,14740
13,NCNTY13201N13201,"Miller County, GA",392,395,534,765,787,GA,6125
13,NCNTY13205N13205,"Mitchell County, GA",500,503,681,848,910,GA,23498
13,NCNTY13209N13209,"Montgomery County, GA",437,456,541,674,819,GA,9123
13,NCNTY13211N13211,"Morgan County, GA",578,603,715,1054,1223,GA,17868
13,NCNTY13225N13225,"Peach County, GA",411,511,691,941,945,GA,27695
13,NCNTY13229N13229,"Pierce County, GA",436,439,584,727,1034,GA,18758
13,NCNTY13233N13233,"Polk County, GA",525,528,715,928,1045,GA,41475
13,NCNTY13235N13235,"Pulaski County, GA",416,419,567,836,859,GA,12010
13,NCNTY13237N13237,"Putnam County, GA",546,562,676,994,997,GA,21218
13,NCNTY13239N13239,"Quitman County, GA",343,358,425,626,644,GA,2513
13,NCNTY13241N13241,"Rabun County, GA",444,617,747,962,998,GA,16276
13,NCNTY13243N13243,"Randolph County, GA",351,353,478,631,724,GA,7719
13,NCNTY13249N13249,"Schley County, GA",418,421,570,795,1010,GA,5010
13,NCNTY13251N13251,"Screven County, GA",423,426,576,765,770,GA,14593
13,NCNTY13253N13253,"Seminole County, GA",452,472,560,769,771,GA,8729
13,NCNTY13257N13257,"Stephens County, GA",487,491,664,916,1176,GA,26175
13,NCNTY13259N13259,"Stewart County, GA",360,376,446,620,675,GA,6058
13,NCNTY13261N13261,"Sumter County, GA",526,538,651,889,893,GA,32819
13,NCNTY13263N13263,"Talbot County, GA",492,495,670,834,1015,GA,6865
13,NCNTY13265N13265,"Taliaferro County, GA",426,429,551,686,834,GA,1717
13,NCNTY13267N13267,"Tattnall County, GA",393,410,486,673,683,GA,25520
13,NCNTY13269N13269,"Taylor County, GA",328,429,551,794,834,GA,8906
13,NCNTY13271N13271,"Telfair County, GA",395,398,538,670,767,GA,16500
13,NCNTY13275N13275,"Thomas County, GA",553,557,746,1041,1045,GA,44720
13,NCNTY13277N13277,"Tift County, GA",506,511,657,832,1078,GA,40118
13,NCNTY13279N13279,"Toombs County, GA",446,448,582,756,812,GA,27223
13,NCNTY13281N13281,"Towns County, GA",568,572,735,915,1055,GA,10471
13,NCNTY13283N13283,"Treutlen County, GA",388,390,502,625,671,GA,6885
13,NCNTY13285N13285,"Troup County, GA",634,651,785,1072,1076,GA,67044
13,NCNTY13287N13287,"Turner County, GA",398,401,538,670,953,GA,8930
13,NCNTY13291N13291,"Union County, GA",504,507,686,890,917,GA,21356
13,NCNTY13293N13293,"Upson County, GA",487,509,603,889,1068,GA,27153
13,NCNTY13299N13299,"Ware County, GA",432,484,655,816,875,GA,36312
13,NCNTY13301N13301,"Warren County, GA",422,427,522,769,772,GA,5834
13,NCNTY13303N13303,"Washington County, GA",490,511,606,792,1073,GA,21187
13,NCNTY13305N13305,"Wayne County, GA",446,449,607,759,811,GA,30099
13,NCNTY13307N13307,"Webster County, GA",328,330,424,528,642,GA,2799
13,NCNTY13309N13309,"Wheeler County, GA",354,356,458,660,778,GA,7421
13,NCNTY13311N13311,"White County, GA",583,587,794,1091,1202,GA,27144
13,NCNTY13315N13315,"Wilcox County, GA",371,374,506,630,869,GA,9255
13,NCNTY13317N13317,"Wilkes County, GA",382,385,508,749,900,GA,10593
13,NCNTY13319N13319,"Wilkinson County, GA",424,427,578,720,875,GA,9563
15,METRO26180M26180,"Honolulu, HI MSA",1276,1392,1833,2701,3100,HI,953207
15,NCNTY15001N15001,"Hawaii County, HI",739,931,1135,1530,1916,HI,185079
15,NCNTY15005N15005,"Kalawao County, HI",966,1074,1344,1780,2035,HI,90
15,NCNTY15007N15007,"Kauai County, HI",1336,1348,1824,2482,2940,HI,67091
15,NCNTY15009N15009,"Maui County, HI",982,1105,1427,1967,1974,HI,154834
16,METRO14260M14260,"Boise City-Nampa, ID HUD Metro FMR Area",455,608,764,1126,1251,ID,599842
16,METRO14260N16045,"Gem County, ID HUD Metro FMR Area",390,484,655,965,1160,ID,16719
16,METRO17660M17660,"Coeur d'Alene, ID MSA",503,599,758,1079,1330,ID,138494
16,METRO26820M26820,"Idaho Falls, ID MSA",448,529,716,1010,1268,ID,130374
16,METRO30300M30300,"Lewiston, ID-WA MSA",427,540,698,903,1236,ID,39265
16,METRO30860M30860,"Logan, UT-ID MSA",502,506,670,964,1176,ID,12786
16,METRO38540M38540,"Pocatello, ID MSA",364,459,612,902,1084,ID,90656
16,NCNTY16003N16003,"Adams County, ID",397,400,541,797,945,ID,3976
16,NCNTY16007N16007,"Bear Lake County, ID",474,477,646,952,1129,ID,5986
16,NCNTY16009N16009,"Benewah County, ID",494,520,617,828,1093,ID,9285
16,NCNTY16011N16011,"Bingham County, ID",491,512,613,903,906,ID,45607
16,NCNTY16013N16013,"Blaine County, ID",727,731,964,1345,1417,ID,21376
16,NCNTY16017N16017,"Bonner County, ID",530,641,760,1107,1346,ID,40877
16,NCNTY16021N16021,"Boundary County, ID",461,464,628,782,1097,ID,10972
16,NCNTY16023N16023,"Butte County, ID",395,398,520,755,909,ID,2891
16,NCNTY16025N16025,"Camas County, ID",526,529,671,927,1173,ID,1117
16,NCNTY16029N16029,"Caribou County, ID",457,460,583,816,1019,ID,6963
16,NCNTY16031N16031,"Cassia County, ID",334,417,562,828,995,ID,22952
16,NCNTY16033N16033,"Clark County, ID",390,393,498,734,870,ID,982
16,NCNTY16035N16035,"Clearwater County, ID",491,517,613,844,1071,ID,8761
16,NCNTY16037N16037,"Custer County, ID",576,580,785,1079,1372,ID,4368
16,NCNTY16039N16039,"Elmore County, ID",499,503,680,973,1204,ID,27038
16,NCNTY16043N16043,"Fremont County, ID",543,546,739,920,993,ID,13242
16,NCNTY16047N16047,"Gooding County, ID",484,487,625,879,1107,ID,15464
16,NCNTY16049N16049,"Idaho County, ID",445,448,586,821,1038,ID,16267
16,NCNTY16053N16053,"Jerome County, ID",431,503,654,953,974,ID,22374
16,NCNTY16057N16057,"Latah County, ID",541,545,698,1029,1236,ID,37244
16,NCNTY16059N16059,"Lemhi County, ID",469,494,586,864,1024,ID,7936
16,NCNTY16061N16061,"Lewis County, ID",534,541,661,974,977,ID,3821
16,NCNTY16063N16063,"Lincoln County, ID",504,531,629,854,1114,ID,5208
16,NCNTY16065N16065,"Madison County, ID",504,507,651,959,1153,ID,37536
16,NCNTY16067N16067,"Minidoka County, ID",444,468,555,818,874,ID,20069
16,NCNTY16071N16071,"Oneida County, ID",392,412,489,703,835,ID,4286
16,NCNTY16075N16075,"Payette County, ID",474,477,646,906,1091,ID,22623
16,NCNTY16079N16079,"Shoshone County, ID",507,566,695,895,988,ID,12765
16,NCNTY16081N16081,"Teton County, ID",615,648,768,1033,1360,ID,10170
16,NCNTY16083N16083,"Twin Falls County, ID",482,530,689,905,1175,ID,77230
16,NCNTY16085N16085,"Valley County, ID",490,592,702,1034,1243,ID,9862
16,NCNTY16087N16087,"Washington County, ID",418,421,570,840,996,ID,10198
17,METRO14060M14060,"Bloomington-Normal, IL MSA",539,584,769,1082,1308,IL,169572
17,METRO16020M16020,"Cape Girardeau-Jackson, MO-IL MSA",454,564,763,990,1206,IL,8238
17,METRO16580M16580,"Champaign-Urbana, IL MSA",553,693,844,1088,1465,IL,231891
17,METRO16980M16980,"Chicago-Joliet-Naperville, IL HUD Metro FMR Area",768,872,1034,1318,1537,IL,8316650
17,METRO16980MM2050,"DeKalb County, IL HUD Metro FMR Area",558,659,854,1211,1411,IL,105160
17,METRO16980MM3170,"Grundy County, IL HUD Metro FMR Area",577,717,970,1419,1424,IL,50063
17,METRO16980MM3780,"Kendall County, IL HUD Metro FMR Area",794,1001,1334,1966,2056,IL,114736
17,METRO19180M19180,"Danville, IL MSA",484,529,662,840,885,IL,81625
17,METRO19340M19340,"Davenport-Moline-Rock Island, IA-IL MSA",476,589,755,1018,1072,IL,214466
17,METRO19500M19500,"Decatur, IL MSA",405,517,674,938,1028,IL,110768
17,METRO28100M28100,"Kankakee-Bradley, IL MSA",489,620,819,1153,1390,IL,113449
17,METRO37900M37900,"Peoria, IL MSA",447,586,752,972,1167,IL,379186
17,METRO40420M40420,"Rockford, IL MSA",495,567,763,1041,1182,IL,349431
17,METRO41180M41180,"St. Louis, MO-IL HUD Metro FMR Area",579,686,885,1153,1308,IL,638131
17,METRO41180N17005,"Bond County, IL HUD Metro FMR Area",471,533,721,898,964,IL,17768
17,METRO41180N17117,"Macoupin County, IL HUD Metro FMR Area",416,482,636,925,1011,IL,47765
17,METRO44100M44100,"Springfield, IL MSA",468,579,737,964,1016,IL,210170
17,NCNTY17001N17001,"Adams County, IL",396,492,666,916,1070,IL,67103
17,NCNTY17009N17009,"Brown County, IL",366,455,615,766,903,IL,6937
17,NCNTY17011N17011,"Bureau County, IL",425,537,715,988,991,IL,34978
17,NCNTY17015N17015,"Carroll County, IL",428,477,645,803,862,IL,15387
17,NCNTY17017N17017,"Cass County, IL",520,523,708,882,999,IL,13642
17,NCNTY17021N17021,"Christian County, IL",486,489,662,824,1052,IL,34800
17,NCNTY17023N17023,"Clark County, IL",476,531,718,894,960,IL,16335
17,NCNTY17025N17025,"Clay County, IL",415,528,626,780,919,IL,13815
17,NCNTY17029N17029,"Coles County, IL",522,526,711,1048,1102,IL,53873
17,NCNTY17033N17033,"Crawford County, IL",403,512,607,881,884,IL,19817
17,NCNTY17035N17035,"Cumberland County, IL",380,482,572,775,778,IL,11048
17,NCNTY17039N17039,"De Witt County, IL",421,469,635,831,1013,IL,16561
17,NCNTY17041N17041,"Douglas County, IL",455,507,686,854,942,IL,19980
17,NCNTY17045N17045,"Edgar County, IL",443,446,599,824,1061,IL,18576
17,NCNTY17047N17047,"Edwards County, IL",356,431,536,668,787,IL,6721
17,NCNTY17049N17049,"Effingham County, IL",450,453,613,903,1054,IL,34242
17,NCNTY17051N17051,"Fayette County, IL",452,488,597,744,904,IL,22140
17,NCNTY17055N17055,"Franklin County, IL",361,448,606,755,1010,IL,39561
17,NCNTY17057N17057,"Fulton County, IL",516,519,668,855,1127,IL,37069
17,NCNTY17059N17059,"Gallatin County, IL",293,372,441,650,652,IL,5589
17,NCNTY17061N17061,"Greene County, IL",348,442,524,653,928,IL,13886
17,NCNTY17065N17065,"Hamilton County, IL",314,399,473,589,695,IL,8457
17,NCNTY17067N17067,"Hancock County, IL",359,483,603,751,806,IL,19104
17,NCNTY17069N17069,"Hardin County, IL",336,374,506,630,743,IL,4320
17,NCNTY17071N17071,"Henderson County, IL",383,477,577,720,771,IL,7331
17,NCNTY17075N17075,"Iroquois County, IL",501,505,678,937,1081,IL,29718
17,NCNTY17077N17077,"Jackson County, IL",452,544,736,974,1093,IL,60218
17,NCNTY17079N17079,"Jasper County, IL",323,411,487,718,824,IL,9698
17,NCNTY17081N17081,"Jefferson County, IL",481,501,631,850,1097,IL,38827
17,NCNTY17085N17085,"Jo Daviess County, IL",435,552,655,870,875,IL,22678
17,NCNTY17087N17087,"Johnson County, IL",398,506,600,747,933,IL,12582
17,NCNTY17095N17095,"Knox County, IL",388,483,653,813,1157,IL,52919
17,NCNTY17099N17099,"La Salle County, IL",464,577,780,1066,1070,IL,113924
17,NCNTY17101N17101,"Lawrence County, IL",431,450,533,785,788,IL,16833
17,NCNTY17103N17103,"Lee County, IL",513,516,662,938,941,IL,36031
17,NCNTY17105N17105,"Livingston County, IL",478,510,678,917,920,IL,38950
17,NCNTY17107N17107,"Logan County, IL",440,490,663,923,926,IL,30305
17,NCNTY17109N17109,"McDonough County, IL",475,590,798,1000,1200,IL,32612
17,NCNTY17121N17121,"Marion County, IL",415,477,626,891,894,IL,39437
17,NCNTY17125N17125,"Mason County, IL",426,475,642,800,1049,IL,14666
17,NCNTY17127N17127,"Massac County, IL",409,456,617,768,1093,IL,15429
17,NCNTY17135N17135,"Montgomery County, IL",432,549,651,811,1077,IL,30104
17,NCNTY17137N17137,"Morgan County, IL",399,495,670,834,895,IL,35547
17,NCNTY17139N17139,"Moultrie County, IL",386,490,581,815,849,IL,14846
17,NCNTY17141N17141,"Ogle County, IL",502,558,723,1030,1210,IL,53497
17,NCNTY17145N17145,"Perry County, IL",439,442,598,752,1010,IL,22350
17,NCNTY17149N17149,"Pike County, IL",403,463,549,719,960,IL,16430
17,NCNTY17151N17151,"Pope County, IL",255,324,384,566,568,IL,4470
17,NCNTY17153N17153,"Pulaski County, IL",371,471,559,696,747,IL,6161
17,NCNTY17155N17155,"Putnam County, IL",457,580,688,857,919,IL,6006
17,NCNTY17157N17157,"Randolph County, IL",426,478,642,866,981,IL,33476
17,NCNTY17159N17159,"Richland County, IL",386,430,582,831,834,IL,16233
17,NCNTY17165N17165,"Saline County, IL",447,450,609,876,1007,IL,24913
17,NCNTY17169N17169,"Schuyler County, IL",366,465,551,812,815,IL,7544
17,NCNTY17171N17171,"Scott County, IL",368,422,555,770,920,IL,5355
17,NCNTY17173N17173,"Shelby County, IL",436,486,657,818,974,IL,22363
17,NCNTY17177N17177,"Stephenson County, IL",453,504,682,849,1050,IL,47711
17,NCNTY17181N17181,"Union County, IL",423,471,637,842,851,IL,17808
17,NCNTY17185N17185,"Wabash County, IL",434,483,654,815,932,IL,11947
17,NCNTY17187N17187,"Warren County, IL",479,541,722,1057,1061,IL,17707
17,NCNTY17189N17189,"Washington County, IL",437,495,659,852,968,IL,14716
17,NCNTY17191N17191,"Wayne County, IL",369,469,556,754,817,IL,16760
17,NCNTY17193N17193,"White County, IL",364,466,552,691,756,IL,14665
17,NCNTY17195N17195,"Whiteside County, IL",512,551,705,878,975,IL,58498
17,NCNTY17199N17199,"Williamson County, IL",527,531,718,1014,1272,IL,66357
18,METRO11300M11300,"Anderson, IN MSA",434,528,714,953,1038,IN,131636
18,METRO14020MM1020,"Bloomington, IN HUD Metro FMR Area",585,638,797,1112,1412,IN,137974
18,METRO14020N18055,"Greene County, IN HUD Metro FMR Area",380,472,639,796,961,IN,33165
18,METRO14020N18119,"Owen County, IN HUD Metro FMR Area",466,499,642,823,1137,IN,21575
18,METRO16980MM2960,"Gary, IN HUD Metro FMR Area",499,674,839,1051,1121,IN,674592
18,METRO16980N18073,"Jasper County, IN HUD Metro FMR Area",532,536,725,903,969,IN,33478
18,METRO17140M17140,"Cincinnati-Middleton, OH-KY-IN HUD Metro FMR Area",477,597,793,1099,1209,IN,79262
18,METRO18020M18020,"Columbus, IN MSA",572,625,778,1023,1055,IN,76794
18,METRO21140M21140,"Elkhart-Goshen, IN MSA",471,585,762,987,1160,IN,197559
18,METRO21780M21780,"Evansville, IN-KY HUD Metro FMR Area",583,624,807,1028,1123,IN,265302
18,METRO21780N18051,"Gibson County, IN HUD Metro FMR Area",501,526,694,929,933,IN,33503
18,METRO23060M23060,"Fort Wayne, IN MSA",491,539,688,885,1004,IN,416257
18,METRO26900M26900,"Indianapolis, IN HUD Metro FMR Area",530,654,813,1084,1265,IN,1718278
18,METRO26900N18133,"Putnam County, IN HUD Metro FMR Area",557,567,690,1017,1167,IN,37963
18,METRO29020M29020,"Kokomo, IN MSA",493,511,692,927,1012,IN,98688
18,METRO29140M29140,"Lafayette, IN HUD Metro FMR Area",545,624,787,1030,1294,IN,181634
18,METRO29140N18015,"Carroll County, IN HUD Metro FMR Area",486,508,602,860,863,IN,20155
18,METRO31140M31140,"Louisville, KY-IN HUD Metro FMR Area",536,626,779,1078,1220,IN,224174
18,METRO31140N18175,"Washington County, IN HUD Metro FMR Area",414,489,602,847,850,IN,28262
18,METRO33140M33140,"Michigan City-La Porte, IN MSA",507,589,797,1055,1065,IN,111467
18,METRO34620M34620,"Muncie, IN MSA",474,527,680,892,1204,IN,117671
18,METRO43780M43780,"South Bend-Mishawaka, IN HUD Metro FMR Area",526,598,766,960,1024,IN,266931
18,METRO45460M45460,"Terre Haute, IN HUD Metro FMR Area",434,539,729,908,1065,IN,150950
18,METRO45460N18153,"Sullivan County, IN HUD Metro FMR Area",523,546,647,950,953,IN,21475
18,NCNTY18001N18001,"Adams County, IN",399,483,612,811,996,IN,34387
18,NCNTY18009N18009,"Blackford County, IN",368,418,565,704,999,IN,12766
18,NCNTY18017N18017,"Cass County, IN",404,458,619,771,1094,IN,38966
18,NCNTY18023N18023,"Clinton County, IN",423,526,711,907,1021,IN,33224
18,NCNTY18025N18025,"Crawford County, IN",412,467,632,787,897,IN,10713
18,NCNTY18027N18027,"Daviess County, IN",395,447,605,869,872,IN,31648
18,NCNTY18031N18031,"Decatur County, IN",406,505,683,863,913,IN,25740
18,NCNTY18033N18033,"DeKalb County, IN",409,493,642,914,1076,IN,42223
18,NCNTY18037N18037,"Dubois County, IN",421,486,645,950,961,IN,41889
18,NCNTY18041N18041,"Fayette County, IN",449,485,649,831,867,IN,24277
18,NCNTY18045N18045,"Fountain County, IN",388,502,595,842,845,IN,17240
18,NCNTY18049N18049,"Fulton County, IN",443,544,680,847,909,IN,20836
18,NCNTY18053N18053,"Grant County, IN",395,471,635,840,922,IN,70061
18,NCNTY18065N18065,"Henry County, IN",509,513,688,875,948,IN,49462
18,NCNTY18069N18069,"Huntington County, IN",413,499,665,853,889,IN,37124
18,NCNTY18071N18071,"Jackson County, IN",437,543,735,980,1132,IN,42376
18,NCNTY18075N18075,"Jay County, IN",350,414,537,747,787,IN,21253
18,NCNTY18077N18077,"Jefferson County, IN",405,527,681,930,970,IN,32428
18,NCNTY18079N18079,"Jennings County, IN",406,511,683,881,978,IN,28525
18,NCNTY18083N18083,"Knox County, IN",471,477,631,788,889,IN,38440
18,NCNTY18085N18085,"Kosciusko County, IN",460,527,706,914,1044,IN,77358
18,NCNTY18087N18087,"LaGrange County, IN",435,540,731,910,1001,IN,37128
18,NCNTY18093N18093,"Lawrence County, IN",384,499,646,856,924,IN,46134
18,NCNTY18099N18099,"Marshall County, IN",455,518,697,868,931,IN,47051
18,NCNTY18101N18101,"Martin County, IN",348,450,533,785,828,IN,10334
18,NCNTY18103N18103,"Miami County, IN",346,491,582,806,947,IN,36903
18,NCNTY18107N18107,"Montgomery County, IN",433,521,704,986,1004,IN,38124
18,NCNTY18113N18113,"Noble County, IN",421,511,671,836,1151,IN,47536
18,NCNTY18117N18117,"Orange County, IN",380,431,583,795,989,IN,19840
18,NCNTY18121N18121,"Parke County, IN",421,477,645,876,1142,IN,17339
18,NCNTY18123N18123,"Perry County, IN",359,415,551,782,796,IN,19338
18,NCNTY18125N18125,"Pike County, IN",376,486,576,849,957,IN,12845
18,NCNTY18131N18131,"Pulaski County, IN",346,433,582,756,778,IN,13402
18,NCNTY18135N18135,"Randolph County, IN",359,425,551,767,902,IN,26171
18,NCNTY18137N18137,"Ripley County, IN",440,547,740,922,1061,IN,28818
18,NCNTY18139N18139,"Rush County, IN",409,463,627,805,838,IN,17392
18,NCNTY18143N18143,"Scott County, IN",447,507,686,941,1044,IN,24181
18,NCNTY18147N18147,"Spencer County, IN",376,467,632,787,845,IN,20952
18,NCNTY18149N18149,"Starke County, IN",429,519,615,800,822,IN,23363
18,NCNTY18151N18151,"Steuben County, IN",451,512,691,861,964,IN,34185
18,NCNTY18155N18155,"Switzerland County, IN",410,464,628,925,975,IN,10613
18,NCNTY18161N18161,"Union County, IN",374,483,573,844,1015,IN,7516
18,NCNTY18169N18169,"Wabash County, IN",427,484,655,816,875,IN,32888
18,NCNTY18171N18171,"Warren County, IN",392,507,601,818,821,IN,8508
18,NCNTY18177N18177,"Wayne County, IN",485,505,645,852,959,IN,68917
18,NCNTY18181N18181,"White County, IN",429,555,658,894,898,IN,24643
19,METRO11180M11180,"Ames, IA MSA",516,604,753,1065,1246,IA,89542
19,METRO16300M16300,"Cedar Rapids, IA HUD Metro FMR Area",462,574,777,1052,1171,IA,211226
19,METRO16300N19011,"Benton County, IA HUD Metro FMR Area",458,509,629,817,1003,IA,26076
19,METRO16300N19105,"Jones County, IA HUD Metro FMR Area",393,488,660,909,1032,IA,20638
19,METRO19340M19340,"Davenport-Moline-Rock Island, IA-IL MSA",476,589,755,1018,1072,IA,165224
19,METRO19780M19780,"Des Moines-West Des Moines, IA MSA",531,638,791,1101,1173,IA,569633
19,METRO20220M20220,"Dubuque, IA MSA",422,523,678,909,1055,IA,93653
19,METRO26980MM3500,"Iowa City, IA HUD Metro FMR Area",592,709,903,1331,1599,IA,130882
19,METRO26980N19183,"Washington County, IA HUD Metro FMR Area",451,539,679,1001,1143,IA,21704
19,METRO36540M36540,"Omaha-Council Bluffs, NE-IA HUD Metro FMR Area",524,701,881,1181,1312,IA,123145
19,METRO43580M43580,"Sioux City, IA-NE-SD MSA",416,544,700,919,1033,IA,102172
19,METRO47940M47940,"Waterloo-Cedar Falls, IA HUD Metro FMR Area",463,537,674,895,1194,IA,143543
19,METRO47940N19017,"Bremer County, IA HUD Metro FMR Area",438,472,638,872,875,IA,24276
19,NCNTY19001N19001,"Adair County, IA",412,449,608,848,851,IA,7682
19,NCNTY19003N19003,"Adams County, IA",419,458,619,771,855,IA,4029
19,NCNTY19005N19005,"Allamakee County, IA",369,459,544,802,832,IA,14330
19,NCNTY19007N19007,"Appanoose County, IA",420,424,573,726,766,IA,12887
19,NCNTY19009N19009,"Audubon County, IA",316,376,467,582,771,IA,6119
19,NCNTY19015N19015,"Boone County, IA",405,503,680,892,1056,IA,26306
19,NCNTY19019N19019,"Buchanan County, IA",454,457,608,788,987,IA,20958
19,NCNTY19021N19021,"Buena Vista County, IA",417,485,616,776,896,IA,20260
19,NCNTY19023N19023,"Butler County, IA",322,401,475,700,725,IA,14867
19,NCNTY19025N19025,"Calhoun County, IA",347,392,512,693,696,IA,9670
19,NCNTY19027N19027,"Carroll County, IA",449,452,568,707,811,IA,20816
19,NCNTY19029N19029,"Cass County, IA",377,462,565,765,813,IA,13956
19,NCNTY19031N19031,"Cedar County, IA",447,488,660,854,931,IA,18499
19,NCNTY19033N19033,"Cerro Gordo County, IA",401,498,674,881,901,IA,44151
19,NCNTY19035N19035,"Cherokee County, IA",354,392,523,651,699,IA,12072
19,NCNTY19037N19037,"Chickasaw County, IA",327,391,482,710,713,IA,12439
19,NCNTY19039N19039,"Clarke County, IA",397,433,586,730,1038,IA,9286
19,NCNTY19041N19041,"Clay County, IA",383,418,566,764,918,IA,16667
19,NCNTY19043N19043,"Clayton County, IA",367,437,518,730,837,IA,18129
19,NCNTY19045N19045,"Clinton County, IA",381,492,616,781,980,IA,49116
19,NCNTY19047N19047,"Crawford County, IA",356,443,525,677,930,IA,17096
19,NCNTY19051N19051,"Davis County, IA",406,480,599,746,827,IA,8753
19,NCNTY19053N19053,"Decatur County, IA",407,428,546,805,967,IA,8457
19,NCNTY19055N19055,"Delaware County, IA",418,423,517,752,770,IA,17764
19,NCNTY19057N19057,"Des Moines County, IA",526,529,716,892,963,IA,40325
19,NCNTY19059N19059,"Dickinson County, IA",396,432,585,823,830,IA,16667
19,NCNTY19063N19063,"Emmet County, IA",415,485,612,774,845,IA,10302
19,NCNTY19065N19065,"Fayette County, IA",339,458,545,700,737,IA,20880
19,NCNTY19067N19067,"Floyd County, IA",364,415,537,756,759,IA,16303
19,NCNTY19069N19069,"Franklin County, IA",385,387,524,731,896,IA,10680
19,NCNTY19071N19071,"Fremont County, IA",367,440,542,754,827,IA,7441
19,NCNTY19073N19073,"Greene County, IA",402,438,593,739,1050,IA,9336
19,NCNTY19079N19079,"Hamilton County, IA",434,473,640,797,1046,IA,15673
19,NCNTY19081N19081,"Hancock County, IA",409,446,603,751,877,IA,11341
19,NCNTY19083N19083,"Hardin County, IA",396,450,584,729,780,IA,17534
19,NCNTY19087N19087,"Henry County, IA",404,481,597,828,831,IA,20145
19,NCNTY19089N19089,"Howard County, IA",377,411,556,692,743,IA,9566
19,NCNTY19091N19091,"Humboldt County, IA",391,426,577,814,817,IA,9815
19,NCNTY19093N19093,"Ida County, IA",314,352,464,616,620,IA,7089
19,NCNTY19095N19095,"Iowa County, IA",371,432,548,808,941,IA,16355
19,NCNTY19097N19097,"Jackson County, IA",376,468,555,818,821,IA,19848
19,NCNTY19099N19099,"Jasper County, IA",381,490,640,812,898,IA,36842
19,NCNTY19101N19101,"Jefferson County, IA",459,506,678,844,906,IA,16843
19,NCNTY19107N19107,"Keokuk County, IA",384,431,567,789,792,IA,10511
19,NCNTY19109N19109,"Kossuth County, IA",354,387,523,695,732,IA,15543
19,NCNTY19111N19111,"Lee County, IA",425,463,627,860,863,IA,35862
19,NCNTY19115N19115,"Louisa County, IA",432,477,638,795,985,IA,11387
19,NCNTY19117N19117,"Lucas County, IA",354,386,522,686,877,IA,8898
19,NCNTY19119N19119,"Lyon County, IA",375,461,553,689,947,IA,11581
19,NCNTY19123N19123,"Mahaska County, IA",465,468,603,771,927,IA,22381
19,NCNTY19125N19125,"Marion County, IA",583,594,722,899,1279,IA,33309
19,NCNTY19127N19127,"Marshall County, IA",451,523,643,830,914,IA,40648
19,NCNTY19131N19131,"Mitchell County, IA",357,444,527,777,779,IA,10776
19,NCNTY19133N19133,"Monona County, IA",397,433,586,783,786,IA,9243
19,NCNTY19135N19135,"Monroe County, IA",392,427,578,720,798,IA,7970
19,NCNTY19137N19137,"Montgomery County, IA",443,446,603,877,880,IA,10740
19,NCNTY19139N19139,"Muscatine County, IA",467,510,690,946,1023,IA,42745
19,NCNTY19141N19141,"O'Brien County, IA",378,415,510,739,741,IA,14398
19,NCNTY19143N19143,"Osceola County, IA",412,496,608,757,813,IA,6462
19,NCNTY19145N19145,"Page County, IA",388,447,572,779,782,IA,15932
19,NCNTY19147N19147,"Palo Alto County, IA",308,382,455,670,806,IA,9421
19,NCNTY19149N19149,"Plymouth County, IA",423,496,624,864,868,IA,24986
19,NCNTY19151N19151,"Pocahontas County, IA",327,375,483,602,855,IA,7310
19,NCNTY19157N19157,"Poweshiek County, IA",428,506,632,830,880,IA,18914
19,NCNTY19159N19159,"Ringgold County, IA",373,447,551,691,836,IA,5131
19,NCNTY19161N19161,"Sac County, IA",323,404,540,699,722,IA,10350
19,NCNTY19165N19165,"Shelby County, IA",424,483,626,811,941,IA,12167
19,NCNTY19167N19167,"Sioux County, IA",396,461,584,801,804,IA,33704
19,NCNTY19171N19171,"Tama County, IA",423,461,624,781,912,IA,17767
19,NCNTY19173N19173,"Taylor County, IA",331,412,488,719,722,IA,6317
19,NCNTY19175N19175,"Union County, IA",409,450,604,810,986,IA,12534
19,NCNTY19177N19177,"Van Buren County, IA",343,428,507,712,715,IA,7570
19,NCNTY19179N19179,"Wapello County, IA",438,517,679,867,907,IA,35625
19,NCNTY19185N19185,"Wayne County, IA",335,365,494,728,730,IA,6403
19,NCNTY19187N19187,"Webster County, IA",471,474,585,832,867,IA,38013
19,NCNTY19189N19189,"Winnebago County, IA",336,394,496,731,759,IA,10866
19,NCNTY19191N19191,"Winneshiek County, IA",407,409,554,724,981,IA,21056
19,NCNTY19195N19195,"Worth County, IA",388,494,586,742,783,IA,7598
19,NCNTY19197N19197,"Wright County, IA",381,444,563,701,752,IA,13229
20,METRO28140M28140,"Kansas City, MO-KS HUD Metro FMR Area",525,676,838,1149,1279,KS,820354
20,METRO28140N20059,"Franklin County, KS HUD Metro FMR Area",466,577,781,973,1242,KS,25992
20,METRO29940M29940,"Lawrence, KS MSA",556,702,910,1333,1464,KS,110826
20,METRO31740M31740,"Manhattan, KS MSA",672,676,889,1281,1575,KS,127081
20,METRO41140M41140,"St. Joseph, MO-KS MSA",466,504,673,863,1063,KS,7945
20,METRO45820M45820,"Topeka, KS MSA",440,558,740,1045,1269,KS,233870
20,METRO48620M48620,"Wichita, KS HUD Metro FMR Area",454,562,747,1030,1136,KS,598929
20,METRO48620N20191,"Sumner County, KS HUD Metro FMR Area",474,477,645,858,1142,KS,24132
20,NCNTY20001N20001,"Allen County, KS",335,434,515,709,712,KS,13371
20,NCNTY20003N20003,"Anderson County, KS",344,398,530,781,939,KS,8102
20,NCNTY20005N20005,"Atchison County, KS",358,450,601,886,889,KS,16924
20,NCNTY20007N20007,"Barber County, KS",365,415,562,739,817,KS,4861
20,NCNTY20009N20009,"Barton County, KS",440,459,545,720,937,KS,27674
20,NCNTY20011N20011,"Bourbon County, KS",400,462,625,778,1016,KS,15173
20,NCNTY20013N20013,"Brown County, KS",356,405,548,751,754,KS,9984
20,NCNTY20017N20017,"Chase County, KS",334,384,514,730,732,KS,2790
20,NCNTY20019N20019,"Chautauqua County, KS",372,482,572,802,832,KS,3669
20,NCNTY20021N20021,"Cherokee County, KS",389,442,598,811,962,KS,21603
20,NCNTY20023N20023,"Cheyenne County, KS",357,406,549,684,734,KS,2726
20,NCNTY20025N20025,"Clark County, KS",331,421,510,663,903,KS,2215
20,NCNTY20027N20027,"Clay County, KS",553,557,753,938,1006,KS,8535
20,NCNTY20029N20029,"Cloud County, KS",327,384,503,741,744,KS,9533
20,NCNTY20031N20031,"Coffey County, KS",351,399,540,730,733,KS,8601
20,NCNTY20033N20033,"Comanche County, KS",267,347,411,535,598,KS,1891
20,NCNTY20035N20035,"Cowley County, KS",404,475,622,831,834,KS,36311
20,NCNTY20037N20037,"Crawford County, KS",413,493,636,937,1113,KS,39134
20,NCNTY20039N20039,"Decatur County, KS",305,349,470,585,683,KS,2961
20,NCNTY20041N20041,"Dickinson County, KS",369,434,568,784,1006,KS,19754
20,NCNTY20047N20047,"Edwards County, KS",427,486,657,818,1099,KS,3037
20,NCNTY20049N20049,"Elk County, KS",276,358,425,626,628,KS,2882
20,NCNTY20051N20051,"Ellis County, KS",477,495,670,934,1010,KS,28452
20,NCNTY20053N20053,"Ellsworth County, KS",353,423,543,696,790,KS,6497
20,NCNTY20055N20055,"Finney County, KS",414,497,637,805,1079,KS,36776
20,NCNTY20057N20057,"Ford County, KS",497,533,662,844,1020,KS,33848
20,NCNTY20063N20063,"Gove County, KS",327,424,503,639,731,KS,2695
20,NCNTY20065N20065,"Graham County, KS",249,323,383,564,566,KS,2597
20,NCNTY20067N20067,"Grant County, KS",309,353,475,683,691,KS,7829
20,NCNTY20069N20069,"Gray County, KS",379,476,583,781,784,KS,6006
20,NCNTY20071N20071,"Greeley County, KS",303,346,466,580,636,KS,1247
20,NCNTY20073N20073,"Greenwood County, KS",323,391,497,694,808,KS,6689
20,NCNTY20075N20075,"Hamilton County, KS",451,516,694,864,1009,KS,2690
20,NCNTY20077N20077,"Harper County, KS",352,411,542,799,954,KS,6034
20,NCNTY20081N20081,"Haskell County, KS",413,470,636,792,994,KS,4256
20,NCNTY20083N20083,"Hodgeman County, KS",324,368,498,620,724,KS,1916
20,NCNTY20089N20089,"Jewell County, KS",380,493,585,798,835,KS,3077
20,NCNTY20093N20093,"Kearny County, KS",326,372,501,721,729,KS,3977
20,NCNTY20095N20095,"Kingman County, KS",344,447,530,660,900,KS,7858
20,NCNTY20097N20097,"Kiowa County, KS",265,344,408,601,603,KS,2553
20,NCNTY20099N20099,"Labette County, KS",392,446,604,752,807,KS,21607
20,NCNTY20101N20101,"Lane County, KS",433,496,667,831,970,KS,1750
20,NCNTY20105N20105,"Lincoln County, KS",434,545,668,832,893,KS,3241
20,NCNTY20109N20109,"Logan County, KS",357,407,550,685,735,KS,2756
20,NCNTY20111N20111,"Lyon County, KS",374,464,628,849,852,KS,33690
20,NCNTY20113N20113,"McPherson County, KS",421,479,648,807,866,KS,29180
20,NCNTY20115N20115,"Marion County, KS",370,421,570,710,762,KS,12660
20,NCNTY20117N20117,"Marshall County, KS",419,422,541,721,891,KS,10117
20,NCNTY20119N20119,"Meade County, KS",368,419,567,706,758,KS,4575
20,NCNTY20123N20123,"Mitchell County, KS",306,397,471,694,715,KS,6373
20,NCNTY20125N20125,"Montgomery County, KS",476,479,596,803,939,KS,35471
20,NCNTY20127N20127,"Morris County, KS",352,436,541,679,787,KS,5923
20,NCNTY20129N20129,"Morton County, KS",376,448,579,721,774,KS,3233
20,NCNTY20131N20131,"Nemaha County, KS",364,437,560,825,828,KS,10178
20,NCNTY20133N20133,"Neosho County, KS",340,387,523,694,699,KS,16512
20,NCNTY20135N20135,"Ness County, KS",375,487,577,719,900,KS,3107
20,NCNTY20137N20137,"Norton County, KS",349,453,537,768,781,KS,5671
20,NCNTY20141N20141,"Osborne County, KS",309,401,475,693,696,KS,3858
20,NCNTY20143N20143,"Ottawa County, KS",353,450,544,802,964,KS,6091
20,NCNTY20145N20145,"Pawnee County, KS",421,479,648,807,866,KS,6973
20,NCNTY20147N20147,"Phillips County, KS",303,363,467,680,784,KS,5642
20,NCNTY20151N20151,"Pratt County, KS",435,494,669,833,894,KS,9656
20,NCNTY20153N20153,"Rawlins County, KS",402,458,619,771,900,KS,2519
20,NCNTY20155N20155,"Reno County, KS",426,479,648,911,970,KS,64511
20,NCNTY20157N20157,"Republic County, KS",333,378,512,638,684,KS,4980
20,NCNTY20159N20159,"Rice County, KS",385,451,592,801,905,KS,10083
20,NCNTY20163N20163,"Rooks County, KS",338,434,520,648,695,KS,5181
20,NCNTY20165N20165,"Rush County, KS",307,398,472,637,686,KS,3307
20,NCNTY20167N20167,"Russell County, KS",397,452,611,797,914,KS,6970
20,NCNTY20169N20169,"Saline County, KS",515,525,670,866,1023,KS,55606
20,NCNTY20171N20171,"Scott County, KS",369,422,568,837,840,KS,4936
20,NCNTY20175N20175,"Seward County, KS",453,571,697,878,1033,KS,22952
20,NCNTY20179N20179,"Sheridan County, KS",389,442,598,745,799,KS,2556
20,NCNTY20181N20181,"Sherman County, KS",394,451,606,808,1073,KS,6010
20,NCNTY20183N20183,"Smith County, KS",300,368,462,681,683,KS,3853
20,NCNTY20185N20185,"Stafford County, KS",334,391,514,640,687,KS,4437
20,NCNTY20187N20187,"Stanton County, KS",332,380,511,690,727,KS,2235
20,NCNTY20189N20189,"Stevens County, KS",480,545,738,919,1073,KS,5724
20,NCNTY20193N20193,"Thomas County, KS",324,421,499,716,884,KS,7900
20,NCNTY20195N20195,"Trego County, KS",527,599,811,1195,1199,KS,3001
20,NCNTY20199N20199,"Wallace County, KS",285,326,439,547,638,KS,1485
20,NCNTY20201N20201,"Washington County, KS",436,439,594,740,794,KS,5799
20,NCNTY20203N20203,"Wichita County, KS",404,470,622,775,904,KS,2234
20,NCNTY20205N20205,"Wilson County, KS",372,423,572,776,1013,KS,9409
20,NCNTY20207N20207,"Woodson County, KS",308,350,474,698,701,KS,3309
21,METRO14540M14540,"Bowling Green, KY MSA",522,539,711,903,1092,KY,125953
21,METRO17140M17140,"Cincinnati-Middleton, OH-KY-IN HUD Metro FMR Area",477,597,793,1099,1209,KY,400821
21,METRO17140MM3020,"Grant County, KY HUD Metro FMR Area",447,550,744,927,994,KY,24662
21,METRO17300M17300,"Clarksville, TN-KY HUD Metro FMR Area",498,567,740,980,1063,KY,88294
21,METRO21060M21060,"Elizabethtown, KY MSA",522,525,693,1021,1227,KY,119736
21,METRO21780M21780,"Evansville, IN-KY HUD Metro FMR Area",583,624,807,1028,1123,KY,59871
21,METRO26580M26580,"Huntington-Ashland, WV-KY-OH MSA",400,548,673,889,1092,KY,86452
21,METRO30460M30460,"Lexington-Fayette, KY MSA",487,569,745,1061,1188,KY,472099
21,METRO31140M31140,"Louisville, KY-IN HUD Metro FMR Area",536,626,779,1078,1220,KY,917017
21,METRO31140N21163,"Meade County, KY HUD Metro FMR Area",483,519,702,995,999,KY,28602
21,METRO31140N21179,"Nelson County, KY HUD Metro FMR Area",444,512,646,952,969,KY,43437
21,METRO31140N21211,"Shelby County, KY HUD Metro FMR Area",559,563,762,1024,1202,KY,42074
21,METRO36980M36980,"Owensboro, KY MSA",480,498,674,872,959,KY,114752
21,NCNTY21001N21001,"Adair County, KY",366,368,498,734,736,KY,18656
21,NCNTY21003N21003,"Allen County, KY",471,529,627,924,927,KY,19956
21,NCNTY21005N21005,"Anderson County, KY",579,583,732,912,1060,KY,21421
21,NCNTY21007N21007,"Ballard County, KY",456,459,621,852,1016,KY,8249
21,NCNTY21009N21009,"Barren County, KY",445,448,606,849,958,KY,42173
21,NCNTY21011N21011,"Bath County, KY",375,420,499,735,738,KY,11591
21,NCNTY21013N21013,"Bell County, KY",323,420,525,737,740,KY,28691
21,NCNTY21021N21021,"Boyle County, KY",483,486,658,914,1165,KY,28432
21,NCNTY21025N21025,"Breathitt County, KY",352,396,469,584,652,KY,13878
21,NCNTY21027N21027,"Breckinridge County, KY",419,453,557,821,824,KY,20059
21,NCNTY21031N21031,"Butler County, KY",397,445,528,778,935,KY,12690
21,NCNTY21033N21033,"Caldwell County, KY",446,500,593,837,840,KY,12984
21,NCNTY21035N21035,"Calloway County, KY",484,544,654,934,937,KY,37191
21,NCNTY21039N21039,"Carlisle County, KY",449,504,598,745,799,KY,5104
21,NCNTY21041N21041,"Carroll County, KY",490,550,652,961,1100,KY,10811
21,NCNTY21043N21043,"Carter County, KY",415,466,552,771,978,KY,27720
21,NCNTY21045N21045,"Casey County, KY",363,366,495,674,694,KY,15955
21,NCNTY21051N21051,"Clay County, KY",355,399,473,697,838,KY,21730
21,NCNTY21053N21053,"Clinton County, KY",340,409,516,727,914,KY,10272
21,NCNTY21055N21055,"Crittenden County, KY",316,354,420,601,603,KY,9315
21,NCNTY21057N21057,"Cumberland County, KY",379,406,504,743,745,KY,6856
21,NCNTY21063N21063,"Elliott County, KY",386,407,514,640,720,KY,7852
21,NCNTY21065N21065,"Estill County, KY",447,465,595,741,1009,KY,14672
21,NCNTY21069N21069,"Fleming County, KY",388,435,516,760,763,KY,14348
21,NCNTY21071N21071,"Floyd County, KY",440,489,586,739,1038,KY,39451
21,NCNTY21073N21073,"Franklin County, KY",433,574,703,1036,1039,KY,49285
21,NCNTY21075N21075,"Fulton County, KY",363,407,483,712,714,KY,6813
21,NCNTY21079N21079,"Garrard County, KY",453,509,603,842,845,KY,16912
21,NCNTY21083N21083,"Graves County, KY",480,483,640,797,941,KY,37121
21,NCNTY21085N21085,"Grayson County, KY",434,443,578,813,885,KY,25746
21,NCNTY21087N21087,"Green County, KY",413,463,549,753,756,KY,11258
21,NCNTY21095N21095,"Harlan County, KY",416,434,515,701,768,KY,29278
21,NCNTY21097N21097,"Harrison County, KY",385,478,647,806,976,KY,18846
21,NCNTY21099N21099,"Hart County, KY",392,395,534,665,714,KY,18199
21,NCNTY21105N21105,"Hickman County, KY",374,394,497,619,664,KY,4902
21,NCNTY21107N21107,"Hopkins County, KY",471,474,597,880,1023,KY,46920
21,NCNTY21109N21109,"Jackson County, KY",497,558,661,845,926,KY,13494
21,NCNTY21115N21115,"Johnson County, KY",428,431,583,755,779,KY,23356
21,NCNTY21119N21119,"Knott County, KY",377,379,513,730,733,KY,16346
21,NCNTY21121N21121,"Knox County, KY",398,401,542,781,784,KY,31883
21,NCNTY21125N21125,"Laurel County, KY",443,497,589,779,1043,KY,58849
21,NCNTY21127N21127,"Lawrence County, KY",430,440,572,739,986,KY,15860
21,NCNTY21129N21129,"Lee County, KY",254,285,338,497,498,KY,7887
21,NCNTY21131N21131,"Leslie County, KY",482,485,656,817,877,KY,11310
21,NCNTY21133N21133,"Letcher County, KY",416,452,553,689,739,KY,24519
21,NCNTY21135N21135,"Lewis County, KY",463,466,631,833,843,KY,13870
21,NCNTY21137N21137,"Lincoln County, KY",464,467,632,821,858,KY,24742
21,NCNTY21139N21139,"Livingston County, KY",360,404,479,706,708,KY,9519
21,NCNTY21141N21141,"Logan County, KY",475,484,642,800,858,KY,26835
21,NCNTY21143N21143,"Lyon County, KY",441,444,601,749,842,KY,8314
21,NCNTY21145N21145,"McCracken County, KY",492,495,630,785,842,KY,65565
21,NCNTY21147N21147,"McCreary County, KY",327,367,435,598,610,KY,18306
21,NCNTY21151N21151,"Madison County, KY",495,499,649,919,1149,KY,82916
21,NCNTY21153N21153,"Magoffin County, KY",395,398,538,670,754,KY,13333
21,NCNTY21155N21155,"Marion County, KY",479,483,653,813,873,KY,19820
21,NCNTY21157N21157,"Marshall County, KY",492,531,719,922,961,KY,31448
21,NCNTY21159N21159,"Martin County, KY",342,384,455,656,806,KY,12929
21,NCNTY21161N21161,"Mason County, KY",449,452,611,862,865,KY,17490
21,NCNTY21165N21165,"Menifee County, KY",380,426,505,646,708,KY,6306
21,NCNTY21167N21167,"Mercer County, KY",491,497,654,886,1044,KY,21331
21,NCNTY21169N21169,"Metcalfe County, KY",440,443,599,746,840,KY,10099
21,NCNTY21171N21171,"Monroe County, KY",403,405,544,678,727,KY,10963
21,NCNTY21173N21173,"Montgomery County, KY",430,482,572,831,1013,KY,26499
21,NCNTY21175N21175,"Morgan County, KY",378,380,480,707,721,KY,13923
21,NCNTY21177N21177,"Muhlenberg County, KY",374,440,571,711,1011,KY,31499
21,NCNTY21181N21181,"Nicholas County, KY",457,460,622,892,1102,KY,7135
21,NCNTY21183N21183,"Ohio County, KY",391,394,525,743,930,KY,23842
21,NCNTY21187N21187,"Owen County, KY",438,441,597,774,1057,KY,10841
21,NCNTY21189N21189,"Owsley County, KY",274,288,364,477,510,KY,4755
21,NCNTY21193N21193,"Perry County, KY",409,459,544,678,727,KY,28712
21,NCNTY21195N21195,"Pike County, KY",428,431,583,751,779,KY,65024
21,NCNTY21197N21197,"Powell County, KY",444,447,605,865,877,KY,12613
21,NCNTY21199N21199,"Pulaski County, KY",458,461,594,824,928,KY,63063
21,NCNTY21201N21201,"Robertson County, KY",565,568,769,958,1078,KY,2282
21,NCNTY21203N21203,"Rockcastle County, KY",403,409,536,764,802,KY,17056
21,NCNTY21205N21205,"Rowan County, KY",378,486,596,742,935,KY,23333
21,NCNTY21207N21207,"Russell County, KY",327,394,533,706,891,KY,17565
21,NCNTY21213N21213,"Simpson County, KY",540,544,720,897,1009,KY,17327
21,NCNTY21217N21217,"Taylor County, KY",389,469,635,791,849,KY,24512
21,NCNTY21219N21219,"Todd County, KY",450,503,599,867,870,KY,12460
21,NCNTY21225N21225,"Union County, KY",439,450,550,759,771,KY,15007
21,NCNTY21229N21229,"Washington County, KY",425,477,565,766,769,KY,11717
21,NCNTY21231N21231,"Wayne County, KY",358,370,476,593,667,KY,20813
21,NCNTY21235N21235,"Whitley County, KY",451,454,614,829,1056,KY,35637
21,NCNTY21237N21237,"Wolfe County, KY",321,324,427,629,756,KY,7355
22,METRO10780M10780,"Alexandria, LA MSA",572,582,708,960,1101,LA,153922
22,METRO12940M12940,"Baton Rouge, LA HUD Metro FMR Area",591,721,859,1070,1233,LA,769097
22,METRO12940N22047,"Iberville Parish, LA HUD Metro FMR Area",474,509,689,931,1088,LA,33387
22,METRO26380M26380,"Houma-Bayou Cane-Thibodaux, LA MSA",520,599,811,1049,1436,LA,208178
22,METRO29180M29180,"Lafayette, LA MSA",527,703,833,1093,1351,LA,273738
22,METRO29340M29340,"Lake Charles, LA MSA",613,646,814,1085,1329,LA,199607
22,METRO33740M33740,"Monroe, LA MSA",557,561,740,922,989,LA,176441
22,METRO35380M35380,"New Orleans-Metairie-Kenner, LA MSA",678,803,994,1247,1510,LA,1167764
22,METRO43340M43340,"Shreveport-Bossier City, LA MSA",600,672,836,1041,1140,LA,398604
22,NCNTY22001N22001,"Acadia Parish, LA",485,488,629,845,848,LA,61773
22,NCNTY22003N22003,"Allen Parish, LA",516,549,656,928,931,LA,25764
22,NCNTY22007N22007,"Assumption Parish, LA",515,552,655,965,1000,LA,23421
22,NCNTY22009N22009,"Avoyelles Parish, LA",414,452,611,878,1061,LA,42073
22,NCNTY22011N22011,"Beauregard Parish, LA",560,574,693,925,1227,LA,35654
22,NCNTY22013N22013,"Bienville Parish, LA",382,410,486,716,732,LA,14353
22,NCNTY22021N22021,"Caldwell Parish, LA",374,401,476,701,797,LA,10132
22,NCNTY22025N22025,"Catahoula Parish, LA",384,408,488,719,786,LA,10407
22,NCNTY22027N22027,"Claiborne Parish, LA",492,528,626,922,1109,LA,17195
22,NCNTY22029N22029,"Concordia Parish, LA",414,417,564,831,834,LA,20822
22,NCNTY22035N22035,"East Carroll Parish, LA",437,439,559,696,988,LA,7759
22,NCNTY22039N22039,"Evangeline Parish, LA",426,429,580,767,788,LA,33984
22,NCNTY22041N22041,"Franklin Parish, LA",452,455,616,801,823,LA,20767
22,NCNTY22045N22045,"Iberia Parish, LA",526,529,716,892,957,LA,73240
22,NCNTY22049N22049,"Jackson Parish, LA",431,447,561,827,912,LA,16274
22,NCNTY22053N22053,"Jefferson Davis Parish, LA",578,621,736,1044,1047,LA,31594
22,NCNTY22059N22059,"La Salle Parish, LA",435,438,582,802,877,LA,14890
22,NCNTY22061N22061,"Lincoln Parish, LA",601,605,744,1032,1318,LA,46735
22,NCNTY22065N22065,"Madison Parish, LA",480,483,654,837,874,LA,12093
22,NCNTY22067N22067,"Morehouse Parish, LA",515,518,693,863,1133,LA,27979
22,NCNTY22069N22069,"Natchitoches Parish, LA",561,585,694,923,939,LA,39566
22,NCNTY22081N22081,"Red River Parish, LA",391,420,498,734,750,LA,9091
22,NCNTY22083N22083,"Richland Parish, LA",471,475,642,874,905,LA,20725
22,NCNTY22085N22085,"Sabine Parish, LA",470,477,582,725,1031,LA,24233
22,NCNTY22093N22093,"St. James Parish, LA",509,546,647,953,1032,LA,22102
22,NCNTY22097N22097,"St. Landry Parish, LA",450,495,670,840,895,LA,83384
22,NCNTY22101N22101,"St. Mary Parish, LA",552,556,742,1042,1114,LA,54650
22,NCNTY22105N22105,"Tangipahoa Parish, LA",576,740,877,1108,1298,LA,121097
22,NCNTY22107N22107,"Tensas Parish, LA",438,441,596,742,796,LA,5252
22,NCNTY22113N22113,"Vermilion Parish, LA",518,556,659,962,1126,LA,57999
22,NCNTY22115N22115,"Vernon Parish, LA",534,661,894,1113,1195,LA,52334
22,NCNTY22117N22117,"Washington Parish, LA",485,489,661,823,1047,LA,47168
22,NCNTY22119N22119,"Webster Parish, LA",494,509,629,825,841,LA,41207
22,NCNTY22123N22123,"West Carroll Parish, LA",397,400,541,775,807,LA,11604
22,NCNTY22127N22127,"Winn Parish, LA",381,409,485,652,654,LA,15313
23,METRO12620MM0730,"Bangor, ME HUD Metro FMR Area",615,710,897,1117,1297,ME,93971
23,METRO12620N23019,"Penobscot County, ME (part) HUD Metro FMR Area",460,576,683,956,1105,ME,59952
23,METRO30340M30340,"Lewiston-Auburn, ME MSA",557,659,862,1086,1153,ME,107702
23,METRO38860MM6400,"Portland, ME HUD Metro FMR Area",719,856,1058,1400,1470,ME,259236
23,METRO38860MM6450,"York-Kittery-South Berwick, ME HUD Metro FMR Area",748,819,1077,1453,1458,ME,42689
23,METRO38860N23005,"Cumberland County, ME (part) HUD Metro FMR Area",556,700,928,1327,1581,ME,47090
23,METRO38860N23023,"Sagadahoc County, ME HUD Metro FMR Area",687,730,865,1121,1411,ME,35293
23,METRO38860N23031,"York County, ME (part) HUD Metro FMR Area",640,739,936,1271,1316,ME,129790
23,NCNTY23003N23003,"Aroostook County, ME",538,554,666,844,924,ME,71870
23,NCNTY23007N23007,"Franklin County, ME",585,611,724,902,1282,ME,30768
23,NCNTY23009N23009,"Hancock County, ME",634,717,913,1201,1220,ME,54418
23,NCNTY23011N23011,"Kennebec County, ME",541,626,801,1005,1070,ME,122151
23,NCNTY23013N23013,"Knox County, ME",743,748,922,1182,1232,ME,39730
23,NCNTY23015N23015,"Lincoln County, ME",557,743,937,1167,1252,ME,34457
23,NCNTY23017N23017,"Oxford County, ME",578,614,773,1043,1351,ME,57833
23,NCNTY23021N23021,"Piscataquis County, ME",524,591,701,909,961,ME,17535
23,NCNTY23025N23025,"Somerset County, ME",602,630,750,1020,1024,ME,52228
23,NCNTY23027N23027,"Waldo County, ME",576,690,818,1114,1185,ME,38786
23,NCNTY23029N23029,"Washington County, ME",562,618,736,938,1138,ME,32856
24,METRO12580M12580,"Baltimore-Towson, MD HUD Metro FMR Area",846,1000,1251,1598,1740,MD,2710489
24,METRO12580MM0721,"Columbia city, MD HUD Metro FMR Area",1116,1393,1658,2124,2330,MD,99615
24,METRO19060M19060,"Cumberland, MD-WV MSA",487,576,683,929,1060,MD,75087
24,METRO25180MM3180,"Hagerstown, MD HUD Metro FMR Area",562,683,884,1223,1241,MD,147430
24,METRO37980M37980,"Philadelphia-Camden-Wilmington, PA-NJ-DE-MD MSA",788,929,1119,1394,1496,MD,101108
24,METRO41540M41540,"Salisbury, MD HUD Metro FMR Area",578,718,972,1251,1379,MD,98733
24,METRO41540N24039,"Somerset County, MD HUD Metro FMR Area",449,637,755,949,1043,MD,26470
24,METRO47900M47900,"Washington-Arlington-Alexandria, DC-VA-MD HUD Metro FMR Area",1226,1292,1532,2050,2575,MD,2303870
24,NCNTY24011N24011,"Caroline County, MD",805,811,1097,1461,1640,MD,33066
24,NCNTY24019N24019,"Dorchester County, MD",752,788,968,1206,1294,MD,32618
24,NCNTY24023N24023,"Garrett County, MD",573,615,738,939,986,MD,30097
24,NCNTY24029N24029,"Kent County, MD",777,783,1059,1393,1876,MD,20197
24,NCNTY24037N24037,"St. Mary's County, MD",807,1011,1199,1743,2117,MD,105151
24,NCNTY24041N24041,"Talbot County, MD",969,976,1271,1583,2184,MD,37782
24,NCNTY24047N24047,"Worcester County, MD",743,850,1129,1406,1714,MD,51454
25,METRO12700M12700,"Barnstable Town, MA MSA",906,1010,1354,1771,1860,MA,215888
25,METRO14460MM1120,"Boston-Cambridge-Quincy, MA-NH HUD Metro FMR Area",1125,1256,1569,1954,2124,MA,3310883
25,METRO14460MM1200,"Brockton, MA HUD Metro FMR Area",905,911,1190,1518,1608,MA,246362
25,METRO14460MM4160,"Lawrence, MA-NH HUD Metro FMR Area",816,931,1195,1488,1597,MA,279244
25,METRO14460MM4560,"Lowell, MA HUD Metro FMR Area",812,935,1201,1496,1761,MA,297547
25,METRO38340M38340,"Pittsfield, MA HUD Metro FMR Area",568,730,866,1079,1216,MA,82726
25,METRO38340N25003,"Berkshire County, MA (part) HUD Metro FMR Area",691,722,856,1085,1322,MA,48493
25,METRO39300M39300,"Providence-Fall River, RI-MA HUD Metro FMR Area",727,820,1001,1247,1492,MA,236054
25,METRO39300MM1120,"Taunton-Mansfield-Norton, MA HUD Metro FMR Area",884,934,1214,1512,1622,MA,111586
25,METRO39300MM1200,"Easton-Raynham, MA HUD Metro FMR Area",957,1054,1334,1901,1908,MA,36495
25,METRO39300MM5400,"New Bedford, MA HUD Metro FMR Area",739,782,927,1155,1239,MA,164150
25,METRO44140M44140,"Springfield, MA HUD Metro FMR Area",662,793,992,1239,1411,MA,625254
25,METRO44140N25011,"Franklin County, MA (part) HUD Metro FMR Area",710,766,970,1255,1529,MA,67688
25,METRO49340M49340,"Worcester, MA HUD Metro FMR Area",668,816,1027,1279,1398,MA,534614
25,METRO49340MM1120,"Eastern Worcester County, MA HUD Metro FMR Area",799,908,1228,1529,1641,MA,91612
25,METRO49340MM2600,"Fitchburg-Leominster, MA HUD Metro FMR Area",580,788,975,1214,1444,MA,143062
25,METRO49340N25027,"Western Worcester County, MA HUD Metro FMR Area",547,708,840,1089,1488,MA,29264
25,NCNTY25007N25007,"Dukes County, MA",899,1117,1511,1963,2019,MA,16535
25,NCNTY25019N25019,"Nantucket County, MA",1190,1478,2000,2807,2817,MA,10172
26,METRO11460M11460,"Ann Arbor, MI MSA",675,814,965,1319,1709,MI,344791
26,METRO12980M12980,"Battle Creek, MI MSA",481,628,792,999,1108,MI,136146
26,METRO13020M13020,"Bay City, MI MSA",404,531,679,905,1071,MI,107771
26,METRO19820M19820,"Detroit-Warren-Livonia, MI HUD Metro FMR Area",530,674,879,1172,1281,MI,4115283
26,METRO19820MM0440,"Livingston County, MI HUD Metro FMR Area",518,725,859,1244,1494,MI,180967
26,METRO22420M22420,"Flint, MI MSA",452,584,759,991,1119,MI,425790
26,METRO24340M24340,"Grand Rapids-Wyoming, MI HUD Metro FMR Area",551,625,783,1093,1229,MI,602622
26,METRO24340N26015,"Barry County, MI HUD Metro FMR Area",529,555,751,984,1049,MI,59173
26,METRO24340N26067,"Ionia County, MI HUD Metro FMR Area",574,578,763,1028,1110,MI,63905
26,METRO24340N26123,"Newaygo County, MI HUD Metro FMR Area",512,516,658,864,1065,MI,48460
26,METRO26100M26100,"Holland-Grand Haven, MI MSA",606,633,750,1036,1107,MI,263801
26,METRO27100M27100,"Jackson, MI MSA",502,583,757,1041,1045,MI,160248
26,METRO28020M28020,"Kalamazoo-Portage, MI MSA",488,592,753,991,1206,MI,326589
26,METRO29620M29620,"Lansing-East Lansing, MI MSA",539,686,854,1135,1376,MI,464036
26,METRO33780M33780,"Monroe, MI MSA",478,598,803,1035,1224,MI,152021
26,METRO34740M34740,"Muskegon-Norton Shores, MI MSA",413,513,694,946,1083,MI,172188
26,METRO35660M35660,"Niles-Benton Harbor, MI MSA",484,550,718,965,1124,MI,156813
26,METRO40980M40980,"Saginaw-Saginaw Township North, MI MSA",426,566,711,947,1091,MI,200169
26,METRO43780N26027,"Cass County, MI HUD Metro FMR Area",523,527,690,991,995,MI,52293
26,NCNTY26001N26001,"Alcona County, MI",406,430,582,775,1031,MI,10942
26,NCNTY26003N26003,"Alger County, MI",470,498,674,839,1082,MI,9601
26,NCNTY26005N26005,"Allegan County, MI",601,611,744,967,1005,MI,111408
26,NCNTY26007N26007,"Alpena County, MI",361,457,564,831,985,MI,29598
26,NCNTY26009N26009,"Antrim County, MI",425,540,715,971,1221,MI,23580
26,NCNTY26011N26011,"Arenac County, MI",438,475,581,831,1029,MI,15899
26,NCNTY26013N26013,"Baraga County, MI",443,470,636,792,876,MI,8860
26,NCNTY26019N26019,"Benzie County, MI",573,598,709,1045,1256,MI,17525
26,NCNTY26023N26023,"Branch County, MI",527,530,674,921,924,MI,45248
26,NCNTY26029N26029,"Charlevoix County, MI",582,595,720,897,1138,MI,25949
26,NCNTY26031N26031,"Cheboygan County, MI",438,519,628,925,929,MI,26152
26,NCNTY26033N26033,"Chippewa County, MI",490,533,703,876,939,MI,38520
26,NCNTY26035N26035,"Clare County, MI",471,500,676,842,903,MI,30926
26,NCNTY26039N26039,"Crawford County, MI",510,541,732,926,1296,MI,14074
26,NCNTY26041N26041,"Delta County, MI",439,442,585,862,942,MI,37069
26,NCNTY26043N26043,"Dickinson County, MI",443,475,636,792,1126,MI,26168
26,NCNTY26047N26047,"Emmet County, MI",582,594,804,1028,1397,MI,32694
26,NCNTY26051N26051,"Gladwin County, MI",382,462,548,808,971,MI,25692
26,NCNTY26053N26053,"Gogebic County, MI",427,460,622,851,980,MI,16427
26,NCNTY26055N26055,"Grand Traverse County, MI",599,629,835,1118,1123,MI,86986
26,NCNTY26057N26057,"Gratiot County, MI",476,505,683,874,1094,MI,42476
26,NCNTY26059N26059,"Hillsdale County, MI",425,532,695,954,957,MI,46688
26,NCNTY26061N26061,"Houghton County, MI",483,493,667,831,951,MI,36628
26,NCNTY26063N26063,"Huron County, MI",406,482,582,847,909,MI,33118
26,NCNTY26069N26069,"Iosco County, MI",493,514,610,899,1080,MI,25887
26,NCNTY26071N26071,"Iron County, MI",451,460,622,794,831,MI,11817
26,NCNTY26073N26073,"Isabella County, MI",458,618,733,973,1191,MI,70311
26,NCNTY26079N26079,"Kalkaska County, MI",519,551,745,1029,1033,MI,17153
26,NCNTY26083N26083,"Keweenaw County, MI",406,430,582,858,861,MI,2156
26,NCNTY26085N26085,"Lake County, MI",457,484,655,900,1156,MI,11539
26,NCNTY26089N26089,"Leelanau County, MI",590,721,855,1065,1143,MI,21708
26,NCNTY26091N26091,"Lenawee County, MI",573,579,709,883,983,MI,99892
26,NCNTY26095N26095,"Luce County, MI",429,476,616,875,889,MI,6631
26,NCNTY26097N26097,"Mackinac County, MI",466,564,669,846,958,MI,11113
26,NCNTY26101N26101,"Manistee County, MI",489,519,702,887,938,MI,24733
26,NCNTY26103N26103,"Marquette County, MI",504,573,732,912,978,MI,67077
26,NCNTY26105N26105,"Mason County, MI",481,510,690,903,922,MI,28705
26,NCNTY26107N26107,"Mecosta County, MI",492,571,677,942,950,MI,42798
26,NCNTY26109N26109,"Menominee County, MI",404,441,580,768,896,MI,24029
26,NCNTY26111N26111,"Midland County, MI",566,570,740,1090,1199,MI,83629
26,NCNTY26113N26113,"Missaukee County, MI",471,570,676,954,957,MI,14849
26,NCNTY26117N26117,"Montcalm County, MI",513,545,687,973,1103,MI,63342
26,NCNTY26119N26119,"Montmorency County, MI",454,503,681,949,1206,MI,9765
26,NCNTY26127N26127,"Oceana County, MI",508,512,672,852,1094,MI,26570
26,NCNTY26129N26129,"Ogemaw County, MI",498,549,715,890,956,MI,21699
26,NCNTY26131N26131,"Ontonagon County, MI",435,438,558,739,799,MI,6780
26,NCNTY26133N26133,"Osceola County, MI",414,439,594,842,895,MI,23528
26,NCNTY26135N26135,"Oscoda County, MI",482,511,692,862,925,MI,8640
26,NCNTY26137N26137,"Otsego County, MI",494,523,708,997,1072,MI,24164
26,NCNTY26141N26141,"Presque Isle County, MI",408,450,585,826,1036,MI,13376
26,NCNTY26143N26143,"Roscommon County, MI",444,490,637,840,1009,MI,24449
26,NCNTY26149N26149,"St. Joseph County, MI",477,544,675,893,963,MI,61295
26,NCNTY26151N26151,"Sanilac County, MI",474,503,680,887,992,MI,43114
26,NCNTY26153N26153,"Schoolcraft County, MI",455,482,652,812,1155,MI,8485
26,NCNTY26155N26155,"Shiawassee County, MI",477,593,802,1008,1072,MI,70648
26,NCNTY26157N26157,"Tuscola County, MI",375,502,628,868,1031,MI,55729
26,NCNTY26165N26165,"Wexford County, MI",415,539,698,956,960,MI,32735
27,METRO20260M20260,"Duluth, MN-WI MSA",499,600,788,1027,1144,MN,235612
27,METRO22020M22020,"Fargo, ND-MN MSA",429,520,672,990,1171,MN,58999
27,METRO24220M24220,"Grand Forks, ND-MN MSA",446,543,727,984,1186,MN,31600
27,METRO29100M29100,"La Crosse, WI-MN MSA",441,552,741,1030,1254,MN,19027
27,METRO31860M31860,"Mankato-North Mankato, MN MSA",565,646,808,1109,1431,MN,96740
27,METRO33460M33460,"Minneapolis-St. Paul-Bloomington, MN-WI MSA",628,781,977,1376,1624,MN,3154469
27,METRO40340M40340,"Rochester, MN HUD Metro FMR Area",607,658,887,1188,1571,MN,164335
27,METRO40340N27157,"Wabasha County, MN HUD Metro FMR Area",542,545,680,1002,1065,MN,21676
27,METRO41060M41060,"St. Cloud, MN MSA",594,613,735,971,1302,MN,189093
27,NCNTY27001N27001,"Aitkin County, MN",510,590,700,1031,1240,MN,16202
27,NCNTY27005N27005,"Becker County, MN",435,525,653,862,873,MN,32504
27,NCNTY27007N27007,"Beltrami County, MN",446,526,691,954,986,MN,44442
27,NCNTY27011N27011,"Big Stone County, MN",378,478,568,707,759,MN,5269
27,NCNTY27015N27015,"Brown County, MN",391,496,588,732,786,MN,25893
27,NCNTY27021N27021,"Cass County, MN",529,567,745,928,1319,MN,28567
27,NCNTY27023N27023,"Chippewa County, MN",421,533,632,931,934,MN,12441
27,NCNTY27029N27029,"Clearwater County, MN",467,518,701,875,1232,MN,8695
27,NCNTY27031N27031,"Cook County, MN",563,597,800,1023,1165,MN,5176
27,NCNTY27033N27033,"Cottonwood County, MN",369,409,554,816,819,MN,11687
27,NCNTY27035N27035,"Crow Wing County, MN",443,549,743,1095,1099,MN,62500
27,NCNTY27041N27041,"Douglas County, MN",453,503,680,925,1143,MN,36009
27,NCNTY27043N27043,"Faribault County, MN",345,407,518,763,766,MN,14553
27,NCNTY27045N27045,"Fillmore County, MN",481,500,595,854,917,MN,20866
27,NCNTY27047N27047,"Freeborn County, MN",434,482,652,812,871,MN,31255
27,NCNTY27049N27049,"Goodhue County, MN",510,581,786,1147,1368,MN,46183
27,NCNTY27051N27051,"Grant County, MN",365,463,549,809,812,MN,6018
27,NCNTY27057N27057,"Hubbard County, MN",435,494,669,975,1132,MN,20428
27,NCNTY27061N27061,"Itasca County, MN",469,582,788,981,1053,MN,45058
27,NCNTY27063N27063,"Jackson County, MN",396,461,595,849,1002,MN,10266
27,NCNTY27065N27065,"Kanabec County, MN",538,597,808,1073,1080,MN,16239
27,NCNTY27067N27067,"Kandiyohi County, MN",497,500,673,842,1081,MN,42239
27,NCNTY27069N27069,"Kittson County, MN",332,421,499,699,771,MN,4552
27,NCNTY27071N27071,"Koochiching County, MN",431,479,648,807,943,MN,13311
27,NCNTY27073N27073,"Lac qui Parle County, MN",433,481,651,811,998,MN,7259
27,NCNTY27075N27075,"Lake County, MN",454,533,721,1024,1050,MN,10866
27,NCNTY27077N27077,"Lake of the Woods County, MN",504,560,757,943,1102,MN,4045
27,NCNTY27079N27079,"Le Sueur County, MN",496,551,745,931,1222,MN,27703
27,NCNTY27081N27081,"Lincoln County, MN",375,475,563,701,752,MN,5896
27,NCNTY27083N27083,"Lyon County, MN",476,480,634,934,937,MN,25857
27,NCNTY27085N27085,"McLeod County, MN",556,559,734,1011,1081,MN,36651
27,NCNTY27087N27087,"Mahnomen County, MN",528,587,794,989,1158,MN,5413
27,NCNTY27089N27089,"Marshall County, MN",459,468,587,811,814,MN,9439
27,NCNTY27091N27091,"Martin County, MN",410,509,689,858,1066,MN,20840
27,NCNTY27093N27093,"Meeker County, MN",480,666,806,1004,1077,MN,23300
27,NCNTY27095N27095,"Mille Lacs County, MN",443,573,745,928,996,MN,26097
27,NCNTY27097N27097,"Morrison County, MN",511,514,669,862,894,MN,33198
27,NCNTY27099N27099,"Mower County, MN",476,545,715,963,1169,MN,39163
27,NCNTY27101N27101,"Murray County, MN",383,486,576,717,1020,MN,8725
27,NCNTY27105N27105,"Nobles County, MN",511,533,632,931,1037,MN,21378
27,NCNTY27107N27107,"Norman County, MN",355,396,534,787,790,MN,6852
27,NCNTY27111N27111,"Otter Tail County, MN",410,491,616,880,904,MN,57303
27,NCNTY27113N27113,"Pennington County, MN",377,468,633,788,1121,MN,13930
27,NCNTY27115N27115,"Pine County, MN",506,590,760,996,1147,MN,29750
27,NCNTY27117N27117,"Pipestone County, MN",357,452,536,789,869,MN,9596
27,NCNTY27121N27121,"Pope County, MN",487,541,732,912,978,MN,10995
27,NCNTY27125N27125,"Red Lake County, MN",335,391,504,719,734,MN,4089
27,NCNTY27127N27127,"Redwood County, MN",399,443,599,806,1061,MN,16059
27,NCNTY27129N27129,"Renville County, MN",393,494,591,736,808,MN,15730
27,NCNTY27131N27131,"Rice County, MN",509,632,855,1240,1246,MN,64142
27,NCNTY27133N27133,"Rock County, MN",492,495,670,834,898,MN,9687
27,NCNTY27135N27135,"Roseau County, MN",431,479,648,807,965,MN,15629
27,NCNTY27143N27143,"Sibley County, MN",410,485,616,908,972,MN,15226
27,NCNTY27147N27147,"Steele County, MN",450,594,757,1043,1341,MN,36576
27,NCNTY27149N27149,"Stevens County, MN",542,545,684,852,914,MN,9726
27,NCNTY27151N27151,"Swift County, MN",355,395,534,787,946,MN,9783
27,NCNTY27153N27153,"Todd County, MN",409,455,615,889,945,MN,24895
27,NCNTY27155N27155,"Traverse County, MN",415,461,624,777,834,MN,3558
27,NCNTY27159N27159,"Wadena County, MN",409,515,614,809,1087,MN,13843
27,NCNTY27161N27161,"Waseca County, MN",460,511,691,1018,1224,MN,19136
27,NCNTY27165N27165,"Watonwan County, MN",449,502,675,995,998,MN,11211
27,NCNTY27167N27167,"Wilkin County, MN",373,422,560,753,815,MN,6576
27,NCNTY27169N27169,"Winona County, MN",491,569,740,977,1137,MN,51461
27,NCNTY27173N27173,"Yellow Medicine County, MN",379,428,569,837,989,MN,10438
28,METRO25060M25060,"Gulfport-Biloxi, MS MSA",742,765,919,1182,1259,MS,248820
28,METRO25620M25620,"Hattiesburg, MS MSA",551,581,745,998,1050,MS,142842
28,METRO27140M27140,"Jackson, MS HUD Metro FMR Area",517,720,869,1082,1189,MS,511554
28,METRO27140N28127,"Simpson County, MS HUD Metro FMR Area",367,520,617,774,825,MS,27503
28,METRO32820M32820,"Memphis, TN-MS-AR HUD Metro FMR Area",610,697,826,1129,1258,MS,161252
28,METRO32820N28093,"Marshall County, MS HUD Metro FMR Area",498,501,678,974,1201,MS,37144
28,METRO32820N28137,"Tate County, MS HUD Metro FMR Area",558,562,760,947,1315,MS,28886
28,METRO32820N28143,"Tunica County, MS HUD Metro FMR Area",552,573,775,965,1180,MS,10778
28,METRO37700M37700,"Pascagoula, MS MSA",644,648,813,1116,1125,MS,162246
28,NCNTY28001N28001,"Adams County, MS",438,542,643,843,1087,MS,32297
28,NCNTY28003N28003,"Alcorn County, MS",366,453,537,729,804,MS,37057
28,NCNTY28005N28005,"Amite County, MS",389,482,572,781,942,MS,13131
28,NCNTY28007N28007,"Attala County, MS",366,453,537,791,794,MS,19564
28,NCNTY28009N28009,"Benton County, MS",390,483,573,737,766,MS,8729
28,NCNTY28011N28011,"Bolivar County, MS",515,518,701,873,937,MS,34145
28,NCNTY28013N28013,"Calhoun County, MS",308,390,518,731,890,MS,14962
28,NCNTY28015N28015,"Carroll County, MS",558,675,820,1173,1178,MS,10597
28,NCNTY28017N28017,"Chickasaw County, MS",363,434,587,731,784,MS,17392
28,NCNTY28019N28019,"Choctaw County, MS",400,467,587,865,868,MS,8547
28,NCNTY28021N28021,"Claiborne County, MS",413,512,607,802,811,MS,9604
28,NCNTY28023N28023,"Clarke County, MS",399,494,586,864,866,MS,16732
28,NCNTY28025N28025,"Clay County, MS",462,502,679,846,907,MS,20634
28,NCNTY28027N28027,"Coahoma County, MS",389,552,654,815,874,MS,26151
28,NCNTY28031N28031,"Covington County, MS",381,460,559,824,973,MS,19568
28,NCNTY28037N28037,"Franklin County, MS",363,394,533,785,788,MS,8118
28,NCNTY28041N28041,"Greene County, MS",338,387,496,731,733,MS,14400
28,NCNTY28043N28043,"Grenada County, MS",418,513,614,774,821,MS,21906
28,NCNTY28051N28051,"Holmes County, MS",392,485,575,716,768,MS,19198
28,NCNTY28053N28053,"Humphreys County, MS",372,404,546,795,798,MS,9375
28,NCNTY28055N28055,"Issaquena County, MS",438,529,643,948,951,MS,1406
28,NCNTY28057N28057,"Itawamba County, MS",337,418,495,729,732,MS,23401
28,NCNTY28061N28061,"Jasper County, MS",345,428,507,747,819,MS,17062
28,NCNTY28063N28063,"Jefferson County, MS",346,375,508,686,689,MS,7726
28,NCNTY28065N28065,"Jefferson Davis County, MS",347,388,509,750,753,MS,12487
28,NCNTY28067N28067,"Jones County, MS",377,535,634,805,847,MS,67761
28,NCNTY28069N28069,"Kemper County, MS",416,452,611,761,817,MS,10456
28,NCNTY28071N28071,"Lafayette County, MS",575,664,844,1075,1128,MS,47351
28,NCNTY28075N28075,"Lauderdale County, MS",445,551,653,933,1157,MS,80261
28,NCNTY28077N28077,"Lawrence County, MS",421,521,618,771,1095,MS,12929
28,NCNTY28079N28079,"Leake County, MS",444,550,652,891,913,MS,23805
28,NCNTY28081N28081,"Lee County, MS",458,649,769,1046,1050,MS,82910
28,NCNTY28083N28083,"Leflore County, MS",468,479,579,721,784,MS,32317
28,NCNTY28085N28085,"Lincoln County, MS",414,454,614,808,991,MS,34869
28,NCNTY28087N28087,"Lowndes County, MS",433,556,659,922,925,MS,59779
28,NCNTY28091N28091,"Marion County, MS",456,526,669,833,908,MS,27088
28,NCNTY28095N28095,"Monroe County, MS",395,429,580,742,775,MS,36989
28,NCNTY28097N28097,"Montgomery County, MS",421,509,618,867,970,MS,10925
28,NCNTY28099N28099,"Neshoba County, MS",436,530,641,863,991,MS,29676
28,NCNTY28101N28101,"Newton County, MS",430,466,631,883,1118,MS,21720
28,NCNTY28103N28103,"Noxubee County, MS",316,391,464,684,686,MS,11545
28,NCNTY28105N28105,"Oktibbeha County, MS",555,582,695,996,1193,MS,47671
28,NCNTY28107N28107,"Panola County, MS",430,533,632,866,869,MS,34707
28,NCNTY28109N28109,"Pearl River County, MS",479,520,703,1029,1032,MS,55834
28,NCNTY28113N28113,"Pike County, MS",456,494,669,833,894,MS,40404
28,NCNTY28115N28115,"Pontotoc County, MS",433,470,636,859,1084,MS,29957
28,NCNTY28117N28117,"Prentiss County, MS",401,463,589,821,841,MS,25276
28,NCNTY28119N28119,"Quitman County, MS",386,547,648,807,866,MS,8223
28,NCNTY28123N28123,"Scott County, MS",402,527,675,842,1098,MS,28264
28,NCNTY28125N28125,"Sharkey County, MS",372,461,546,680,730,MS,4916
28,NCNTY28129N28129,"Smith County, MS",424,460,623,776,939,MS,16491
28,NCNTY28133N28133,"Sunflower County, MS",409,433,586,767,870,MS,29450
28,NCNTY28135N28135,"Tallahatchie County, MS",326,340,403,594,596,MS,15378
28,NCNTY28139N28139,"Tippah County, MS",404,500,593,788,881,MS,22232
28,NCNTY28141N28141,"Tishomingo County, MS",331,365,486,707,738,MS,19593
28,NCNTY28145N28145,"Union County, MS",409,506,600,884,1063,MS,27134
28,NCNTY28147N28147,"Walthall County, MS",522,630,766,954,1024,MS,15443
28,NCNTY28149N28149,"Warren County, MS",566,570,726,905,999,MS,48773
28,NCNTY28151N28151,"Washington County, MS",502,505,633,886,889,MS,51137
28,NCNTY28153N28153,"Wayne County, MS",384,417,564,705,999,MS,20747
28,NCNTY28155N28155,"Webster County, MS",436,455,540,796,956,MS,10253
28,NCNTY28157N28157,"Wilkinson County, MS",411,446,604,752,807,MS,9878
28,NCNTY28159N28159,"Winston County, MS",419,507,616,891,894,MS,19198
28,NCNTY28161N28161,"Yalobusha County, MS",417,516,612,902,1084,MS,12678
28,NCNTY28163N28163,"Yazoo County, MS",450,489,661,824,883,MS,28065
29,METRO16020M16020,"Cape Girardeau-Jackson, MO-IL MSA",454,564,763,990,1206,MO,88037
29,METRO17860M17860,"Columbia, MO MSA",567,582,750,1097,1327,MO,172786
29,METRO22220N29119,"McDonald County, MO HUD Metro FMR Area",430,433,581,856,880,MO,23083
29,METRO27620N29027,"Calloway County, MO HUD Metro FMR Area",496,500,676,906,986,MO,44332
29,METRO27620N29051,"Jefferson City, MO HUD Metro FMR Area",369,458,620,863,892,MO,89868
29,METRO27620N29135,"Moniteau County, MO HUD Metro FMR Area",401,498,674,862,983,MO,15607
29,METRO27900M27900,"Joplin, MO MSA",474,481,641,876,879,MO,175518
29,METRO28140M28140,"Kansas City, MO-KS HUD Metro FMR Area",525,676,838,1149,1279,MO,1171939
29,METRO28140N29013,"Bates County, MO HUD Metro FMR Area",427,503,681,916,920,MO,17049
29,METRO41140M41140,"St. Joseph, MO-KS MSA",466,504,673,863,1063,MO,119384
29,METRO41180M41180,"St. Louis, MO-IL HUD Metro FMR Area",579,686,885,1153,1308,MO,2085511
29,METRO41180N29221,"Washington County, MO HUD Metro FMR Area",451,471,558,778,825,MO,25195
29,METRO44180M44180,"Springfield, MO HUD Metro FMR Area",471,519,699,1030,1033,MO,388798
29,METRO44180N29059,"Dallas County, MO HUD Metro FMR Area",375,459,556,692,743,MO,16777
29,METRO44180N29167,"Polk County, MO HUD Metro FMR Area",422,458,620,884,1098,MO,31137
29,NCNTY29001N29001,"Adair County, MO",375,503,601,784,1064,MO,25607
29,NCNTY29005N29005,"Atchison County, MO",386,434,585,862,865,MO,5685
29,NCNTY29007N29007,"Audrain County, MO",433,485,656,896,1014,MO,25529
29,NCNTY29009N29009,"Barry County, MO",393,513,608,785,813,MO,35597
29,NCNTY29011N29011,"Barton County, MO",341,438,573,721,766,MO,12402
29,NCNTY29015N29015,"Benton County, MO",442,494,669,986,989,MO,19056
29,NCNTY29023N29023,"Butler County, MO",408,491,649,808,871,MO,42794
29,NCNTY29029N29029,"Camden County, MO",451,576,683,973,1210,MO,44002
29,NCNTY29033N29033,"Carroll County, MO",490,493,634,790,847,MO,9295
29,NCNTY29035N29035,"Carter County, MO",266,340,403,594,623,MO,6265
29,NCNTY29039N29039,"Cedar County, MO",401,449,608,854,940,MO,13982
29,NCNTY29041N29041,"Chariton County, MO",344,385,521,649,696,MO,7831
29,NCNTY29045N29045,"Clark County, MO",327,425,549,716,848,MO,7139
29,NCNTY29053N29053,"Cooper County, MO",400,463,606,893,968,MO,17601
29,NCNTY29055N29055,"Crawford County, MO",506,511,630,785,938,MO,24696
29,NCNTY29057N29057,"Dade County, MO",371,431,562,763,765,MO,7883
29,NCNTY29061N29061,"Daviess County, MO",373,423,565,833,873,MO,8433
29,NCNTY29065N29065,"Dent County, MO",402,458,609,862,865,MO,15657
29,NCNTY29067N29067,"Douglas County, MO",306,391,463,638,640,MO,13684
29,NCNTY29069N29069,"Dunklin County, MO",409,412,557,821,823,MO,31953
29,NCNTY29073N29073,"Gasconade County, MO",393,460,595,877,1021,MO,15222
29,NCNTY29075N29075,"Gentry County, MO",395,442,598,821,914,MO,6738
29,NCNTY29079N29079,"Grundy County, MO",342,437,522,769,861,MO,10261
29,NCNTY29081N29081,"Harrison County, MO",409,484,619,771,827,MO,8957
29,NCNTY29083N29083,"Henry County, MO",420,476,636,901,1107,MO,22272
29,NCNTY29085N29085,"Hickory County, MO",396,419,567,706,758,MO,9627
29,NCNTY29087N29087,"Holt County, MO",394,441,597,780,920,MO,4912
29,NCNTY29091N29091,"Howell County, MO",353,453,594,760,1052,MO,40400
29,NCNTY29093N29093,"Iron County, MO",347,444,526,701,932,MO,10630
29,NCNTY29101N29101,"Johnson County, MO",513,533,706,1040,1068,MO,52595
29,NCNTY29103N29103,"Knox County, MO",352,405,534,787,825,MO,4131
29,NCNTY29105N29105,"Laclede County, MO",400,511,606,836,970,MO,35571
29,NCNTY29109N29109,"Lawrence County, MO",492,496,649,922,1149,MO,38634
29,NCNTY29111N29111,"Lewis County, MO",460,463,627,813,969,MO,10211
29,NCNTY29115N29115,"Linn County, MO",432,435,588,790,793,MO,12761
29,NCNTY29117N29117,"Livingston County, MO",501,505,683,902,913,MO,15195
29,NCNTY29121N29121,"Macon County, MO",478,481,651,891,1000,MO,15566
29,NCNTY29123N29123,"Madison County, MO",407,455,616,788,823,MO,12226
29,NCNTY29125N29125,"Maries County, MO",290,371,440,648,719,MO,9176
29,NCNTY29127N29127,"Marion County, MO",391,485,656,818,1023,MO,28781
29,NCNTY29129N29129,"Mercer County, MO",394,441,597,822,923,MO,3785
29,NCNTY29131N29131,"Miller County, MO",466,526,657,828,878,MO,24748
29,NCNTY29133N29133,"Mississippi County, MO",359,419,567,729,758,MO,14358
29,NCNTY29137N29137,"Monroe County, MO",431,483,653,813,884,MO,8840
29,NCNTY29139N29139,"Montgomery County, MO",430,482,652,822,1155,MO,12236
29,NCNTY29141N29141,"Morgan County, MO",387,481,651,811,921,MO,20565
29,NCNTY29143N29143,"New Madrid County, MO",429,432,537,699,718,MO,18956
29,NCNTY29147N29147,"Nodaway County, MO",456,459,572,717,843,MO,23370
29,NCNTY29149N29149,"Oregon County, MO",368,471,558,745,899,MO,10881
29,NCNTY29153N29153,"Ozark County, MO",376,480,569,709,879,MO,9723
29,NCNTY29155N29155,"Pemiscot County, MO",391,465,593,763,792,MO,18296
29,NCNTY29157N29157,"Perry County, MO",445,498,674,948,1098,MO,18971
29,NCNTY29159N29159,"Pettis County, MO",509,512,693,915,1009,MO,42201
29,NCNTY29161N29161,"Phelps County, MO",417,518,701,952,1094,MO,45156
29,NCNTY29163N29163,"Pike County, MO",450,503,681,991,994,MO,18516
29,NCNTY29169N29169,"Pulaski County, MO",445,622,748,1102,1325,MO,52274
29,NCNTY29171N29171,"Putnam County, MO",453,507,686,854,1060,MO,4979
29,NCNTY29173N29173,"Ralls County, MO",380,486,576,849,990,MO,10167
29,NCNTY29175N29175,"Randolph County, MO",394,494,662,824,1172,MO,25414
29,NCNTY29179N29179,"Reynolds County, MO",374,452,567,706,758,MO,6696
29,NCNTY29181N29181,"Ripley County, MO",348,390,527,777,801,MO,14100
29,NCNTY29185N29185,"St. Clair County, MO",369,459,559,696,747,MO,9805
29,NCNTY29186N29186,"Ste. Genevieve County, MO",470,473,640,901,989,MO,18145
29,NCNTY29187N29187,"St. Francois County, MO",548,552,747,1008,1105,MO,65359
29,NCNTY29195N29195,"Saline County, MO",411,460,622,844,955,MO,23370
29,NCNTY29197N29197,"Schuyler County, MO",345,374,506,746,896,MO,4431
29,NCNTY29199N29199,"Scotland County, MO",396,443,600,764,927,MO,4843
29,NCNTY29201N29201,"Scott County, MO",383,475,643,809,885,MO,39191
29,NCNTY29203N29203,"Shannon County, MO",340,423,572,712,884,MO,8441
29,NCNTY29205N29205,"Shelby County, MO",366,410,555,752,755,MO,6373
29,NCNTY29207N29207,"Stoddard County, MO",401,454,607,816,819,MO,29968
29,NCNTY29209N29209,"Stone County, MO",470,584,790,984,1056,MO,32202
29,NCNTY29211N29211,"Sullivan County, MO",523,526,712,1001,1100,MO,6714
29,NCNTY29213N29213,"Taney County, MO",561,595,738,919,1307,MO,51675
29,NCNTY29215N29215,"Texas County, MO",320,398,538,793,900,MO,26008
29,NCNTY29217N29217,"Vernon County, MO",416,492,666,881,890,MO,21159
29,NCNTY29223N29223,"Wayne County, MO",317,406,481,662,852,MO,13521
29,NCNTY29227N29227,"Worth County, MO",417,466,631,808,975,MO,2171
29,NCNTY29229N29229,"Wright County, MO",364,407,551,695,969,MO,18815
30,METRO13740M13740,"Billings, MT MSA",508,564,763,1055,1059,MT,158050
30,METRO24500M24500,"Great Falls, MT MSA",525,548,702,1016,1035,MT,81327
30,METRO33540M33540,"Missoula, MT MSA",580,628,785,1126,1390,MT,109299
30,NCNTY30001N30001,"Beaverhead County, MT",440,443,599,883,949,MT,9246
30,NCNTY30003N30003,"Big Horn County, MT",409,472,560,794,797,MT,12865
30,NCNTY30005N30005,"Blaine County, MT",513,520,703,876,939,MT,6491
30,NCNTY30007N30007,"Broadwater County, MT",511,517,700,872,1110,MT,5612
30,NCNTY30011N30011,"Carter County, MT",338,381,463,650,734,MT,1160
30,NCNTY30015N30015,"Chouteau County, MT",399,461,546,805,816,MT,5813
30,NCNTY30017N30017,"Custer County, MT",393,467,557,812,815,MT,11699
30,NCNTY30019N30019,"Daniels County, MT",421,445,577,788,915,MT,1751
30,NCNTY30021N30021,"Dawson County, MT",346,356,474,680,840,MT,8966
30,NCNTY30023N30023,"Deer Lodge County, MT",422,488,578,852,993,MT,9298
30,NCNTY30025N30025,"Fallon County, MT",388,438,532,784,843,MT,2890
30,NCNTY30027N30027,"Fergus County, MT",447,497,613,801,1086,MT,11586
30,NCNTY30029N30029,"Flathead County, MT",556,651,805,1186,1426,MT,90928
30,NCNTY30031N30031,"Gallatin County, MT",584,632,792,1167,1403,MT,89513
30,NCNTY30033N30033,"Garfield County, MT",302,319,414,582,656,MT,1206
30,NCNTY30035N30035,"Glacier County, MT",419,438,519,765,825,MT,13399
30,NCNTY30037N30037,"Golden Valley County, MT",620,717,850,1059,1347,MT,884
30,NCNTY30039N30039,"Granite County, MT",495,501,678,844,1075,MT,3079
30,NCNTY30041N30041,"Hill County, MT",430,443,589,868,871,MT,16096
30,NCNTY30043N30043,"Jefferson County, MT",560,567,767,955,1025,MT,11406
30,NCNTY30045N30045,"Judith Basin County, MT",401,464,550,785,872,MT,2072
30,NCNTY30047N30047,"Lake County, MT",415,588,697,898,1167,MT,28746
30,NCNTY30049N30049,"Lewis and Clark County, MT",555,559,754,1018,1209,MT,63395
30,NCNTY30051N30051,"Liberty County, MT",355,375,486,683,770,MT,2339
30,NCNTY30053N30053,"Lincoln County, MT",448,467,554,779,981,MT,19687
30,NCNTY30055N30055,"McCone County, MT",343,362,470,693,832,MT,1734
30,NCNTY30057N30057,"Madison County, MT",543,628,744,927,994,MT,7691
30,NCNTY30059N30059,"Meagher County, MT",439,444,601,749,953,MT,1891
30,NCNTY30061N30061,"Mineral County, MT",510,581,699,966,970,MT,4223
30,NCNTY30065N30065,"Musselshell County, MT",446,452,611,849,969,MT,4538
30,NCNTY30067N30067,"Park County, MT",495,615,832,1036,1473,MT,15636
30,NCNTY30069N30069,"Petroleum County, MT",518,547,710,997,1125,MT,494
30,NCNTY30071N30071,"Phillips County, MT",473,510,648,910,1027,MT,4253
30,NCNTY30073N30073,"Pondera County, MT",392,453,537,791,951,MT,6153
30,NCNTY30075N30075,"Powder River County, MT",365,385,500,737,793,MT,1743
30,NCNTY30077N30077,"Powell County, MT",473,547,648,807,1130,MT,7027
30,NCNTY30079N30079,"Prairie County, MT",350,404,479,673,759,MT,1179
30,NCNTY30081N30081,"Ravalli County, MT",572,575,775,1142,1146,MT,40212
30,NCNTY30083N30083,"Richland County, MT",418,483,573,734,1015,MT,9746
30,NCNTY30085N30085,"Roosevelt County, MT",436,442,598,745,799,MT,10425
30,NCNTY30087N30087,"Rosebud County, MT",449,455,615,766,822,MT,9233
30,NCNTY30089N30089,"Sanders County, MT",390,486,653,831,935,MT,11413
30,NCNTY30091N30091,"Sheridan County, MT",355,410,486,716,861,MT,3384
30,NCNTY30093N30093,"Silver Bow County, MT",500,503,681,848,997,MT,34200
30,NCNTY30095N30095,"Stillwater County, MT",429,471,637,899,1128,MT,9117
30,NCNTY30097N30097,"Sweet Grass County, MT",430,497,589,868,1043,MT,3651
30,NCNTY30099N30099,"Teton County, MT",439,469,602,835,954,MT,6073
30,NCNTY30101N30101,"Toole County, MT",397,459,544,802,964,MT,5324
30,NCNTY30103N30103,"Treasure County, MT",432,456,592,825,938,MT,718
30,NCNTY30105N30105,"Valley County, MT",380,439,520,720,723,MT,7369
30,NCNTY30107N30107,"Wheatland County, MT",496,524,680,955,1078,MT,2168
30,NCNTY30109N30109,"Wibaux County, MT",430,454,589,827,934,MT,1017
31,METRO30700M30700,"Lincoln, NE HUD Metro FMR Area",442,563,743,1033,1290,NE,285407
31,METRO30700N31159,"Seward County, NE HUD Metro FMR Area",344,451,579,802,1025,NE,16750
31,METRO36540M36540,"Omaha-Council Bluffs, NE-IA HUD Metro FMR Area",524,701,881,1181,1312,NE,721425
31,METRO36540N31155,"Saunders County, NE HUD Metro FMR Area",485,602,815,1015,1089,NE,20780
31,METRO43580M43580,"Sioux City, IA-NE-SD MSA",416,544,700,919,1033,NE,27006
31,NCNTY31001N31001,"Adams County, NE",504,508,687,856,918,NE,31364
31,NCNTY31003N31003,"Antelope County, NE",355,444,526,682,703,NE,6685
31,NCNTY31005N31005,"Arthur County, NE",444,494,659,971,974,NE,460
31,NCNTY31007N31007,"Banner County, NE",296,329,439,553,600,NE,690
31,NCNTY31009N31009,"Blaine County, NE",444,494,659,821,901,NE,478
31,NCNTY31011N31011,"Boone County, NE",343,429,509,634,680,NE,5505
31,NCNTY31013N31013,"Box Butte County, NE",389,443,577,757,802,NE,11308
31,NCNTY31015N31015,"Boyd County, NE",255,319,378,557,559,NE,2099
31,NCNTY31017N31017,"Brown County, NE",363,398,539,671,795,NE,3145
31,NCNTY31019N31019,"Buffalo County, NE",436,520,704,950,1213,NE,46102
31,NCNTY31021N31021,"Burt County, NE",445,488,660,907,910,NE,6858
31,NCNTY31023N31023,"Butler County, NE",384,421,570,752,940,NE,8395
31,NCNTY31027N31027,"Cedar County, NE",354,388,525,654,930,NE,8852
31,NCNTY31029N31029,"Chase County, NE",426,467,632,787,893,NE,3966
31,NCNTY31031N31031,"Cherry County, NE",476,522,706,879,965,NE,5713
31,NCNTY31033N31033,"Cheyenne County, NE",416,482,617,894,897,NE,9998
31,NCNTY31035N31035,"Clay County, NE",361,451,535,666,715,NE,6542
31,NCNTY31037N31037,"Colfax County, NE",491,614,728,907,1012,NE,10515
31,NCNTY31039N31039,"Cuming County, NE",427,468,633,788,858,NE,9139
31,NCNTY31041N31041,"Custer County, NE",355,444,526,775,932,NE,10939
31,NCNTY31045N31045,"Dawes County, NE",433,449,608,896,899,NE,9182
31,NCNTY31047N31047,"Dawson County, NE",463,508,687,856,918,NE,24326
31,NCNTY31049N31049,"Deuel County, NE",442,485,656,817,897,NE,1941
31,NCNTY31053N31053,"Dodge County, NE",425,542,715,939,956,NE,36691
31,NCNTY31057N31057,"Dundy County, NE",462,507,686,854,938,NE,2008
31,NCNTY31059N31059,"Fillmore County, NE",366,401,543,702,732,NE,5890
31,NCNTY31061N31061,"Franklin County, NE",352,391,522,767,925,NE,3225
31,NCNTY31063N31063,"Frontier County, NE",439,482,652,812,871,NE,2756
31,NCNTY31065N31065,"Furnas County, NE",405,444,601,749,822,NE,4959
31,NCNTY31067N31067,"Gage County, NE",434,499,666,868,905,NE,22311
31,NCNTY31069N31069,"Garden County, NE",366,407,543,676,899,NE,2057
31,NCNTY31071N31071,"Garfield County, NE",352,391,522,650,698,NE,2049
31,NCNTY31073N31073,"Gosper County, NE",460,504,682,849,932,NE,2044
31,NCNTY31075N31075,"Grant County, NE",406,451,602,750,823,NE,614
31,NCNTY31077N31077,"Greeley County, NE",351,390,521,768,813,NE,2538
31,NCNTY31079N31079,"Hall County, NE",432,542,700,874,935,NE,58607
31,NCNTY31081N31081,"Hamilton County, NE",441,484,655,833,994,NE,9124
31,NCNTY31083N31083,"Harlan County, NE",366,401,543,676,726,NE,3423
31,NCNTY31085N31085,"Hayes County, NE",444,494,659,821,881,NE,967
31,NCNTY31087N31087,"Hitchcock County, NE",344,383,511,636,719,NE,2908
31,NCNTY31089N31089,"Holt County, NE",396,496,588,732,814,NE,10435
31,NCNTY31091N31091,"Hooker County, NE",444,494,659,844,901,NE,736
31,NCNTY31093N31093,"Howard County, NE",430,472,638,808,853,NE,6274
31,NCNTY31095N31095,"Jefferson County, NE",369,415,547,681,893,NE,7547
31,NCNTY31097N31097,"Johnson County, NE",454,497,673,838,899,NE,5217
31,NCNTY31099N31099,"Kearney County, NE",405,506,601,814,817,NE,6489
31,NCNTY31101N31101,"Keith County, NE",426,533,632,857,1047,NE,8368
31,NCNTY31103N31103,"Keya Paha County, NE",444,494,659,821,901,NE,824
31,NCNTY31105N31105,"Kimball County, NE",436,478,647,806,865,NE,3821
31,NCNTY31107N31107,"Knox County, NE",303,380,450,663,797,NE,8701
31,NCNTY31111N31111,"Lincoln County, NE",428,531,719,895,1025,NE,36288
31,NCNTY31113N31113,"Logan County, NE",505,561,749,933,1024,NE,763
31,NCNTY31115N31115,"Loup County, NE",444,494,659,821,901,NE,632
31,NCNTY31117N31117,"McPherson County, NE",444,494,659,821,901,NE,539
31,NCNTY31119N31119,"Madison County, NE",443,493,658,849,1054,NE,34876
31,NCNTY31121N31121,"Merrick County, NE",417,458,619,912,915,NE,7845
31,NCNTY31123N31123,"Morrill County, NE",431,473,640,811,941,NE,5042
31,NCNTY31125N31125,"Nance County, NE",395,494,586,730,793,NE,3735
31,NCNTY31127N31127,"Nemaha County, NE",381,449,566,705,1002,NE,7248
31,NCNTY31129N31129,"Nuckolls County, NE",325,407,482,710,713,NE,4500
31,NCNTY31131N31131,"Otoe County, NE",456,516,676,996,1197,NE,15740
31,NCNTY31133N31133,"Pawnee County, NE",347,381,515,641,688,NE,2773
31,NCNTY31135N31135,"Perkins County, NE",402,447,597,744,937,NE,2970
31,NCNTY31137N31137,"Phelps County, NE",381,477,566,705,1002,NE,9188
31,NCNTY31139N31139,"Pierce County, NE",370,463,549,684,969,NE,7266
31,NCNTY31141N31141,"Platte County, NE",506,528,626,780,955,NE,32237
31,NCNTY31143N31143,"Polk County, NE",430,472,638,795,853,NE,5406
31,NCNTY31145N31145,"Red Willow County, NE",407,476,604,752,952,NE,11055
31,NCNTY31147N31147,"Richardson County, NE",395,486,586,730,783,NE,8363
31,NCNTY31149N31149,"Rock County, NE",376,418,558,710,763,NE,1526
31,NCNTY31151N31151,"Saline County, NE",483,529,716,892,957,NE,14200
31,NCNTY31157N31157,"Scotts Bluff County, NE",502,534,711,886,1043,NE,36970
31,NCNTY31161N31161,"Sheridan County, NE",381,477,565,763,766,NE,5469
31,NCNTY31163N31163,"Sherman County, NE",402,441,597,744,945,NE,3152
31,NCNTY31165N31165,"Sioux County, NE",503,629,746,1005,1020,NE,1311
31,NCNTY31167N31167,"Stanton County, NE",351,385,521,768,840,NE,6129
31,NCNTY31169N31169,"Thayer County, NE",422,463,626,780,837,NE,5228
31,NCNTY31171N31171,"Thomas County, NE",401,446,595,741,813,NE,647
31,NCNTY31173N31173,"Thurston County, NE",394,432,584,727,780,NE,6940
31,NCNTY31175N31175,"Valley County, NE",389,426,577,719,789,NE,4260
31,NCNTY31179N31179,"Wayne County, NE",375,412,557,775,778,NE,9595
31,NCNTY31181N31181,"Webster County, NE",286,358,425,626,753,NE,3812
31,NCNTY31183N31183,"Wheeler County, NE",352,392,523,771,773,NE,818
31,NCNTY31185N31185,"York County, NE",450,503,667,831,891,NE,13665
32,METRO16180M16180,"Carson City, NV MSA",584,732,931,1327,1616,NV,55274
32,METRO29820M29820,"Las Vegas-Paradise, NV MSA",691,864,1064,1568,1861,NV,1951269
32,METRO39900M39900,"Reno-Sparks, NV MSA",604,766,1012,1491,1792,NV,425417
32,NCNTY32001N32001,"Churchill County, NV",509,662,854,1064,1513,NV,24877
32,NCNTY32005N32005,"Douglas County, NV",591,794,982,1447,1739,NV,46997
32,NCNTY32007N32007,"Elko County, NV",521,647,875,1118,1424,NV,48818
32,NCNTY32009N32009,"Esmeralda County, NV",390,483,654,919,1050,NV,783
32,NCNTY32011N32011,"Eureka County, NV",520,645,872,1086,1399,NV,1987
32,NCNTY32013N32013,"Humboldt County, NV",422,523,708,1012,1136,NV,16528
32,NCNTY32015N32015,"Lander County, NV",425,601,713,930,1144,NV,5775
32,NCNTY32017N32017,"Lincoln County, NV",446,553,748,972,1018,NV,5345
32,NCNTY32019N32019,"Lyon County, NV",479,671,795,1171,1408,NV,51980
32,NCNTY32021N32021,"Mineral County, NV",518,732,868,1081,1393,NV,4772
32,NCNTY32023N32023,"Nye County, NV",524,651,881,1182,1195,NV,43946
32,NCNTY32027N32027,"Pershing County, NV",381,539,639,942,1025,NV,6753
32,NCNTY32033N32033,"White Pine County, NV",459,649,769,1111,1115,NV,10030
33,METRO14460MM1120,"Boston-Cambridge-Quincy, MA-NH HUD Metro FMR Area",1125,1256,1569,1954,2124,NH,9507
33,METRO14460MM4160,"Lawrence, MA-NH HUD Metro FMR Area",816,931,1195,1488,1597,NH,138550
33,METRO14460MM4760,"Western Rockingham County, NH HUD Metro FMR Area",951,965,1305,1791,1798,NH,46297
33,METRO14460MM6450,"Portsmouth-Rochester, NH HUD Metro FMR Area",784,914,1162,1592,1661,NH,224012
33,METRO31700MM4760,"Manchester, NH HUD Metro FMR Area",694,919,1167,1453,1646,NH,157204
33,METRO31700MM5350,"Nashua, NH HUD Metro FMR Area",832,945,1233,1657,1924,NH,211286
33,METRO31700N33011,"Hillsborough County, NH (part) HUD Metro FMR Area",753,798,962,1201,1376,NH,32231
33,NCNTY33001N33001,"Belknap County, NH",780,786,1063,1512,1518,NH,60088
33,NCNTY33003N33003,"Carroll County, NH",740,824,1067,1485,1491,NH,47818
33,NCNTY33005N33005,"Cheshire County, NH",665,798,1053,1311,1715,NH,77117
33,NCNTY33007N33007,"Coos County, NH",590,616,730,974,1168,NH,33055
33,NCNTY33009N33009,"Grafton County, NH",842,861,1083,1359,1511,NH,89118
33,NCNTY33013N33013,"Merrimack County, NH",686,859,1074,1416,1690,NH,146445
33,NCNTY33019N33019,"Sullivan County, NH",724,825,1006,1363,1386,NH,43742
34,METRO10900MM5640,"Warren County, NJ HUD Metro FMR Area",699,937,1143,1494,1666,NJ,108692
34,METRO12100M12100,"Atlantic City-Hammonton, NJ MSA",876,1014,1260,1742,2025,NJ,274549
34,METRO35620MM0875,"Bergen-Passaic, NJ HUD Metro FMR Area",1132,1223,1450,1878,2130,NJ,1406342
34,METRO35620MM3640,"Jersey City, NJ HUD Metro FMR Area",1099,1209,1433,1823,2012,NJ,634266
34,METRO35620MM5015,"Middlesex-Somerset-Hunterdon, NJ HUD Metro FMR Area",971,1239,1525,1979,2596,NJ,1261651
34,METRO35620MM5190,"Monmouth-Ocean, NJ HUD Metro FMR Area",1033,1220,1515,2100,2470,NJ,1206947
34,METRO35620MM5640,"Newark, NJ HUD Metro FMR Area",1044,1082,1292,1667,1904,NJ,1962009
34,METRO36140M36140,"Ocean City, NJ MSA",654,816,1099,1555,1636,NJ,97265
34,METRO37980M37980,"Philadelphia-Camden-Wilmington, PA-NJ-DE-MD MSA",788,929,1119,1394,1496,NJ,1316762
34,METRO45940M45940,"Trenton-Ewing, NJ MSA",946,1069,1288,1684,1947,NJ,366513
34,METRO47220M47220,"Vineland-Millville-Bridgeton, NJ MSA",807,932,1148,1474,1848,NJ,156898
35,METRO10740M10740,"Albuquerque, NM MSA",537,675,827,1197,1465,NM,887077
35,METRO22140M22140,"Farmington, NM MSA",568,611,826,1029,1104,NM,130044
35,METRO29740M29740,"Las Cruces, NM MSA",470,565,670,958,1066,NM,209233
35,METRO42140M42140,"Santa Fe, NM MSA",821,893,1059,1420,1518,NM,144170
35,NCNTY35003N35003,"Catron County, NM",392,441,523,771,785,NM,3725
35,NCNTY35005N35005,"Chaves County, NM",561,616,833,1176,1453,NM,65645
35,NCNTY35006N35006,"Cibola County, NM",455,458,599,827,1061,NM,27213
35,NCNTY35007N35007,"Colfax County, NM",501,505,683,851,913,NM,13750
35,NCNTY35009N35009,"Curry County, NM",512,516,694,1014,1229,NM,48376
35,NCNTY35011N35011,"De Baca County, NM",503,566,671,989,1007,NM,2022
35,NCNTY35015N35015,"Eddy County, NM",501,514,683,878,913,NM,53829
35,NCNTY35017N35017,"Grant County, NM",446,502,595,877,957,NM,29514
35,NCNTY35019N35019,"Guadalupe County, NM",461,477,614,905,921,NM,4687
35,NCNTY35021N35021,"Harding County, NM",264,274,352,466,528,NM,695
35,NCNTY35023N35023,"Hidalgo County, NM",313,324,417,614,626,NM,4894
35,NCNTY35025N35025,"Lea County, NM",525,528,715,909,962,NM,64727
35,NCNTY35027N35027,"Lincoln County, NM",535,665,900,1121,1203,NM,20497
35,NCNTY35028N35028,"Los Alamos County, NM",669,860,1116,1459,1890,NM,17950
35,NCNTY35029N35029,"Luna County, NM",413,463,550,793,796,NM,25095
35,NCNTY35031N35031,"McKinley County, NM",449,492,583,726,779,NM,71492
35,NCNTY35033N35033,"Mora County, NM",503,566,671,884,1007,NM,4881
35,NCNTY35035N35035,"Otero County, NM",378,518,614,896,1087,NM,63797
35,NCNTY35037N35037,"Quay County, NM",487,490,663,852,886,NM,9041
35,NCNTY35039N35039,"Rio Arriba County, NM",446,554,750,934,1002,NM,40246
35,NCNTY35041N35041,"Roosevelt County, NM",395,514,664,827,1176,NM,19846
35,NCNTY35047N35047,"San Miguel County, NM",403,556,677,894,927,NM,29393
35,NCNTY35051N35051,"Sierra County, NM",454,494,668,832,1002,NM,11988
35,NCNTY35053N35053,"Socorro County, NM",480,505,683,851,1210,NM,17866
35,NCNTY35055N35055,"Taos County, NM",641,770,922,1148,1232,NM,32937
35,NCNTY35059N35059,"Union County, NM",451,454,614,889,921,NM,4549
36,METRO10580M10580,"Albany-Schenectady-Troy, NY MSA",697,789,977,1217,1306,NY,870716
36,METRO13780M13780,"Binghamton, NY MSA",554,586,749,1068,1211,NY,251725
36,METRO15380M15380,"Buffalo-Niagara Falls, NY MSA",589,625,778,994,1125,NY,1135509
36,METRO21300M21300,"Elmira, NY MSA",503,604,792,1015,1137,NY,88830
36,METRO24020M24020,"Glens Falls, NY MSA",543,695,845,1135,1296,NY,128923
36,METRO27060M27060,"Ithaca, NY MSA",731,896,1073,1486,1492,NY,101564
36,METRO28740M28740,"Kingston, NY MSA",793,986,1278,1675,1941,NY,182493
36,METRO35620MM5380,"Nassau-Suffolk, NY HUD Metro FMR Area",1102,1397,1721,2237,2576,NY,2832882
36,METRO35620MM5600,"New York, NY HUD Metro FMR Area",1311,1369,1623,2087,2338,NY,8586530
36,METRO39100M39100,"Poughkeepsie-Newburgh-Middletown, NY MSA",903,1042,1282,1606,1713,NY,670301
36,METRO40380M40380,"Rochester, NY MSA",615,748,911,1148,1227,NY,1054323
36,METRO45060M45060,"Syracuse, NY MSA",577,643,823,1080,1185,NY,662577
36,METRO46540M46540,"Utica-Rome, NY MSA",594,605,770,1020,1145,NY,299397
36,METRO48325M48325,"Westchester County, NY Statutory Exception Area",1067,1299,1599,2045,2375,NY,949113
36,NCNTY36003N36003,"Allegany County, NY",550,553,691,903,1016,NY,48946
36,NCNTY36009N36009,"Cattaraugus County, NY",527,578,729,968,1036,NY,80317
36,NCNTY36011N36011,"Cayuga County, NY",557,592,753,988,1179,NY,80026
36,NCNTY36013N36013,"Chautauqua County, NY",539,542,707,1003,1030,NY,134905
36,NCNTY36017N36017,"Chenango County, NY",569,573,718,1018,1051,NY,50477
36,NCNTY36019N36019,"Clinton County, NY",542,609,778,1044,1126,NY,82128
36,NCNTY36021N36021,"Columbia County, NY",691,695,864,1120,1437,NY,63096
36,NCNTY36023N36023,"Cortland County, NY",601,610,760,982,1016,NY,49336
36,NCNTY36025N36025,"Delaware County, NY",573,577,728,912,1046,NY,47980
36,NCNTY36031N36031,"Essex County, NY",554,650,835,1040,1288,NY,39370
36,NCNTY36033N36033,"Franklin County, NY",584,588,757,1088,1204,NY,51599
36,NCNTY36035N36035,"Fulton County, NY",569,573,736,972,1114,NY,55531
36,NCNTY36037N36037,"Genesee County, NY",490,634,795,1020,1125,NY,60079
36,NCNTY36039N36039,"Greene County, NY",633,716,849,1136,1255,NY,49221
36,NCNTY36041N36041,"Hamilton County, NY",573,635,753,938,1084,NY,4836
36,NCNTY36045N36045,"Jefferson County, NY",746,859,1116,1419,1602,NY,116229
36,NCNTY36049N36049,"Lewis County, NY",523,567,688,1014,1063,NY,27087
36,NCNTY36057N36057,"Montgomery County, NY",603,607,765,953,1080,NY,50219
36,NCNTY36077N36077,"Otsego County, NY",631,683,848,1140,1211,NY,62259
36,NCNTY36089N36089,"St. Lawrence County, NY",515,584,742,996,1078,NY,111944
36,NCNTY36097N36097,"Schuyler County, NY",511,559,672,969,1148,NY,18343
36,NCNTY36099N36099,"Seneca County, NY",512,633,750,1070,1074,NY,35251
36,NCNTY36101N36101,"Steuben County, NY",502,594,727,940,1059,NY,98990
36,NCNTY36105N36105,"Sullivan County, NY",743,748,928,1207,1644,NY,77547
36,NCNTY36121N36121,"Wyoming County, NY",513,577,780,1017,1042,NY,42155
36,NCNTY36123N36123,"Yates County, NY",531,536,698,952,1236,NY,25348
37,METRO11700M11700,"Asheville, NC HUD Metro FMR Area",496,703,834,1070,1388,NC,365822
37,METRO11700N37087,"Haywood County, NC HUD Metro FMR Area",588,591,762,1057,1350,NC,59036
37,METRO15500M15500,"Burlington, NC MSA",590,594,749,974,1001,NC,151131
37,METRO16740M16740,"Charlotte-Gastonia-Rock Hill, NC-SC HUD Metro FMR Area",644,710,842,1135,1408,NC,1505017
37,METRO16740N37007,"Anson County, NC HUD Metro FMR Area",464,512,607,889,1075,NC,26948
37,METRO20500M20500,"Durham-Chapel Hill, NC HUD Metro FMR Area",610,754,894,1153,1350,NC,464893
37,METRO20500N37145,"Person County, NC HUD Metro FMR Area",477,517,699,871,1002,NC,39464
37,METRO22180M22180,"Fayetteville, NC HUD Metro FMR Area",627,631,807,1079,1359,NC,319431
37,METRO22180N37093,"Hoke County, NC HUD Metro FMR Area",536,539,690,960,1190,NC,46952
37,METRO24140M24140,"Goldsboro, NC MSA",468,488,660,860,1052,NC,122623
37,METRO24660M24660,"Greensboro-High Point, NC HUD Metro FMR Area",553,633,751,1021,1152,NC,630158
37,METRO24660N37157,"Rockingham County, NC HUD Metro FMR Area",505,508,642,800,858,NC,93643
37,METRO24780M24780,"Greenville, NC HUD Metro FMR Area",575,579,748,1013,1325,NC,168148
37,METRO24780N37079,"Greene County, NC HUD Metro FMR Area",466,469,635,797,849,NC,21362
37,METRO25860M25860,"Hickory-Lenoir-Morganton, NC MSA",506,528,626,819,1019,NC,365497
37,METRO27340M27340,"Jacksonville, NC MSA",721,726,892,1255,1580,NC,177772
37,METRO39580M39580,"Raleigh-Cary, NC MSA",669,782,927,1200,1491,NC,1130490
37,METRO40580M40580,"Rocky Mount, NC MSA",546,550,679,926,976,NC,152392
37,METRO47260M47260,"Virginia Beach-Norfolk-Newport News, VA-NC MSA",918,944,1136,1570,1976,NC,23547
37,METRO48900M48900,"Wilmington, NC HUD Metro FMR Area",655,703,869,1146,1307,NC,310098
37,METRO48900N37141,"Pender County, NC HUD Metro FMR Area",484,487,659,971,1098,NC,52217
37,METRO49180M49180,"Winston-Salem, NC MSA",574,597,730,1053,1111,NC,477717
37,NCNTY37005N37005,"Alleghany County, NC",474,495,587,841,844,NC,11155
37,NCNTY37009N37009,"Ashe County, NC",427,467,612,762,818,NC,27281
37,NCNTY37011N37011,"Avery County, NC",532,535,724,1067,1070,NC,17797
37,NCNTY37013N37013,"Beaufort County, NC",503,506,650,958,1080,NC,47759
37,NCNTY37015N37015,"Bertie County, NC",474,477,645,854,862,NC,21282
37,NCNTY37017N37017,"Bladen County, NC",504,508,687,856,918,NC,35190
37,NCNTY37029N37029,"Camden County, NC",705,709,886,1103,1334,NC,9980
37,NCNTY37031N37031,"Carteret County, NC",638,666,790,1130,1399,NC,66469
37,NCNTY37033N37033,"Caswell County, NC",463,466,630,901,976,NC,23719
37,NCNTY37039N37039,"Cherokee County, NC",417,420,568,751,965,NC,27444
37,NCNTY37041N37041,"Chowan County, NC",557,581,689,914,1220,NC,14793
37,NCNTY37043N37043,"Clay County, NC",490,511,606,893,1073,NC,10587
37,NCNTY37045N37045,"Cleveland County, NC",500,503,634,880,920,NC,98078
37,NCNTY37047N37047,"Columbus County, NC",514,520,636,792,850,NC,58098
37,NCNTY37049N37049,"Craven County, NC",474,589,797,1034,1391,NC,103505
37,NCNTY37055N37055,"Dare County, NC",694,728,985,1382,1651,NC,33920
37,NCNTY37057N37057,"Davidson County, NC",487,517,650,905,1024,NC,162878
37,NCNTY37061N37061,"Duplin County, NC",487,490,617,768,901,NC,58505
37,NCNTY37073N37073,"Gates County, NC",503,506,632,840,1111,NC,12197
37,NCNTY37075N37075,"Graham County, NC",421,424,573,844,1015,NC,8861
37,NCNTY37077N37077,"Granville County, NC",620,646,768,957,1043,NC,59916
37,NCNTY37083N37083,"Halifax County, NC",480,545,659,859,1162,NC,54691
37,NCNTY37085N37085,"Harnett County, NC",593,597,808,1074,1318,NC,114678
37,NCNTY37091N37091,"Hertford County, NC",555,579,687,856,1217,NC,24669
37,NCNTY37095N37095,"Hyde County, NC",645,649,811,1010,1084,NC,5810
37,NCNTY37097N37097,"Iredell County, NC",631,659,781,1013,1380,NC,159437
37,NCNTY37099N37099,"Jackson County, NC",566,569,728,944,1185,NC,40271
37,NCNTY37103N37103,"Jones County, NC",554,579,686,899,917,NC,10153
37,NCNTY37105N37105,"Lee County, NC",574,600,711,886,950,NC,57866
37,NCNTY37107N37107,"Lenoir County, NC",418,538,703,876,961,NC,59495
37,NCNTY37109N37109,"Lincoln County, NC",512,535,634,864,867,NC,78265
37,NCNTY37111N37111,"McDowell County, NC",426,429,580,724,949,NC,44996
37,NCNTY37113N37113,"Macon County, NC",581,585,792,986,1058,NC,33922
37,NCNTY37117N37117,"Martin County, NC",498,520,616,767,823,NC,24505
37,NCNTY37121N37121,"Mitchell County, NC",391,394,533,686,802,NC,15579
37,NCNTY37123N37123,"Montgomery County, NC",444,447,566,742,850,NC,27798
37,NCNTY37125N37125,"Moore County, NC",536,552,664,973,1171,NC,88247
37,NCNTY37131N37131,"Northampton County, NC",432,435,581,775,997,NC,22099
37,NCNTY37137N37137,"Pamlico County, NC",499,503,680,971,1190,NC,13144
37,NCNTY37139N37139,"Pasquotank County, NC",632,636,800,1075,1261,NC,40661
37,NCNTY37143N37143,"Perquimans County, NC",601,628,744,1096,1318,NC,13453
37,NCNTY37149N37149,"Polk County, NC",510,514,679,846,1129,NC,20510
37,NCNTY37153N37153,"Richmond County, NC",477,498,591,783,790,NC,46639
37,NCNTY37155N37155,"Robeson County, NC",457,460,599,760,922,NC,134168
37,NCNTY37159N37159,"Rowan County, NC",546,550,711,947,1091,NC,138428
37,NCNTY37161N37161,"Rutherford County, NC",516,539,639,906,1064,NC,67810
37,NCNTY37163N37163,"Sampson County, NC",334,452,562,759,872,NC,63431
37,NCNTY37165N37165,"Scotland County, NC",483,486,658,841,879,NC,36157
37,NCNTY37167N37167,"Stanly County, NC",383,488,643,888,1122,NC,60585
37,NCNTY37171N37171,"Surry County, NC",496,518,614,905,1087,NC,73673
37,NCNTY37173N37173,"Swain County, NC",562,566,766,954,1155,NC,13981
37,NCNTY37175N37175,"Transylvania County, NC",536,540,706,940,944,NC,33090
37,NCNTY37177N37177,"Tyrrell County, NC",403,421,499,639,751,NC,4407
37,NCNTY37181N37181,"Vance County, NC",420,522,706,879,1029,NC,45422
37,NCNTY37185N37185,"Warren County, NC",364,446,586,864,1038,NC,20972
37,NCNTY37187N37187,"Washington County, NC",531,534,667,956,1126,NC,13228
37,NCNTY37189N37189,"Watauga County, NC",508,664,854,1197,1394,NC,51079
37,NCNTY37193N37193,"Wilkes County, NC",450,505,599,746,1000,NC,69340
37,NCNTY37195N37195,"Wilson County, NC",484,560,757,1007,1012,NC,81234
37,NCNTY37199N37199,"Yancey County, NC",442,445,589,741,787,NC,17818
38,METRO13900M13900,"Bismarck, ND MSA",475,538,673,954,1125,ND,108779
38,METRO22020M22020,"Fargo, ND-MN MSA",429,520,672,990,1171,ND,149778
38,METRO24220M24220,"Grand Forks, ND-MN MSA",446,543,727,984,1186,ND,66861
38,NCNTY38001N38001,"Adams County, ND",372,374,468,690,692,ND,2343
38,NCNTY38003N38003,"Barnes County, ND",497,500,633,788,846,ND,11066
38,NCNTY38005N38005,"Benson County, ND",377,394,467,688,690,ND,6660
38,NCNTY38007N38007,"Billings County, ND",489,492,615,766,834,ND,783
38,NCNTY38009N38009,"Bottineau County, ND",435,438,592,737,791,ND,6429
38,NCNTY38011N38011,"Bowman County, ND",435,455,539,794,797,ND,3151
38,NCNTY38013N38013,"Burke County, ND",424,426,550,711,735,ND,1968
38,NCNTY38019N38019,"Cavalier County, ND",349,352,476,663,789,ND,3993
38,NCNTY38021N38021,"Dickey County, ND",462,482,572,764,776,ND,5289
38,NCNTY38023N38023,"Divide County, ND",489,492,615,857,860,ND,2071
38,NCNTY38025N38025,"Dunn County, ND",403,406,524,772,775,ND,3536
38,NCNTY38027N38027,"Eddy County, ND",369,385,457,673,676,ND,2385
38,NCNTY38029N38029,"Emmons County, ND",350,365,433,638,723,ND,3550
38,NCNTY38031N38031,"Foster County, ND",391,393,503,740,891,ND,3343
38,NCNTY38033N38033,"Golden Valley County, ND",416,434,515,717,720,ND,1680
38,NCNTY38037N38037,"Grant County, ND",427,429,581,809,812,ND,2394
38,NCNTY38039N38039,"Griggs County, ND",374,391,463,682,820,ND,2420
38,NCNTY38041N38041,"Hettinger County, ND",367,383,454,669,671,ND,2477
38,NCNTY38043N38043,"Kidder County, ND",431,434,578,835,838,ND,2435
38,NCNTY38045N38045,"LaMoure County, ND",449,452,612,902,905,ND,4139
38,NCNTY38047N38047,"Logan County, ND",422,425,531,740,742,ND,1990
38,NCNTY38049N38049,"McHenry County, ND",506,509,649,851,1010,ND,5395
38,NCNTY38051N38051,"McIntosh County, ND",526,530,717,893,959,ND,2809
38,NCNTY38053N38053,"McKenzie County, ND",419,422,571,841,844,ND,6360
38,NCNTY38055N38055,"McLean County, ND",419,422,524,714,752,ND,8962
38,NCNTY38057N38057,"Mercer County, ND",375,391,464,684,686,ND,8424
38,NCNTY38061N38061,"Mountrail County, ND",510,532,631,786,1101,ND,7673
38,NCNTY38063N38063,"Nelson County, ND",399,417,494,688,691,ND,3126
38,NCNTY38065N38065,"Oliver County, ND",355,358,447,623,625,ND,1846
38,NCNTY38067N38067,"Pembina County, ND",489,510,605,753,809,ND,7413
38,NCNTY38069N38069,"Pierce County, ND",397,415,492,725,727,ND,4357
38,NCNTY38071N38071,"Ramsey County, ND",461,464,591,811,814,ND,11451
38,NCNTY38073N38073,"Ransom County, ND",458,462,619,912,915,ND,5457
38,NCNTY38075N38075,"Renville County, ND",399,401,543,800,803,ND,2470
38,NCNTY38077N38077,"Richland County, ND",408,411,555,813,878,ND,16321
38,NCNTY38079N38079,"Rolette County, ND",417,435,516,760,831,ND,13937
38,NCNTY38081N38081,"Sargent County, ND",413,415,562,811,885,ND,3829
38,NCNTY38083N38083,"Sheridan County, ND",376,383,465,648,650,ND,1321
38,NCNTY38085N38085,"Sioux County, ND",417,419,524,722,725,ND,4153
38,NCNTY38087N38087,"Slope County, ND",489,492,615,857,860,ND,727
38,NCNTY38089N38089,"Stark County, ND",586,612,726,1007,1011,ND,24199
38,NCNTY38091N38091,"Steele County, ND",410,413,511,677,693,ND,1975
38,NCNTY38093N38093,"Stutsman County, ND",491,494,651,811,1068,ND,21100
38,NCNTY38095N38095,"Towner County, ND",358,361,488,680,798,ND,2246
38,NCNTY38097N38097,"Traill County, ND",449,452,611,779,818,ND,8121
38,NCNTY38099N38099,"Walsh County, ND",455,475,563,761,852,ND,11119
38,NCNTY38101N38101,"Ward County, ND",501,535,705,1039,1081,ND,61675
38,NCNTY38103N38103,"Wells County, ND",384,401,475,700,753,ND,4207
38,NCNTY38105N38105,"Williams County, ND",491,535,653,813,873,ND,22398
39,METRO10420M10420,"Akron, OH MSA",536,622,842,1084,1125,OH,703200
39,METRO15940M15940,"Canton-Massillon, OH MSA",420,526,684,898,965,OH,404422
39,METRO17140M17140,"Cincinnati-Middleton, OH-KY-IN HUD Metro FMR Area",477,597,793,1099,1209,OH,1580560
39,METRO17140MM1220,"Brown County, OH HUD Metro FMR Area",382,494,642,910,973,OH,44846
39,METRO17460M17460,"Cleveland-Elyria-Mentor, OH MSA",519,623,790,1058,1093,OH,2077240
39,METRO18140M18140,"Columbus, OH HUD Metro FMR Area",513,638,830,1070,1238,OH,1784236
39,METRO18140N39159,"Union County, OH HUD Metro FMR Area",522,632,844,1051,1128,OH,52300
39,METRO19380M19380,"Dayton, OH HUD Metro FMR Area",534,599,786,1052,1179,OH,799232
39,METRO19380N39135,"Preble County, OH HUD Metro FMR Area",425,528,715,952,957,OH,42270
39,METRO26580M26580,"Huntington-Ashland, WV-KY-OH MSA",400,548,673,889,1092,OH,62450
39,METRO30620M30620,"Lima, OH MSA",490,493,661,823,896,OH,106331
39,METRO31900M31900,"Mansfield, OH MSA",465,468,622,914,917,OH,124475
39,METRO37620M37620,"Parkersburg-Marietta-Vienna, WV-OH MSA",480,518,677,909,1000,OH,61778
39,METRO41780M41780,"Sandusky, OH MSA",435,593,732,954,978,OH,77079
39,METRO44220M44220,"Springfield, OH MSA",480,541,705,929,1019,OH,138333
39,METRO44600M44600,"Steubenville-Weirton, OH-WV MSA",446,515,633,848,972,OH,69709
39,METRO45780M45780,"Toledo, OH MSA",432,554,726,979,1036,OH,651429
39,METRO48540M48540,"Wheeling, WV-OH MSA",443,468,583,748,779,OH,70400
39,METRO49660M49660,"Youngstown-Warren-Boardman, OH HUD Metro FMR Area",473,536,663,874,924,OH,449135
39,NCNTY39001N39001,"Adams County, OH",391,455,575,728,768,OH,28550
39,NCNTY39005N39005,"Ashland County, OH",392,518,659,933,975,OH,53139
39,NCNTY39007N39007,"Ashtabula County, OH",466,543,707,957,963,OH,101497
39,NCNTY39009N39009,"Athens County, OH",590,616,730,919,976,OH,64757
39,NCNTY39011N39011,"Auglaize County, OH",413,505,683,938,1122,OH,45949
39,NCNTY39021N39021,"Champaign County, OH",413,520,635,936,1010,OH,40097
39,NCNTY39027N39027,"Clinton County, OH",484,528,715,934,1115,OH,42040
39,NCNTY39029N39029,"Columbiana County, OH",398,484,625,827,906,OH,107841
39,NCNTY39031N39031,"Coshocton County, OH",383,442,564,777,796,OH,36901
39,NCNTY39033N39033,"Crawford County, OH",412,496,671,947,950,OH,43784
39,NCNTY39037N39037,"Darke County, OH",443,498,605,874,982,OH,52959
39,NCNTY39039N39039,"Defiance County, OH",472,475,613,807,1043,OH,39037
39,NCNTY39047N39047,"Fayette County, OH",550,554,749,933,1106,OH,29030
39,NCNTY39053N39053,"Gallia County, OH",393,466,579,763,862,OH,30934
39,NCNTY39059N39059,"Guernsey County, OH",345,454,580,725,809,OH,40087
39,NCNTY39063N39063,"Hancock County, OH",460,587,753,1100,1136,OH,74782
39,NCNTY39065N39065,"Hardin County, OH",424,506,648,895,1079,OH,32058
39,NCNTY39067N39067,"Harrison County, OH",329,460,553,787,790,OH,15864
39,NCNTY39069N39069,"Henry County, OH",436,530,642,932,1137,OH,28215
39,NCNTY39071N39071,"Highland County, OH",411,512,674,839,901,OH,43589
39,NCNTY39073N39073,"Hocking County, OH",422,486,621,825,830,OH,29380
39,NCNTY39075N39075,"Holmes County, OH",418,476,615,774,822,OH,42366
39,NCNTY39077N39077,"Huron County, OH",386,491,649,911,1027,OH,59626
39,NCNTY39079N39079,"Jackson County, OH",497,514,615,812,822,OH,33225
39,NCNTY39083N39083,"Knox County, OH",542,546,684,954,1024,OH,60921
39,NCNTY39091N39091,"Logan County, OH",498,501,678,900,1038,OH,45858
39,NCNTY39101N39101,"Marion County, OH",544,618,793,1051,1164,OH,66501
39,NCNTY39105N39105,"Meigs County, OH",376,417,553,719,839,OH,23770
39,NCNTY39107N39107,"Mercer County, OH",439,477,646,894,897,OH,40814
39,NCNTY39111N39111,"Monroe County, OH",342,424,503,626,672,OH,14642
39,NCNTY39115N39115,"Morgan County, OH",394,433,532,784,787,OH,15054
39,NCNTY39119N39119,"Muskingum County, OH",388,532,653,936,1029,OH,86074
39,NCNTY39121N39121,"Noble County, OH",402,405,517,712,758,OH,14645
39,NCNTY39125N39125,"Paulding County, OH",384,447,565,722,755,OH,19614
39,NCNTY39127N39127,"Perry County, OH",420,456,617,808,863,OH,36058
39,NCNTY39131N39131,"Pike County, OH",481,503,596,878,1036,OH,28709
39,NCNTY39137N39137,"Putnam County, OH",464,518,683,851,913,OH,34499
39,NCNTY39141N39141,"Ross County, OH",472,515,697,879,1129,OH,78064
39,NCNTY39143N39143,"Sandusky County, OH",422,510,621,820,1100,OH,60944
39,NCNTY39145N39145,"Scioto County, OH",431,532,631,786,928,OH,79499
39,NCNTY39147N39147,"Seneca County, OH",473,476,614,855,863,OH,56745
39,NCNTY39149N39149,"Shelby County, OH",445,528,715,890,956,OH,49423
39,NCNTY39157N39157,"Tuscarawas County, OH",397,507,667,832,891,OH,92582
39,NCNTY39161N39161,"Van Wert County, OH",449,458,610,797,841,OH,28744
39,NCNTY39163N39163,"Vinton County, OH",371,461,546,774,860,OH,13435
39,NCNTY39169N39169,"Wayne County, OH",431,539,685,884,915,OH,114520
39,NCNTY39171N39171,"Williams County, OH",489,492,657,818,960,OH,37642
39,NCNTY39175N39175,"Wyandot County, OH",410,486,576,831,993,OH,22615
40,METRO22900M22900,"Fort Smith, AR-OK HUD Metro FMR Area",538,541,709,945,1065,OK,42391
40,METRO22900N40079,"Le Flore County, OK HUD Metro FMR Area",483,486,613,804,999,OK,50384
40,METRO30020M30020,"Lawton, OK MSA",507,518,701,970,1146,OK,124098
40,METRO36420M36420,"Oklahoma City, OK HUD Metro FMR Area",535,621,795,1088,1306,OK,1166283
40,METRO36420N40051,"Grady County, OK HUD Metro FMR Area",427,469,634,853,856,OK,52431
40,METRO36420N40081,"Lincoln County, OK HUD Metro FMR Area",391,460,571,778,780,OK,34273
40,METRO46140M46140,"Tulsa, OK HUD Metro FMR Area",486,590,769,1043,1162,OK,880832
40,METRO46140N40111,"Okmulgee County, OK HUD Metro FMR Area",375,532,631,786,843,OK,40069
40,METRO46140N40117,"Pawnee County, OK HUD Metro FMR Area",382,510,605,758,1000,OK,16577
40,NCNTY40001N40001,"Adair County, OK",384,403,545,685,728,OK,22683
40,NCNTY40003N40003,"Alfalfa County, OK",480,503,681,853,1052,OK,5642
40,NCNTY40005N40005,"Atoka County, OK",418,438,593,739,792,OK,14182
40,NCNTY40007N40007,"Beaver County, OK",422,459,599,767,903,OK,5636
40,NCNTY40009N40009,"Beckham County, OK",523,527,713,888,1074,OK,22119
40,NCNTY40011N40011,"Blaine County, OK",376,395,534,787,790,OK,11943
40,NCNTY40013N40013,"Bryan County, OK",492,495,632,875,950,OK,42416
40,NCNTY40015N40015,"Caddo County, OK",444,471,600,747,1063,OK,29600
40,NCNTY40019N40019,"Carter County, OK",400,475,643,801,896,OK,47557
40,NCNTY40021N40021,"Cherokee County, OK",365,509,613,763,1016,OK,46987
40,NCNTY40023N40023,"Choctaw County, OK",371,395,526,775,904,OK,15205
40,NCNTY40025N40025,"Cimarron County, OK",428,512,607,767,915,OK,2475
40,NCNTY40029N40029,"Coal County, OK",344,361,489,717,737,OK,5925
40,NCNTY40033N40033,"Cotton County, OK",428,449,607,756,811,OK,6193
40,NCNTY40035N40035,"Craig County, OK",424,508,602,799,862,OK,15029
40,NCNTY40039N40039,"Custer County, OK",497,509,615,906,909,OK,27469
40,NCNTY40041N40041,"Delaware County, OK",424,427,557,785,987,OK,41487
40,NCNTY40043N40043,"Dewey County, OK",475,516,674,839,942,OK,4810
40,NCNTY40045N40045,"Ellis County, OK",383,459,544,678,820,OK,4151
40,NCNTY40047N40047,"Garfield County, OK",437,550,652,869,974,OK,60580
40,NCNTY40049N40049,"Garvin County, OK",401,469,635,791,885,OK,27576
40,NCNTY40053N40053,"Grant County, OK",347,416,493,614,659,OK,4527
40,NCNTY40055N40055,"Greer County, OK",351,410,498,620,750,OK,6239
40,NCNTY40057N40057,"Harmon County, OK",356,388,506,648,761,OK,2922
40,NCNTY40059N40059,"Harper County, OK",366,397,519,666,782,OK,3685
40,NCNTY40061N40061,"Haskell County, OK",385,404,547,755,758,OK,12769
40,NCNTY40063N40063,"Hughes County, OK",410,491,582,748,778,OK,14003
40,NCNTY40065N40065,"Jackson County, OK",434,462,606,880,1073,OK,26446
40,NCNTY40067N40067,"Jefferson County, OK",380,398,539,671,720,OK,6472
40,NCNTY40069N40069,"Johnston County, OK",405,425,575,716,768,OK,10957
40,NCNTY40071N40071,"Kay County, OK",505,509,688,890,1098,OK,46562
40,NCNTY40073N40073,"Kingfisher County, OK",461,483,654,842,1127,OK,15034
40,NCNTY40075N40075,"Kiowa County, OK",374,376,508,722,766,OK,9446
40,NCNTY40077N40077,"Latimer County, OK",357,404,507,733,735,OK,11154
40,NCNTY40085N40085,"Love County, OK",440,526,624,868,871,OK,9423
40,NCNTY40089N40089,"McCurtain County, OK",413,433,586,798,982,OK,33151
40,NCNTY40091N40091,"McIntosh County, OK",408,446,603,751,1068,OK,20252
40,NCNTY40093N40093,"Major County, OK",354,385,503,741,891,OK,7527
40,NCNTY40095N40095,"Marshall County, OK",444,466,630,866,916,OK,15840
40,NCNTY40097N40097,"Mayes County, OK",381,473,640,880,1134,OK,41259
40,NCNTY40099N40099,"Murray County, OK",464,486,658,820,879,OK,13488
40,NCNTY40101N40101,"Muskogee County, OK",434,529,695,972,1014,OK,70990
40,NCNTY40103N40103,"Noble County, OK",430,514,610,824,890,OK,11561
40,NCNTY40105N40105,"Nowata County, OK",436,496,619,771,933,OK,10536
40,NCNTY40107N40107,"Okfuskee County, OK",370,440,525,731,734,OK,12191
40,NCNTY40115N40115,"Ottawa County, OK",459,462,625,778,898,OK,31848
40,NCNTY40119N40119,"Payne County, OK",415,511,666,970,1180,OK,77350
40,NCNTY40121N40121,"Pittsburg County, OK",418,534,702,874,938,OK,45837
40,NCNTY40123N40123,"Pontotoc County, OK",418,500,593,796,1015,OK,37492
40,NCNTY40125N40125,"Pottawatomie County, OK",492,495,670,848,897,OK,69442
40,NCNTY40127N40127,"Pushmataha County, OK",382,401,543,715,800,OK,11572
40,NCNTY40129N40129,"Roger Mills County, OK",430,467,610,811,815,OK,3647
40,NCNTY40133N40133,"Seminole County, OK",376,450,568,835,867,OK,25482
40,NCNTY40137N40137,"Stephens County, OK",419,440,595,833,1054,OK,45048
40,NCNTY40139N40139,"Texas County, OK",457,547,649,808,1149,OK,20640
40,NCNTY40141N40141,"Tillman County, OK",378,403,536,696,716,OK,7992
40,NCNTY40147N40147,"Washington County, OK",391,544,658,961,1147,OK,50976
40,NCNTY40149N40149,"Washita County, OK",378,453,537,791,951,OK,11629
40,NCNTY40151N40151,"Woods County, OK",421,442,598,745,803,OK,8878
40,NCNTY40153N40153,"Woodward County, OK",490,511,606,893,1073,OK,20081
41,METRO13460M13460,"Bend, OR MSA",580,671,836,1195,1430,OR,157733
41,METRO18700M18700,"Corvallis, OR MSA",479,614,805,1186,1426,OR,85579
41,METRO21660M21660,"Eugene-Springfield, OR MSA",517,647,869,1251,1469,OR,351715
41,METRO32780M32780,"Medford, OR MSA",635,642,869,1281,1443,OR,203206
41,METRO38900M38900,"Portland-Vancouver-Hillsboro, OR-WA MSA",694,807,961,1416,1702,OR,1789580
41,METRO41420M41420,"Salem, OR MSA",556,588,793,1169,1405,OR,390738
41,NCNTY41001N41001,"Baker County, OR",505,522,664,850,933,OR,16134
41,NCNTY41007N41007,"Clatsop County, OR",571,619,837,1193,1482,OR,37039
41,NCNTY41011N41011,"Coos County, OR",481,548,715,1012,1247,OR,63043
41,NCNTY41013N41013,"Crook County, OR",464,599,739,1089,1265,OR,20978
41,NCNTY41015N41015,"Curry County, OR",540,619,837,1231,1284,OR,22364
41,NCNTY41019N41019,"Douglas County, OR",507,599,789,1163,1397,OR,107667
41,NCNTY41021N41021,"Gilliam County, OR",401,472,622,897,1046,OR,1871
41,NCNTY41023N41023,"Grant County, OR",367,442,569,838,1008,OR,7445
41,NCNTY41025N41025,"Harney County, OR",428,491,664,827,887,OR,7422
41,NCNTY41027N41027,"Hood River County, OR",691,722,856,1261,1395,OR,22346
41,NCNTY41031N41031,"Jefferson County, OR",387,493,621,915,918,OR,21720
41,NCNTY41033N41033,"Josephine County, OR",447,571,752,1087,1188,OR,82713
41,NCNTY41035N41035,"Klamath County, OR",445,585,722,1041,1260,OR,66380
41,NCNTY41037N41037,"Lake County, OR",408,533,632,787,1119,OR,7895
41,NCNTY41041N41041,"Lincoln County, OR",591,631,789,1163,1167,OR,46034
41,NCNTY41043N41043,"Linn County, OR",490,567,767,1117,1225,OR,116672
41,NCNTY41045N41045,"Malheur County, OR",449,500,651,917,979,OR,31313
41,NCNTY41049N41049,"Morrow County, OR",500,573,775,989,1200,OR,11173
41,NCNTY41055N41055,"Sherman County, OR",434,568,673,885,1132,OR,1765
41,NCNTY41057N41057,"Tillamook County, OR",475,599,749,1037,1322,OR,25250
41,NCNTY41059N41059,"Umatilla County, OR",389,490,654,860,1158,OR,75889
41,NCNTY41061N41061,"Union County, OR",424,526,712,974,1229,OR,25748
41,NCNTY41063N41063,"Wallowa County, OR",456,566,707,881,997,OR,7008
41,NCNTY41065N41065,"Wasco County, OR",535,590,746,1092,1213,OR,25213
41,NCNTY41069N41069,"Wheeler County, OR",409,469,634,790,1067,OR,1441
42,METRO10900M10900,"Allentown-Bethlehem-Easton, PA HUD Metro FMR Area",669,768,970,1214,1377,PA,712481
42,METRO11020M11020,"Altoona, PA MSA",512,545,653,860,959,PA,127089
42,METRO21500M21500,"Erie, PA MSA",483,589,742,927,1107,PA,280566
42,METRO25420M25420,"Harrisburg-Carlisle, PA MSA",677,755,964,1244,1288,PA,549475
42,METRO27780M27780,"Johnstown, PA MSA",461,540,640,849,855,PA,143679
42,METRO29540M29540,"Lancaster, PA MSA",648,739,944,1217,1262,PA,519445
42,METRO30140M30140,"Lebanon, PA MSA",522,682,878,1128,1246,PA,133568
42,METRO35620MM5660,"Pike County, PA HUD Metro FMR Area",850,855,1087,1367,1731,PA,57369
42,METRO37980M37980,"Philadelphia-Camden-Wilmington, PA-NJ-DE-MD MSA",788,929,1119,1394,1496,PA,4008994
42,METRO38300M38300,"Pittsburgh, PA HUD Metro FMR Area",582,668,833,1046,1113,PA,2287344
42,METRO38300N42005,"Armstrong County, PA HUD Metro FMR Area",369,458,620,783,853,PA,68941
42,METRO39740M39740,"Reading, PA MSA",571,709,938,1168,1254,PA,411442
42,METRO42540M42540,"Scranton--Wilkes-Barre, PA MSA",536,638,794,1008,1132,PA,563631
42,METRO44300M44300,"State College, PA MSA",771,845,1039,1361,1412,PA,153990
42,METRO48700M48700,"Williamsport, PA MSA",539,608,770,1019,1044,PA,116111
42,METRO49620M49620,"York-Hanover, PA MSA",519,658,873,1128,1204,PA,434972
42,METRO49660MM7610,"Sharon, PA HUD Metro FMR Area",548,592,762,962,1018,PA,116638
42,NCNTY42001N42001,"Adams County, PA",676,681,880,1169,1278,PA,101407
42,NCNTY42009N42009,"Bedford County, PA",495,510,613,794,819,PA,49762
42,NCNTY42015N42015,"Bradford County, PA",483,489,648,869,872,PA,62622
42,NCNTY42023N42023,"Cameron County, PA",400,464,550,796,974,PA,5085
42,NCNTY42031N42031,"Clarion County, PA",450,522,619,773,983,PA,39988
42,NCNTY42033N42033,"Clearfield County, PA",427,470,604,809,812,PA,81642
42,NCNTY42035N42035,"Clinton County, PA",521,525,710,922,1152,PA,39238
42,NCNTY42037N42037,"Columbia County, PA",603,607,771,992,1337,PA,67295
42,NCNTY42039N42039,"Crawford County, PA",471,524,648,858,939,PA,88765
42,NCNTY42047N42047,"Elk County, PA",447,497,615,766,822,PA,31946
42,NCNTY42053N42053,"Forest County, PA",506,529,627,924,1111,PA,7716
42,NCNTY42055N42055,"Franklin County, PA",565,657,845,1124,1410,PA,149618
42,NCNTY42057N42057,"Fulton County, PA",428,497,589,737,787,PA,14845
42,NCNTY42059N42059,"Greene County, PA",446,502,614,765,821,PA,38686
42,NCNTY42061N42061,"Huntingdon County, PA",457,476,571,814,817,PA,45913
42,NCNTY42063N42063,"Indiana County, PA",515,537,637,857,860,PA,88880
42,NCNTY42065N42065,"Jefferson County, PA",368,505,615,766,846,PA,45200
42,NCNTY42067N42067,"Juniata County, PA",380,485,586,832,835,PA,24636
42,NCNTY42073N42073,"Lawrence County, PA",460,621,774,1006,1034,PA,91108
42,NCNTY42083N42083,"McKean County, PA",466,517,646,818,863,PA,43450
42,NCNTY42087N42087,"Mifflin County, PA",467,470,603,758,806,PA,46682
42,NCNTY42089N42089,"Monroe County, PA",734,870,1137,1578,1733,PA,169842
42,NCNTY42093N42093,"Montour County, PA",495,574,681,901,910,PA,18267
42,NCNTY42097N42097,"Northumberland County, PA",506,516,626,820,933,PA,94528
42,NCNTY42105N42105,"Potter County, PA",453,525,623,809,970,PA,17457
42,NCNTY42107N42107,"Schuylkill County, PA",391,505,657,901,907,PA,148289
42,NCNTY42109N42109,"Snyder County, PA",527,551,653,842,873,PA,39702
42,NCNTY42111N42111,"Somerset County, PA",444,523,635,791,895,PA,77742
42,NCNTY42113N42113,"Sullivan County, PA",432,435,540,746,749,PA,6428
42,NCNTY42115N42115,"Susquehanna County, PA",537,561,665,871,1017,PA,43356
42,NCNTY42117N42117,"Tioga County, PA",387,547,649,808,987,PA,41981
42,NCNTY42119N42119,"Union County, PA",509,525,700,959,1100,PA,44947
42,NCNTY42121N42121,"Venango County, PA",456,459,614,765,821,PA,54984
42,NCNTY42123N42123,"Warren County, PA",493,507,610,766,895,PA,41815
42,NCNTY42127N42127,"Wayne County, PA",445,609,722,1064,1068,PA,52822
44,METRO39300M39300,"Providence-Fall River, RI-MA HUD Metro FMR Area",727,820,1001,1247,1492,RI,962330
44,METRO39300MM5520,"Westerly-Hopkinton-New Shoreham, RI HUD Metro FMR Area",612,761,1029,1294,1620,RI,32026
44,METRO39300N44005,"Newport-Middleton-Portsmouth, RI HUD Metro FMR Area",980,986,1225,1805,2170,RI,58211
45,METRO11340M11340,"Anderson, SC MSA",554,563,686,939,971,SC,187126
45,METRO12260M12260,"Augusta-Richmond County, GA-SC MSA",587,662,790,1075,1330,SC,187084
45,METRO16700M16700,"Charleston-North Charleston-Summerville, SC MSA",756,788,936,1212,1608,SC,664607
45,METRO16740M16740,"Charlotte-Gastonia-Rock Hill, NC-SC HUD Metro FMR Area",644,710,842,1135,1408,SC,226073
45,METRO17900M17900,"Columbia, SC HUD Metro FMR Area",640,693,822,1084,1374,SC,705901
45,METRO17900N45055,"Kershaw County, SC HUD Metro FMR Area",524,567,673,900,1142,SC,61697
45,METRO22500M22500,"Florence, SC HUD Metro FMR Area",581,586,729,908,974,SC,136885
45,METRO22500N45031,"Darlington County, SC HUD Metro FMR Area",525,549,659,821,994,SC,68681
45,METRO24860M24860,"Greenville-Mauldin-Easley, SC MSA",515,649,770,1021,1209,SC,570449
45,METRO24860N45059,"Laurens County, SC HUD Metro FMR Area",552,731,928,1195,1333,SC,66537
45,METRO34820M34820,"Myrtle Beach-North Myrtle Beach-Conway, SC MSA",699,703,874,1089,1278,SC,269291
45,METRO43900M43900,"Spartanburg, SC MSA",439,586,695,928,1044,SC,284307
45,METRO44940M44940,"Sumter, SC MSA",518,522,669,833,1033,SC,107456
45,NCNTY45001N45001,"Abbeville County, SC",489,492,657,892,1164,SC,25417
45,NCNTY45005N45005,"Allendale County, SC",555,558,695,866,1231,SC,10419
45,NCNTY45009N45009,"Bamberg County, SC",532,536,725,903,1284,SC,15987
45,NCNTY45011N45011,"Barnwell County, SC",484,487,659,929,933,SC,22621
45,NCNTY45013N45013,"Beaufort County, SC",676,821,973,1234,1490,SC,162233
45,NCNTY45021N45021,"Cherokee County, SC",520,543,644,871,1141,SC,55342
45,NCNTY45023N45023,"Chester County, SC",522,545,646,843,990,SC,33140
45,NCNTY45025N45025,"Chesterfield County, SC",527,550,652,860,1073,SC,46734
45,NCNTY45027N45027,"Clarendon County, SC",474,477,646,805,1085,SC,34971
45,NCNTY45029N45029,"Colleton County, SC",600,604,761,974,1017,SC,38892
45,NCNTY45033N45033,"Dillon County, SC",449,452,612,873,876,SC,32062
45,NCNTY45043N45043,"Georgetown County, SC",589,593,802,1064,1341,SC,60158
45,NCNTY45047N45047,"Greenwood County, SC",575,579,752,992,1038,SC,69661
45,NCNTY45049N45049,"Hampton County, SC",501,504,682,859,911,SC,21090
45,NCNTY45053N45053,"Jasper County, SC",574,661,894,1195,1305,SC,24777
45,NCNTY45057N45057,"Lancaster County, SC",476,479,605,833,891,SC,76652
45,NCNTY45061N45061,"Lee County, SC",429,448,531,782,940,SC,19220
45,NCNTY45065N45065,"McCormick County, SC",470,473,602,887,890,SC,10233
45,NCNTY45067N45067,"Marion County, SC",503,525,623,783,917,SC,33062
45,NCNTY45069N45069,"Marlboro County, SC",480,483,654,815,882,SC,28933
45,NCNTY45071N45071,"Newberry County, SC",545,549,743,956,1293,SC,37508
45,NCNTY45073N45073,"Oconee County, SC",564,568,718,894,1122,SC,74273
45,NCNTY45075N45075,"Orangeburg County, SC",400,523,661,823,1117,SC,92501
45,NCNTY45087N45087,"Union County, SC",517,520,704,930,941,SC,28961
45,NCNTY45089N45089,"Williamsburg County, SC",384,545,646,829,901,SC,34423
46,METRO39660M39660,"Rapid City, SD HUD Metro FMR Area",523,618,826,1115,1463,SD,100948
46,METRO39660N46093,"Meade County, SD HUD Metro FMR Area",463,591,732,1032,1036,SD,25434
46,METRO43580M43580,"Sioux City, IA-NE-SD MSA",416,544,700,919,1033,SD,14399
46,METRO43620M43620,"Sioux Falls, SD MSA",486,570,718,1010,1188,SD,228261
46,NCNTY46003N46003,"Aurora County, SD",480,486,657,897,901,SD,2710
46,NCNTY46005N46005,"Beadle County, SD",464,469,635,853,856,SD,17398
46,NCNTY46007N46007,"Bennett County, SD",368,425,504,743,825,SD,3431
46,NCNTY46009N46009,"Bon Homme County, SD",375,413,513,719,784,SD,7070
46,NCNTY46011N46011,"Brookings County, SD",443,515,697,1027,1234,SD,31965
46,NCNTY46013N46013,"Brown County, SD",416,472,639,813,1132,SD,36531
46,NCNTY46015N46015,"Brule County, SD",467,539,639,882,885,SD,5255
46,NCNTY46017N46017,"Buffalo County, SD",509,514,696,867,930,SD,1912
46,NCNTY46019N46019,"Butte County, SD",429,480,587,865,868,SD,10110
46,NCNTY46021N46021,"Campbell County, SD",481,514,658,908,911,SD,1466
46,NCNTY46023N46023,"Charles Mix County, SD",407,470,557,723,744,SD,9129
46,NCNTY46025N46025,"Clark County, SD",400,404,547,681,731,SD,3691
46,NCNTY46027N46027,"Clay County, SD",514,547,703,1036,1245,SD,13864
46,NCNTY46029N46029,"Codington County, SD",427,516,671,865,897,SD,27227
46,NCNTY46031N46031,"Corson County, SD",410,415,561,799,801,SD,4050
46,NCNTY46033N46033,"Custer County, SD",540,546,739,920,1224,SD,8216
46,NCNTY46035N46035,"Davison County, SD",496,533,721,949,964,SD,19504
46,NCNTY46037N46037,"Day County, SD",433,438,592,872,875,SD,5710
46,NCNTY46039N46039,"Deuel County, SD",398,460,545,788,791,SD,4364
46,NCNTY46041N46041,"Dewey County, SD",444,449,608,845,857,SD,5301
46,NCNTY46043N46043,"Douglas County, SD",469,475,642,800,858,SD,3002
46,NCNTY46045N46045,"Edmunds County, SD",524,530,717,1057,1060,SD,4071
46,NCNTY46047N46047,"Fall River County, SD",572,579,783,1074,1078,SD,7094
46,NCNTY46049N46049,"Faulk County, SD",339,391,464,640,643,SD,2364
46,NCNTY46051N46051,"Grant County, SD",437,470,598,827,1027,SD,7356
46,NCNTY46053N46053,"Gregory County, SD",392,453,537,791,794,SD,4271
46,NCNTY46055N46055,"Haakon County, SD",406,412,556,819,822,SD,1937
46,NCNTY46057N46057,"Hamlin County, SD",434,437,547,806,809,SD,5903
46,NCNTY46059N46059,"Hand County, SD",416,432,569,829,832,SD,3431
46,NCNTY46061N46061,"Hanson County, SD",474,480,649,808,867,SD,3331
46,NCNTY46063N46063,"Harding County, SD",473,480,648,894,897,SD,1255
46,NCNTY46065N46065,"Hughes County, SD",496,502,679,1001,1203,SD,17022
46,NCNTY46067N46067,"Hutchinson County, SD",431,492,590,788,1045,SD,7343
46,NCNTY46069N46069,"Hyde County, SD",338,343,463,682,685,SD,1420
46,NCNTY46071N46071,"Jackson County, SD",388,448,531,782,785,SD,3031
46,NCNTY46073N46073,"Jerauld County, SD",372,399,509,750,753,SD,2071
46,NCNTY46075N46075,"Jones County, SD",319,324,437,644,646,SD,1006
46,NCNTY46077N46077,"Kingsbury County, SD",421,444,576,849,925,SD,5148
46,NCNTY46079N46079,"Lake County, SD",388,448,531,782,785,SD,11200
46,NCNTY46081N46081,"Lawrence County, SD",456,531,669,953,957,SD,24097
46,NCNTY46085N46085,"Lyman County, SD",365,404,500,737,886,SD,3755
46,NCNTY46089N46089,"McPherson County, SD",473,479,648,894,897,SD,2459
46,NCNTY46091N46091,"Marshall County, SD",446,451,610,899,902,SD,4656
46,NCNTY46095N46095,"Mellette County, SD",289,293,396,584,586,SD,2048
46,NCNTY46097N46097,"Miner County, SD",411,474,562,775,778,SD,2389
46,NCNTY46101N46101,"Moody County, SD",424,429,581,854,857,SD,6486
46,NCNTY46105N46105,"Perkins County, SD",518,524,709,883,948,SD,2982
46,NCNTY46107N46107,"Potter County, SD",438,505,599,746,801,SD,2329
46,NCNTY46109N46109,"Roberts County, SD",438,502,599,836,839,SD,10149
46,NCNTY46111N46111,"Sanborn County, SD",430,496,588,866,947,SD,2355
46,NCNTY46113N46113,"Shannon County, SD",386,430,528,702,726,SD,13586
46,NCNTY46115N46115,"Spink County, SD",443,462,548,808,810,SD,6415
46,NCNTY46117N46117,"Stanley County, SD",622,631,852,1255,1314,SD,2966
46,NCNTY46119N46119,"Sully County, SD",500,507,685,853,915,SD,1373
46,NCNTY46121N46121,"Todd County, SD",413,418,565,704,755,SD,9612
46,NCNTY46123N46123,"Tripp County, SD",452,458,619,838,842,SD,5644
46,NCNTY46129N46129,"Walworth County, SD",405,467,554,816,819,SD,5438
46,NCNTY46135N46135,"Yankton County, SD",475,492,665,928,1108,SD,22438
46,NCNTY46137N46137,"Ziebach County, SD",398,424,545,796,905,SD,2801
47,METRO16860M16860,"Chattanooga, TN-GA MSA",522,629,783,1065,1200,TN,378812
47,METRO17300M17300,"Clarksville, TN-KY HUD Metro FMR Area",498,567,740,980,1063,TN,172331
47,METRO17300N47161,"Stewart County, TN HUD Metro FMR Area",433,495,644,885,925,TN,13324
47,METRO17420M17420,"Cleveland, TN MSA",524,563,762,980,1263,TN,115788
47,METRO27180M27180,"Jackson, TN MSA",478,630,804,1072,1171,TN,115425
47,METRO27740M27740,"Johnson City, TN MSA",468,555,697,953,1195,TN,198716
47,METRO28700M28700,"Kingsport-Bristol-Bristol, TN-VA MSA",457,507,652,853,965,TN,213656
47,METRO28940M28940,"Knoxville, TN MSA",500,638,787,1052,1181,TN,698030
47,METRO32820M32820,"Memphis, TN-MS-AR HUD Metro FMR Area",610,697,826,1129,1258,TN,1027138
47,METRO34100M34100,"Morristown, TN MSA",452,500,657,881,1030,TN,136608
47,METRO34980M34980,"Nashville-Davidson--Murfreesboro--Franklin, TN MSA",631,728,871,1158,1243,TN,1523830
47,METRO34980N47081,"Hickman County, TN HUD Metro FMR Area",428,437,591,871,1024,TN,24690
47,METRO34980N47111,"Macon County, TN HUD Metro FMR Area",429,438,592,737,791,TN,22248
47,METRO34980N47159,"Smith County, TN HUD Metro FMR Area",420,441,593,804,827,TN,19166
47,NCNTY47003N47003,"Bedford County, TN",441,547,649,915,1083,TN,45058
47,NCNTY47005N47005,"Benton County, TN",338,367,497,732,880,TN,16489
47,NCNTY47007N47007,"Bledsoe County, TN",398,447,585,729,827,TN,12876
47,NCNTY47013N47013,"Campbell County, TN",371,438,546,716,967,TN,40716
47,NCNTY47017N47017,"Carroll County, TN",385,419,567,706,867,TN,28522
47,NCNTY47025N47025,"Claiborne County, TN",342,462,553,689,979,TN,32213
47,NCNTY47027N47027,"Clay County, TN",380,413,559,824,828,TN,7861
47,NCNTY47029N47029,"Cocke County, TN",377,456,555,803,805,TN,35662
47,NCNTY47031N47031,"Coffee County, TN",412,498,660,905,965,TN,52796
47,NCNTY47033N47033,"Crockett County, TN",413,513,608,768,935,TN,14586
47,NCNTY47035N47035,"Cumberland County, TN",414,510,609,762,814,TN,56053
47,NCNTY47039N47039,"Decatur County, TN",336,418,495,645,826,TN,11757
47,NCNTY47041N47041,"DeKalb County, TN",381,415,561,819,822,TN,18723
47,NCNTY47045N47045,"Dyer County, TN",487,491,664,896,899,TN,38335
47,NCNTY47049N47049,"Fentress County, TN",390,424,574,731,801,TN,17959
47,NCNTY47051N47051,"Franklin County, TN",419,455,616,823,826,TN,41052
47,NCNTY47053N47053,"Gibson County, TN",485,488,606,830,833,TN,49683
47,NCNTY47055N47055,"Giles County, TN",423,525,623,893,896,TN,29485
47,NCNTY47059N47059,"Greene County, TN",374,459,550,731,741,TN,68831
47,NCNTY47061N47061,"Grundy County, TN",406,459,597,880,883,TN,13703
47,NCNTY47067N47067,"Hancock County, TN",299,331,440,604,779,TN,6819
47,NCNTY47069N47069,"Hardeman County, TN",364,452,536,674,879,TN,27253
47,NCNTY47071N47071,"Hardin County, TN",436,475,642,803,1137,TN,26026
47,NCNTY47075N47075,"Haywood County, TN",396,561,665,828,889,TN,18787
47,NCNTY47077N47077,"Henderson County, TN",442,481,651,811,870,TN,27769
47,NCNTY47079N47079,"Henry County, TN",417,518,614,765,1087,TN,32330
47,NCNTY47083N47083,"Houston County, TN",350,435,589,743,787,TN,8426
47,NCNTY47085N47085,"Humphreys County, TN",381,472,560,733,748,TN,18538
47,NCNTY47087N47087,"Jackson County, TN",359,390,528,778,781,TN,11638
47,NCNTY47091N47091,"Johnson County, TN",401,436,590,735,788,TN,18244
47,NCNTY47095N47095,"Lake County, TN",385,387,493,726,793,TN,7832
47,NCNTY47097N47097,"Lauderdale County, TN",392,426,576,817,1011,TN,27815
47,NCNTY47099N47099,"Lawrence County, TN",413,468,607,756,838,TN,41869
47,NCNTY47101N47101,"Lewis County, TN",323,401,475,700,841,TN,12161
47,NCNTY47103N47103,"Lincoln County, TN",398,447,585,729,983,TN,33361
47,NCNTY47107N47107,"McMinn County, TN",378,529,635,836,956,TN,52266
47,NCNTY47109N47109,"McNairy County, TN",374,435,589,734,792,TN,26075
47,NCNTY47117N47117,"Marshall County, TN",472,513,694,884,939,TN,30617
47,NCNTY47119N47119,"Maury County, TN",500,504,669,898,1027,TN,80956
47,NCNTY47121N47121,"Meigs County, TN",399,448,587,865,868,TN,11753
47,NCNTY47123N47123,"Monroe County, TN",396,442,582,779,823,TN,44519
47,NCNTY47127N47127,"Moore County, TN",436,490,641,859,906,TN,6362
47,NCNTY47129N47129,"Morgan County, TN",418,485,615,766,943,TN,21987
47,NCNTY47131N47131,"Obion County, TN",380,430,582,726,778,TN,31807
47,NCNTY47133N47133,"Overton County, TN",341,374,502,740,889,TN,22083
47,NCNTY47135N47135,"Perry County, TN",370,459,544,678,769,TN,7915
47,NCNTY47137N47137,"Pickett County, TN",345,387,507,631,717,TN,5077
47,NCNTY47141N47141,"Putnam County, TN",424,479,625,894,981,TN,72321
47,NCNTY47143N47143,"Rhea County, TN",499,504,618,827,851,TN,31809
47,NCNTY47145N47145,"Roane County, TN",440,479,648,884,887,TN,54181
47,NCNTY47151N47151,"Scott County, TN",342,408,484,680,857,TN,22228
47,NCNTY47155N47155,"Sevier County, TN",488,538,718,894,1152,TN,89889
47,NCNTY47175N47175,"Van Buren County, TN",326,367,480,598,679,TN,5548
47,NCNTY47177N47177,"Warren County, TN",401,436,590,851,1045,TN,39839
47,NCNTY47181N47181,"Wayne County, TN",353,384,519,757,919,TN,17021
47,NCNTY47183N47183,"Weakley County, TN",428,453,573,800,804,TN,35021
47,NCNTY47185N47185,"White County, TN",413,449,608,790,813,TN,25841
48,METRO10180M10180,"Abilene, TX MSA",567,651,877,1111,1416,TX,165252
48,METRO11100M11100,"Amarillo, TX MSA",516,609,800,1092,1143,TX,249881
48,METRO12420M12420,"Austin-Round Rock-San Marcos, TX MSA",681,834,1050,1421,1723,TX,1716289
48,METRO13140M13140,"Beaumont-Port Arthur, TX MSA",560,702,871,1142,1164,TX,388745
48,METRO15180M15180,"Brownsville-Harlingen, TX MSA",484,571,712,933,1036,TX,406220
48,METRO17780M17780,"College Station-Bryan, TX MSA",716,721,889,1286,1541,TX,228660
48,METRO18580M18580,"Corpus Christi, TX HUD Metro FMR Area",589,706,905,1199,1410,TX,405027
48,METRO18580N48007,"Aransas County, TX HUD Metro FMR Area",483,577,780,1149,1215,TX,23158
48,METRO19100M19100,"Dallas, TX HUD Metro FMR Area",624,749,947,1264,1526,TX,4235751
48,METRO19100MM2800,"Fort Worth-Arlington, TX HUD Metro FMR Area",610,714,924,1239,1475,TX,2076895
48,METRO19100N48497,"Wise County, TX HUD Metro FMR Area",497,617,835,1040,1116,TX,59127
48,METRO21340M21340,"El Paso, TX MSA",568,620,766,1086,1302,TX,800647
48,METRO26420M26420,"Houston-Baytown-Sugar Land, TX HUD Metro FMR Area",636,765,945,1290,1595,TX,5605217
48,METRO26420MM1145,"Brazoria County, TX HUD Metro FMR Area",695,699,899,1239,1529,TX,313166
48,METRO26420N48015,"Austin County, TX HUD Metro FMR Area",498,563,740,1090,1249,TX,28417
48,METRO28660M28660,"Killeen-Temple-Fort Hood, TX HUD Metro FMR Area",621,637,848,1250,1418,TX,385623
48,METRO28660N48281,"Lampasas County, TX HUD Metro FMR Area",505,582,690,1017,1136,TX,19677
48,METRO29700M29700,"Laredo, TX MSA",574,619,778,1022,1058,TX,250304
48,METRO30980M30980,"Longview, TX HUD Metro FMR Area",681,687,843,1050,1349,TX,161039
48,METRO30980N48401,"Rusk County, TX HUD Metro FMR Area",540,543,733,969,1172,TX,53330
48,METRO31180M31180,"Lubbock, TX MSA",514,599,787,1149,1323,TX,284890
48,METRO32580M32580,"McAllen-Edinburg-Mission, TX MSA",473,537,699,871,1063,TX,774769
48,METRO33260M33260,"Midland, TX MSA",620,800,1042,1298,1440,TX,136872
48,METRO36220M36220,"Odessa, TX MSA",521,605,778,990,1040,TX,137130
48,METRO41660M41660,"San Angelo, TX MSA",492,574,766,1063,1139,TX,111823
48,METRO41700M41700,"San Antonio-New Braunfels, TX HUD Metro FMR Area",586,738,927,1209,1326,TX,2018181
48,METRO41700N48013,"Atascosa County, TX HUD Metro FMR Area",467,599,785,1051,1195,TX,44911
48,METRO41700N48259,"Kendall County, TX HUD Metro FMR Area",608,811,962,1418,1704,TX,33410
48,METRO41700N48325,"Medina County, TX HUD Metro FMR Area",482,537,726,959,1038,TX,46006
48,METRO43300M43300,"Sherman-Denison, TX MSA",525,658,851,1146,1458,TX,120877
48,METRO45500M45500,"Texarkana, TX-Texarkana, AR MSA",475,616,757,943,1012,TX,92565
48,METRO46340M46340,"Tyler, TX MSA",605,710,842,1117,1125,TX,209714
48,METRO47020M47020,"Victoria, TX HUD Metro FMR Area",578,616,779,970,1243,TX,94003
48,METRO47020N48057,"Calhoun County, TX HUD Metro FMR Area",529,533,720,899,1130,TX,21381
48,METRO47380M47380,"Waco, TX MSA",504,592,801,1049,1173,TX,234906
48,METRO48660M48660,"Wichita Falls, TX MSA",435,586,732,1037,1187,TX,151306
48,NCNTY48001N48001,"Anderson County, TX",532,634,752,983,1332,TX,58458
48,NCNTY48003N48003,"Andrews County, TX",525,574,741,1092,1096,TX,14786
48,NCNTY48005N48005,"Angelina County, TX",664,725,878,1149,1293,TX,86771
48,NCNTY48017N48017,"Bailey County, TX",632,693,892,1111,1294,TX,7165
48,NCNTY48023N48023,"Baylor County, TX",497,519,702,874,1018,TX,3726
48,NCNTY48025N48025,"Bee County, TX",582,596,720,1061,1167,TX,31861
48,NCNTY48031N48031,"Blanco County, TX",641,669,905,1127,1209,TX,10497
48,NCNTY48033N48033,"Borden County, TX",510,559,720,897,1044,TX,641
48,NCNTY48035N48035,"Bosque County, TX",455,495,643,944,1063,TX,18212
48,NCNTY48043N48043,"Brewster County, TX",634,638,863,1075,1252,TX,9232
48,NCNTY48045N48045,"Briscoe County, TX",407,447,575,767,834,TX,1637
48,NCNTY48047N48047,"Brooks County, TX",333,396,470,693,695,TX,7223
48,NCNTY48049N48049,"Brown County, TX",453,563,762,977,1350,TX,38106
48,NCNTY48053N48053,"Burnet County, TX",503,525,710,1046,1258,TX,42750
48,NCNTY48063N48063,"Camp County, TX",428,509,604,781,890,TX,12401
48,NCNTY48067N48067,"Cass County, TX",406,449,573,789,1015,TX,30464
48,NCNTY48069N48069,"Castro County, TX",466,555,658,820,949,TX,8062
48,NCNTY48073N48073,"Cherokee County, TX",472,555,666,865,930,TX,50845
48,NCNTY48075N48075,"Childress County, TX",516,615,729,908,1057,TX,7041
48,NCNTY48079N48079,"Cochran County, TX",366,382,517,762,764,TX,3127
48,NCNTY48081N48081,"Coke County, TX",378,470,636,792,923,TX,3320
48,NCNTY48083N48083,"Coleman County, TX",405,423,572,843,1013,TX,8895
48,NCNTY48087N48087,"Collingsworth County, TX",353,388,499,735,738,TX,3057
48,NCNTY48089N48089,"Colorado County, TX",481,543,735,1055,1300,TX,20874
48,NCNTY48093N48093,"Comanche County, TX",430,449,607,756,881,TX,13974
48,NCNTY48095N48095,"Concho County, TX",750,783,1060,1320,1538,TX,4087
48,NCNTY48097N48097,"Cooke County, TX",593,619,837,1093,1119,TX,38437
48,NCNTY48101N48101,"Cottle County, TX",510,585,720,1061,1065,TX,1505
48,NCNTY48103N48103,"Crane County, TX",644,706,909,1132,1319,TX,4375
48,NCNTY48105N48105,"Crockett County, TX",467,487,659,971,974,TX,3719
48,NCNTY48109N48109,"Culberson County, TX",297,326,420,601,609,TX,2398
48,NCNTY48111N48111,"Dallam County, TX",499,595,705,1030,1033,TX,6703
48,NCNTY48115N48115,"Dawson County, TX",368,433,520,766,769,TX,13833
48,NCNTY48117N48117,"Deaf Smith County, TX",493,514,696,970,973,TX,19372
48,NCNTY48123N48123,"DeWitt County, TX",493,497,672,837,975,TX,20097
48,NCNTY48125N48125,"Dickens County, TX",469,515,663,826,962,TX,2444
48,NCNTY48127N48127,"Dimmit County, TX",428,509,604,752,807,TX,9996
48,NCNTY48129N48129,"Donley County, TX",467,487,659,821,956,TX,3677
48,NCNTY48131N48131,"Duval County, TX",485,578,685,853,994,TX,11782
48,NCNTY48133N48133,"Eastland County, TX",494,497,673,838,1184,TX,18583
48,NCNTY48137N48137,"Edwards County, TX",493,542,697,868,1011,TX,2002
48,NCNTY48143N48143,"Erath County, TX",594,598,785,1054,1058,TX,37890
48,NCNTY48145N48145,"Falls County, TX",434,477,646,892,895,TX,17866
48,NCNTY48147N48147,"Fannin County, TX",433,538,728,1000,1179,TX,33915
48,NCNTY48149N48149,"Fayette County, TX",595,622,841,1062,1124,TX,24554
48,NCNTY48151N48151,"Fisher County, TX",428,446,604,890,893,TX,3974
48,NCNTY48153N48153,"Floyd County, TX",399,475,563,830,970,TX,6446
48,NCNTY48155N48155,"Foard County, TX",352,386,497,732,735,TX,1336
48,NCNTY48159N48159,"Franklin County, TX",451,471,637,939,1128,TX,10605
48,NCNTY48161N48161,"Freestone County, TX",497,618,836,1041,1213,TX,19816
48,NCNTY48163N48163,"Frio County, TX",389,463,549,809,972,TX,17217
48,NCNTY48165N48165,"Gaines County, TX",462,483,653,918,977,TX,17526
48,NCNTY48169N48169,"Garza County, TX",436,520,616,908,911,TX,6461
48,NCNTY48171N48171,"Gillespie County, TX",653,682,923,1150,1635,TX,24837
48,NCNTY48173N48173,"Glasscock County, TX",510,559,720,897,1044,TX,1226
48,NCNTY48177N48177,"Gonzales County, TX",410,413,559,824,829,TX,19807
48,NCNTY48179N48179,"Gray County, TX",476,525,673,844,1068,TX,22535
48,NCNTY48185N48185,"Grimes County, TX",479,541,677,903,982,TX,26604
48,NCNTY48189N48189,"Hale County, TX",471,507,646,879,1072,TX,36273
48,NCNTY48191N48191,"Hall County, TX",376,437,563,830,832,TX,3353
48,NCNTY48193N48193,"Hamilton County, TX",443,463,626,922,926,TX,8517
48,NCNTY48195N48195,"Hansford County, TX",462,550,652,862,969,TX,5613
48,NCNTY48197N48197,"Hardeman County, TX",574,630,811,1010,1176,TX,4139
48,NCNTY48203N48203,"Harrison County, TX",464,591,737,967,985,TX,65631
48,NCNTY48205N48205,"Hartley County, TX",453,473,640,889,928,TX,6062
48,NCNTY48207N48207,"Haskell County, TX",291,319,411,606,608,TX,5899
48,NCNTY48211N48211,"Hemphill County, TX",527,614,745,928,1081,TX,3807
48,NCNTY48213N48213,"Henderson County, TX",697,704,863,1131,1396,TX,78532
48,NCNTY48217N48217,"Hill County, TX",526,549,743,1008,1072,TX,35089
48,NCNTY48219N48219,"Hockley County, TX",554,580,782,974,1045,TX,22935
48,NCNTY48221N48221,"Hood County, TX",678,682,923,1236,1307,TX,51182
48,NCNTY48223N48223,"Hopkins County, TX",543,546,739,948,1193,TX,35161
48,NCNTY48225N48225,"Houston County, TX",405,503,680,972,975,TX,23732
48,NCNTY48227N48227,"Howard County, TX",434,539,729,945,1082,TX,35012
48,NCNTY48229N48229,"Hudspeth County, TX",464,510,656,967,970,TX,3476
48,NCNTY48233N48233,"Hutchinson County, TX",510,567,720,913,962,TX,22150
48,NCNTY48237N48237,"Jack County, TX",549,655,776,966,1374,TX,9044
48,NCNTY48239N48239,"Jackson County, TX",416,549,699,947,1238,TX,14075
48,NCNTY48241N48241,"Jasper County, TX",545,599,770,959,1029,TX,35710
48,NCNTY48243N48243,"Jeff Davis County, TX",382,455,539,719,782,TX,2342
48,NCNTY48247N48247,"Jim Hogg County, TX",391,466,552,700,801,TX,5300
48,NCNTY48249N48249,"Jim Wells County, TX",568,616,802,999,1072,TX,40838
48,NCNTY48255N48255,"Karnes County, TX",463,483,573,844,1015,TX,14824
48,NCNTY48261N48261,"Kenedy County, TX",551,604,778,1037,1129,TX,416
48,NCNTY48263N48263,"Kent County, TX",553,607,781,973,1133,TX,808
48,NCNTY48265N48265,"Kerr County, TX",678,682,863,1220,1224,TX,49625
48,NCNTY48267N48267,"Kimble County, TX",476,497,673,838,899,TX,4607
48,NCNTY48269N48269,"King County, TX",510,559,720,897,1044,TX,286
48,NCNTY48271N48271,"Kinney County, TX",516,558,729,1074,1078,TX,3598
48,NCNTY48273N48273,"Kleberg County, TX",590,594,804,1104,1424,TX,32061
48,NCNTY48275N48275,"Knox County, TX",425,466,600,747,802,TX,3719
48,NCNTY48277N48277,"Lamar County, TX",479,571,677,986,1173,TX,49793
48,NCNTY48279N48279,"Lamb County, TX",457,545,646,863,1040,TX,13977
48,NCNTY48283N48283,"La Salle County, TX",441,460,623,918,921,TX,6886
48,NCNTY48285N48285,"Lavaca County, TX",380,443,599,860,869,TX,19263
48,NCNTY48287N48287,"Lee County, TX",476,568,673,992,995,TX,16612
48,NCNTY48289N48289,"Leon County, TX",493,529,697,906,1088,TX,16801
48,NCNTY48293N48293,"Limestone County, TX",549,584,775,1091,1101,TX,23384
48,NCNTY48295N48295,"Lipscomb County, TX",530,554,749,933,1001,TX,3302
48,NCNTY48297N48297,"Live Oak County, TX",544,649,769,958,1028,TX,11531
48,NCNTY48299N48299,"Llano County, TX",508,531,718,1058,1062,TX,19301
48,NCNTY48301N48301,"Loving County, TX",510,559,720,960,1044,TX,82
48,NCNTY48305N48305,"Lynn County, TX",384,458,543,800,803,TX,5915
48,NCNTY48307N48307,"McCulloch County, TX",436,455,616,896,899,TX,8283
48,NCNTY48311N48311,"McMullen County, TX",510,559,720,1061,1065,TX,707
48,NCNTY48313N48313,"Madison County, TX",356,424,503,741,744,TX,13664
48,NCNTY48315N48315,"Marion County, TX",488,510,690,859,1001,TX,10546
48,NCNTY48317N48317,"Martin County, TX",527,628,745,928,1081,TX,4799
48,NCNTY48319N48319,"Mason County, TX",513,563,725,1068,1072,TX,4012
48,NCNTY48321N48321,"Matagorda County, TX",442,549,743,1007,1316,TX,36702
48,NCNTY48323N48323,"Maverick County, TX",410,523,620,882,899,TX,54258
48,NCNTY48327N48327,"Menard County, TX",469,494,663,899,962,TX,2242
48,NCNTY48331N48331,"Milam County, TX",467,521,660,973,1169,TX,24757
48,NCNTY48333N48333,"Mills County, TX",510,561,720,1061,1275,TX,4936
48,NCNTY48335N48335,"Mitchell County, TX",421,502,595,855,1054,TX,9403
48,NCNTY48337N48337,"Montague County, TX",499,521,705,993,996,TX,19719
48,NCNTY48341N48341,"Moore County, TX",569,572,706,879,1171,TX,21904
48,NCNTY48343N48343,"Morris County, TX",418,444,591,847,857,TX,12934
48,NCNTY48345N48345,"Motley County, TX",306,336,432,538,627,TX,1210
48,NCNTY48347N48347,"Nacogdoches County, TX",632,654,821,1023,1097,TX,64524
48,NCNTY48349N48349,"Navarro County, TX",595,599,785,985,1054,TX,47735
48,NCNTY48351N48351,"Newton County, TX",434,508,613,763,819,TX,14445
48,NCNTY48353N48353,"Nolan County, TX",392,467,554,816,981,TX,15216
48,NCNTY48357N48357,"Ochiltree County, TX",474,565,670,944,972,TX,10223
48,NCNTY48359N48359,"Oldham County, TX",495,590,699,1030,1238,TX,2052
48,NCNTY48363N48363,"Palo Pinto County, TX",538,613,829,1110,1165,TX,28111
48,NCNTY48365N48365,"Panola County, TX",459,480,649,828,1149,TX,23796
48,NCNTY48369N48369,"Parmer County, TX",459,547,649,851,1098,TX,10269
48,NCNTY48371N48371,"Pecos County, TX",464,533,646,854,1144,TX,15507
48,NCNTY48373N48373,"Polk County, TX",490,502,675,989,1138,TX,45413
48,NCNTY48377N48377,"Presidio County, TX",284,338,401,591,593,TX,7818
48,NCNTY48379N48379,"Rains County, TX",414,432,585,862,865,TX,10914
48,NCNTY48383N48383,"Reagan County, TX",486,557,686,856,995,TX,3367
48,NCNTY48385N48385,"Real County, TX",421,440,595,877,880,TX,3309
48,NCNTY48387N48387,"Red River County, TX",455,475,642,841,1137,TX,12860
48,NCNTY48389N48389,"Reeves County, TX",370,416,523,771,926,TX,13783
48,NCNTY48391N48391,"Refugio County, TX",496,517,700,1002,1015,TX,7383
48,NCNTY48393N48393,"Roberts County, TX",510,559,720,897,1044,TX,929
48,NCNTY48399N48399,"Runnels County, TX",368,439,520,766,921,TX,10501
48,NCNTY48403N48403,"Sabine County, TX",433,515,611,900,903,TX,10834
48,NCNTY48405N48405,"San Augustine County, TX",381,384,519,646,896,TX,8865
48,NCNTY48411N48411,"San Saba County, TX",448,468,633,861,1121,TX,6131
48,NCNTY48413N48413,"Schleicher County, TX",496,517,700,872,1015,TX,3461
48,NCNTY48415N48415,"Scurry County, TX",496,499,675,995,998,TX,16921
48,NCNTY48417N48417,"Shackelford County, TX",367,402,518,763,766,TX,3378
48,NCNTY48419N48419,"Shelby County, TX",464,485,656,817,952,TX,25448
48,NCNTY48421N48421,"Sherman County, TX",450,536,636,879,923,TX,3034
48,NCNTY48425N48425,"Somervell County, TX",349,416,493,726,873,TX,8490
48,NCNTY48427N48427,"Starr County, TX",384,401,543,676,866,TX,60968
48,NCNTY48429N48429,"Stephens County, TX",489,511,691,902,1002,TX,9630
48,NCNTY48431N48431,"Sterling County, TX",514,612,726,1041,1053,TX,1143
48,NCNTY48433N48433,"Stonewall County, TX",312,350,441,644,647,TX,1490
48,NCNTY48435N48435,"Sutton County, TX",428,492,604,773,876,TX,4128
48,NCNTY48437N48437,"Swisher County, TX",435,455,615,826,892,TX,7854
48,NCNTY48443N48443,"Terrell County, TX",484,577,684,912,992,TX,984
48,NCNTY48445N48445,"Terry County, TX",443,478,626,802,908,TX,12651
48,NCNTY48447N48447,"Throckmorton County, TX",510,559,720,1061,1065,TX,1641
48,NCNTY48449N48449,"Titus County, TX",402,529,676,847,973,TX,32334
48,NCNTY48455N48455,"Trinity County, TX",404,476,571,841,1011,TX,14585
48,NCNTY48457N48457,"Tyler County, TX",487,532,688,1014,1017,TX,21766
48,NCNTY48461N48461,"Upton County, TX",348,415,492,667,714,TX,3355
48,NCNTY48463N48463,"Uvalde County, TX",611,674,799,1097,1159,TX,26405
48,NCNTY48465N48465,"Val Verde County, TX",496,506,685,993,996,TX,48879
48,NCNTY48467N48467,"Van Zandt County, TX",549,573,775,1003,1036,TX,52579
48,NCNTY48471N48471,"Walker County, TX",527,644,763,1036,1040,TX,67861
48,NCNTY48475N48475,"Ward County, TX",448,534,633,788,846,TX,10658
48,NCNTY48477N48477,"Washington County, TX",617,728,870,1107,1163,TX,33718
48,NCNTY48481N48481,"Wharton County, TX",457,568,768,1014,1026,TX,41280
48,NCNTY48483N48483,"Wheeler County, TX",455,542,643,924,933,TX,5410
48,NCNTY48487N48487,"Wilbarger County, TX",554,579,783,1064,1136,TX,13535
48,NCNTY48489N48489,"Willacy County, TX",472,492,666,883,1180,TX,22134
48,NCNTY48495N48495,"Winkler County, TX",546,570,771,1136,1140,TX,7110
48,NCNTY48499N48499,"Wood County, TX",518,521,705,948,1202,TX,41964
48,NCNTY48501N48501,"Yoakum County, TX",484,531,683,924,991,TX,7879
48,NCNTY48503N48503,"Young County, TX",447,555,751,963,1004,TX,18550
48,NCNTY48505N48505,"Zapata County, TX",457,477,646,805,937,TX,14018
48,NCNTY48507N48507,"Zavala County, TX",314,374,444,654,656,TX,11677
49,METRO30860M30860,"Logan, UT-ID MSA",502,506,670,964,1176,UT,112656
49,METRO36260M36260,"Ogden-Clearfield, UT MSA",496,607,795,1121,1345,UT,547184
49,METRO39340M39340,"Provo-Orem, UT MSA",506,646,772,1116,1367,UT,526810
49,METRO41100M41100,"St. George, UT MSA",546,627,824,1131,1452,UT,138115
49,METRO41620M41620,"Salt Lake City, UT HUD Metro FMR Area",595,714,885,1262,1486,UT,1029655
49,METRO41620N49043,"Summit County, UT HUD Metro FMR Area",674,741,1002,1390,1395,UT,36324
49,METRO41620N49045,"Tooele County, UT HUD Metro FMR Area",558,589,785,1014,1286,UT,58218
49,NCNTY49001N49001,"Beaver County, UT",484,537,637,881,884,UT,6629
49,NCNTY49003N49003,"Box Elder County, UT",484,537,637,939,1128,UT,49975
49,NCNTY49007N49007,"Carbon County, UT",483,486,637,793,902,UT,21403
49,NCNTY49009N49009,"Daggett County, UT",609,676,802,999,1252,UT,1059
49,NCNTY49013N49013,"Duchesne County, UT",503,559,663,977,1174,UT,18607
49,NCNTY49015N49015,"Emery County, UT",487,541,642,800,964,UT,10976
49,NCNTY49017N49017,"Garfield County, UT",557,560,753,938,1090,UT,5172
49,NCNTY49019N49019,"Grand County, UT",550,611,725,1068,1072,UT,9225
49,NCNTY49021N49021,"Iron County, UT",455,568,673,948,1192,UT,46163
49,NCNTY49025N49025,"Kane County, UT",443,493,584,861,863,UT,7125
49,NCNTY49027N49027,"Millard County, UT",401,445,528,778,915,UT,12503
49,NCNTY49031N49031,"Piute County, UT",626,695,824,1026,1286,UT,1556
49,NCNTY49033N49033,"Rich County, UT",711,789,936,1166,1461,UT,2264
49,NCNTY49037N49037,"San Juan County, UT",479,532,631,852,855,UT,14746
49,NCNTY49039N49039,"Sanpete County, UT",516,520,684,852,914,UT,27822
49,NCNTY49041N49041,"Sevier County, UT",484,538,638,825,986,UT,20802
49,NCNTY49047N49047,"Uintah County, UT",653,658,890,1202,1393,UT,32588
49,NCNTY49051N49051,"Wasatch County, UT",698,775,919,1354,1359,UT,23530
49,NCNTY49055N49055,"Wayne County, UT",510,567,672,955,1077,UT,2778
50,METRO15540M15540,"Burlington-South Burlington, VT MSA",769,836,1091,1366,1604,VT,211261
50,NCNTY50001N50001,"Addison County, VT",789,859,1018,1412,1706,VT,36821
50,NCNTY50003N50003,"Bennington County, VT",607,784,983,1242,1384,VT,37125
50,NCNTY50005N50005,"Caledonia County, VT",619,655,776,966,1182,VT,31227
50,NCNTY50009N50009,"Essex County, VT",598,660,782,974,1251,VT,6306
50,NCNTY50015N50015,"Lamoille County, VT",714,862,1075,1563,1892,VT,24475
50,NCNTY50017N50017,"Orange County, VT",601,844,1011,1259,1791,VT,28936
50,NCNTY50019N50019,"Orleans County, VT",666,689,824,1031,1117,VT,27231
50,NCNTY50021N50021,"Rutland County, VT",680,750,950,1183,1443,VT,61642
50,NCNTY50023N50023,"Washington County, VT",820,825,1023,1298,1623,VT,59534
50,NCNTY50025N50025,"Windham County, VT",677,761,979,1239,1559,VT,44513
50,NCNTY50027N50027,"Windsor County, VT",833,839,1089,1379,1514,VT,56670
51,METRO13980N51071,"Giles County, VA HUD Metro FMR Area",479,529,627,914,1037,VA,17286
51,METRO13980N51121,"Blacksburg-Christiansburg-Radford, VA HUD Metro FMR Area",583,685,812,1137,1438,VA,110800
51,METRO13980N51155,"Pulaski County, VA HUD Metro FMR Area",544,568,674,859,1064,VA,34872
51,METRO16820M16820,"Charlottesville, VA MSA",750,991,1175,1495,1696,VA,201559
51,METRO19260M19260,"Danville, VA MSA",386,491,603,854,857,VA,106561
51,METRO25500M25500,"Harrisonburg, VA MSA",602,606,790,1004,1399,VA,125228
51,METRO28700M28700,"Kingsport-Bristol-Bristol, TN-VA MSA",457,507,652,853,965,VA,95888
51,METRO31340M31340,"Lynchburg, VA MSA",576,630,769,984,1134,VA,252634
51,METRO40060M40060,"Richmond, VA HUD Metro FMR Area",786,826,979,1287,1560,VA,1225098
51,METRO40060N51109,"Louisa County, VA HUD Metro FMR Area",655,688,816,1202,1207,VA,33153
51,METRO40220M40220,"Roanoke, VA HUD Metro FMR Area",566,656,817,1070,1213,VA,252548
51,METRO40220N51067,"Franklin County, VA HUD Metro FMR Area",497,568,718,917,1089,VA,56159
51,METRO47260M47260,"Virginia Beach-Norfolk-Newport News, VA-NC MSA",918,944,1136,1570,1976,VA,1648136
51,METRO47900M47900,"Washington-Arlington-Alexandria, DC-VA-MD HUD Metro FMR Area",1226,1292,1532,2050,2575,VA,2585504
51,METRO47900MM8820,"Warren County, VA HUD Metro FMR Area",711,715,952,1351,1356,VA,37575
51,METRO49020M49020,"Winchester, VA-WV MSA",637,695,899,1222,1526,VA,104508
51,NCNTY51001N51001,"Accomack County, VA",655,684,811,1010,1289,VA,33164
51,NCNTY51005N51005,"Alleghany County-Clifton Forge city-Covington city, VA HUD Nonmetro FMR Area",506,510,627,924,1007,VA,26095
51,NCNTY51015N51015,"Augusta County-Staunton city-Waynesboro city, VA HUD Nonmetro FMR Area",447,552,698,921,1221,VA,118502
51,NCNTY51017N51017,"Bath County, VA",556,580,688,886,1105,VA,4731
51,NCNTY51021N51021,"Bland County, VA",472,493,584,727,938,VA,6824
51,NCNTY51025N51025,"Brunswick County, VA",509,512,693,863,1227,VA,17434
51,NCNTY51027N51027,"Buchanan County, VA",457,477,566,705,756,VA,24098
51,NCNTY51029N51029,"Buckingham County, VA",576,601,713,1051,1263,VA,17146
51,NCNTY51035N51035,"Carroll County-Galax city, VA HUD Nonmetro FMR Area",427,445,528,714,896,VA,37084
51,NCNTY51037N51037,"Charlotte County, VA",441,444,568,769,772,VA,12586
51,NCNTY51047N51047,"Culpeper County, VA",612,802,1029,1516,1823,VA,46689
51,NCNTY51051N51051,"Dickenson County, VA",401,404,546,680,730,VA,15903
51,NCNTY51057N51057,"Essex County, VA",638,737,874,1089,1403,VA,11151
51,NCNTY51063N51063,"Floyd County, VA",415,418,565,704,907,VA,15279
51,NCNTY51077N51077,"Grayson County, VA",398,416,493,651,873,VA,15533
51,NCNTY51081N51081,"Greensville County-Emporia city, VA HUD Nonmetro FMR Area",545,569,675,995,998,VA,18170
51,NCNTY51083N51083,"Halifax County, VA",478,481,617,787,825,VA,36241
51,NCNTY51089N51089,"Henry County-Martinsville city, VA HUD Nonmetro FMR Area",443,533,635,816,940,VA,67972
51,NCNTY51091N51091,"Highland County, VA",437,456,541,797,800,VA,2321
51,NCNTY51099N51099,"King George County, VA",781,786,1064,1404,1661,VA,23584
51,NCNTY51103N51103,"Lancaster County, VA",659,664,898,1118,1442,VA,11391
51,NCNTY51105N51105,"Lee County, VA",454,462,562,700,902,VA,25587
51,NCNTY51111N51111,"Lunenburg County, VA",498,501,678,844,906,VA,12914
51,NCNTY51113N51113,"Madison County, VA",603,629,746,1099,1103,VA,13308
51,NCNTY51117N51117,"Mecklenburg County, VA",496,518,614,811,885,VA,32727
51,NCNTY51119N51119,"Middlesex County, VA",550,574,681,1003,1206,VA,10959
51,NCNTY51131N51131,"Northampton County, VA",559,562,761,948,1281,VA,12389
51,NCNTY51133N51133,"Northumberland County, VA",669,674,873,1286,1291,VA,12330
51,NCNTY51135N51135,"Nottoway County, VA",612,639,758,1043,1046,VA,15853
51,NCNTY51137N51137,"Orange County, VA",696,701,948,1239,1679,VA,33481
51,NCNTY51139N51139,"Page County, VA",591,606,732,912,978,VA,24042
51,NCNTY51141N51141,"Patrick County, VA",401,419,497,636,798,VA,18490
51,NCNTY51147N51147,"Prince Edward County, VA",590,594,785,1011,1049,VA,23368
51,NCNTY51157N51157,"Rappahannock County, VA",782,816,968,1421,1554,VA,7373
51,NCNTY51159N51159,"Richmond County, VA",538,542,733,1080,1175,VA,9254
51,NCNTY51163N51163,"Rockbridge County-Buena Vista city-Lexington city, VA HUD Nonmetro FMR Area",554,635,753,938,1315,VA,35999
51,NCNTY51167N51167,"Russell County, VA",427,446,529,727,849,VA,28897
51,NCNTY51171N51171,"Shenandoah County, VA",477,656,790,1075,1363,VA,41993
51,NCNTY51173N51173,"Smyth County, VA",460,481,570,710,873,VA,32208
51,NCNTY51175N51175,"Southampton County-Franklin city, VA HUD Nonmetro FMR Area",599,603,796,991,1064,VA,27152
51,NCNTY51185N51185,"Tazewell County, VA",459,479,568,718,808,VA,45078
51,NCNTY51193N51193,"Westmoreland County, VA",746,751,951,1213,1527,VA,17454
51,NCNTY51195N51195,"Wise County-Norton city, VA HUD Nonmetro FMR Area",481,503,596,742,943,VA,45410
51,NCNTY51197N51197,"Wythe County, VA",429,432,568,730,1006,VA,29235
53,METRO13380M13380,"Bellingham, WA MSA",610,718,944,1366,1526,WA,201140
53,METRO14740M14740,"Bremerton-Silverdale, WA MSA",588,754,988,1419,1691,WA,251133
53,METRO28420M28420,"Kennewick-Pasco-Richland, WA MSA",555,634,812,1085,1399,WA,253340
53,METRO30300M30300,"Lewiston, ID-WA MSA",427,540,698,903,1236,WA,21623
53,METRO31020M31020,"Longview, WA MSA",464,605,744,1096,1318,WA,102410
53,METRO34580M34580,"Mount Vernon-Anacortes, WA MSA",628,698,939,1318,1323,WA,116901
53,METRO36500M36500,"Olympia, WA MSA",761,830,1016,1471,1799,WA,252264
53,METRO38900M38900,"Portland-Vancouver-Hillsboro, OR-WA MSA",694,807,961,1416,1702,WA,436429
53,METRO42660MM7600,"Seattle-Bellevue, WA HUD Metro FMR Area",817,967,1190,1754,2108,WA,2644584
53,METRO42660MM8200,"Tacoma, WA HUD Metro FMR Area",643,782,1019,1502,1805,WA,795225
53,METRO44060M44060,"Spokane, WA MSA",497,608,823,1177,1335,WA,471221
53,METRO48300M48300,"Wenatchee-East Wenatchee, WA MSA",508,631,854,1075,1513,WA,110884
53,METRO49420M49420,"Yakima, WA MSA",472,576,742,991,1196,WA,243231
53,NCNTY53001N53001,"Adams County, WA",454,588,697,973,1140,WA,18728
53,NCNTY53009N53009,"Clallam County, WA",630,770,1042,1496,1503,WA,71404
53,NCNTY53013N53013,"Columbia County, WA",446,506,685,983,1121,WA,4078
53,NCNTY53019N53019,"Ferry County, WA",487,567,672,990,1100,WA,7551
53,NCNTY53023N53023,"Garfield County, WA",363,471,558,695,907,WA,2266
53,NCNTY53025N53025,"Grant County, WA",582,621,821,1110,1344,WA,89120
53,NCNTY53027N53027,"Grays Harbor County, WA",471,547,707,1009,1044,WA,72797
53,NCNTY53029N53029,"Island County, WA",584,709,926,1365,1427,WA,78506
53,NCNTY53031N53031,"Jefferson County, WA",600,745,1008,1255,1785,WA,29872
53,NCNTY53037N53037,"Kittitas County, WA",591,652,882,1300,1562,WA,40915
53,NCNTY53039N53039,"Klickitat County, WA",531,688,816,1021,1260,WA,20318
53,NCNTY53041N53041,"Lewis County, WA",564,667,889,1168,1350,WA,75455
53,NCNTY53043N53043,"Lincoln County, WA",505,573,775,965,1036,WA,10570
53,NCNTY53045N53045,"Mason County, WA",568,704,953,1290,1295,WA,60699
53,NCNTY53047N53047,"Okanogan County, WA",521,581,724,920,1282,WA,41120
53,NCNTY53049N53049,"Pacific County, WA",472,640,793,1061,1241,WA,20920
53,NCNTY53051N53051,"Pend Oreille County, WA",450,560,757,996,1239,WA,13001
53,NCNTY53055N53055,"San Juan County, WA",830,835,1065,1406,1423,WA,15769
53,NCNTY53065N53065,"Stevens County, WA",507,510,690,964,1222,WA,43531
53,NCNTY53069N53069,"Wahkiakum County, WA",476,540,731,910,1196,WA,3978
53,NCNTY53071N53071,"Walla Walla County, WA",525,595,805,1063,1426,WA,58781
53,NCNTY53075N53075,"Whitman County, WA",489,592,775,1142,1366,WA,44776
54,METRO16620M16620,"Charleston, WV HUD Metro FMR Area",497,559,666,876,993,WV,279655
54,METRO16620N54005,"Boone County, WV HUD Metro FMR Area",381,383,516,643,769,WV,24629
54,METRO19060M19060,"Cumberland, MD-WV MSA",487,576,683,929,1060,WV,28212
54,METRO25180MM0877,"Martinsburg, WV HUD Metro FMR Area",488,559,742,958,992,WV,121710
54,METRO26580M26580,"Huntington-Ashland, WV-KY-OH MSA",400,548,673,889,1092,WV,138800
54,METRO34060M34060,"Morgantown, WV MSA",662,692,820,1106,1118,WV,129709
54,METRO37620M37620,"Parkersburg-Marietta-Vienna, WV-OH MSA",480,518,677,909,1000,WV,100278
54,METRO44600M44600,"Steubenville-Weirton, OH-WV MSA",446,515,633,848,972,WV,54745
54,METRO47900MM3630,"Jefferson County, WV HUD Metro FMR Area",647,685,927,1222,1269,WV,53498
54,METRO48540M48540,"Wheeling, WV-OH MSA",443,468,583,748,779,WV,77550
54,METRO49020M49020,"Winchester, VA-WV MSA",637,695,899,1222,1526,WV,23964
54,NCNTY54001N54001,"Barbour County, WV",469,508,687,856,938,WV,16589
54,NCNTY54007N54007,"Braxton County, WV",388,452,611,761,842,WV,14523
54,NCNTY54013N54013,"Calhoun County, WV",367,390,469,584,661,WV,7627
54,NCNTY54017N54017,"Doddridge County, WV",457,460,622,775,894,WV,8202
54,NCNTY54019N54019,"Fayette County, WV",411,458,592,793,821,WV,46039
54,NCNTY54021N54021,"Gilmer County, WV",488,492,624,777,881,WV,8693
54,NCNTY54023N54023,"Grant County, WV",562,566,766,954,1357,WV,11937
54,NCNTY54025N54025,"Greenbrier County, WV",485,584,692,862,1143,WV,35480
54,NCNTY54031N54031,"Hardy County, WV",459,462,622,775,877,WV,14025
54,NCNTY54033N54033,"Harrison County, WV",496,500,638,826,866,WV,69099
54,NCNTY54035N54035,"Jackson County, WV",435,438,593,759,957,WV,29211
54,NCNTY54041N54041,"Lewis County, WV",464,467,632,787,845,WV,16372
54,NCNTY54045N54045,"Logan County, WV",448,468,555,785,788,WV,36743
54,NCNTY54047N54047,"McDowell County, WV",380,397,471,598,664,WV,22113
54,NCNTY54049N54049,"Marion County, WV",544,550,673,987,990,WV,56418
54,NCNTY54053N54053,"Mason County, WV",429,431,567,823,826,WV,27324
54,NCNTY54055N54055,"Mercer County, WV",471,474,607,756,811,WV,62264
54,NCNTY54059N54059,"Mingo County, WV",339,478,569,709,933,WV,26839
54,NCNTY54063N54063,"Monroe County, WV",415,448,531,661,749,WV,13502
54,NCNTY54067N54067,"Nicholas County, WV",426,460,545,726,832,WV,26233
54,NCNTY54071N54071,"Pendleton County, WV",448,482,572,843,846,WV,7695
54,NCNTY54075N54075,"Pocahontas County, WV",469,472,639,796,901,WV,8719
54,NCNTY54081N54081,"Raleigh County, WV",554,558,735,915,982,WV,78859
54,NCNTY54083N54083,"Randolph County, WV",452,455,568,807,988,WV,29405
54,NCNTY54085N54085,"Ritchie County, WV",423,455,540,764,766,WV,10449
54,NCNTY54087N54087,"Roane County, WV",329,432,512,754,757,WV,14926
54,NCNTY54089N54089,"Summers County, WV",469,482,599,787,801,WV,13927
54,NCNTY54091N54091,"Taylor County, WV",418,493,587,856,859,WV,16895
54,NCNTY54093N54093,"Tucker County, WV",433,467,554,816,922,WV,7141
54,NCNTY54095N54095,"Tyler County, WV",479,504,612,762,818,WV,9208
54,NCNTY54097N54097,"Upshur County, WV",479,482,623,836,879,WV,24254
54,NCNTY54101N54101,"Webster County, WV",430,460,549,684,734,WV,9154
54,NCNTY54103N54103,"Wetzel County, WV",455,461,581,856,1029,WV,16583
54,NCNTY54109N54109,"Wyoming County, WV",433,437,553,689,979,WV,23796
55,METRO11540M11540,"Appleton, WI MSA",440,576,740,1090,1155,WI,225666
55,METRO16980MM3800,"Kenosha County, WI HUD Metro FMR Area",558,666,854,1240,1300,WI,166426
55,METRO20260M20260,"Duluth, MN-WI MSA",499,600,788,1027,1144,WI,44159
55,METRO20740M20740,"Eau Claire, WI MSA",474,551,706,1039,1077,WI,161151
55,METRO22540M22540,"Fond du Lac, WI MSA",421,525,701,895,1077,WI,101633
55,METRO24580M24580,"Green Bay, WI HUD Metro FMR Area",455,554,734,1048,1077,WI,268581
55,METRO24580N55083,"Oconto County, WI HUD Metro FMR Area",427,473,587,839,841,WI,37660
55,METRO27500M27500,"Janesville, WI MSA",460,587,774,976,1034,WI,160331
55,METRO29100M29100,"La Crosse, WI-MN MSA",441,552,741,1030,1254,WI,114638
55,METRO31540M31540,"Madison, WI HUD Metro FMR Area",654,783,948,1308,1457,WI,488073
55,METRO31540N55021,"Columbia County, WI HUD Metro FMR Area",524,579,783,1105,1176,WI,56833
55,METRO31540N55049,"Iowa County, WI HUD Metro FMR Area",542,580,785,1016,1049,WI,23687
55,METRO33340M33340,"Milwaukee-Waukesha-West Allis, WI MSA",566,698,877,1119,1210,WI,1555908
55,METRO33460M33460,"Minneapolis-St. Paul-Bloomington, MN-WI MSA",628,781,977,1376,1624,WI,125364
55,METRO36780M36780,"Oshkosh-Neenah, WI MSA",508,550,713,950,1263,WI,166994
55,METRO39540M39540,"Racine, WI MSA",575,579,781,1024,1044,WI,195408
55,METRO43100M43100,"Sheboygan, WI MSA",581,690,856,1124,1157,WI,115507
55,METRO48140M48140,"Wausau, WI MSA",510,530,691,975,1058,WI,134063
55,NCNTY55001N55001,"Adams County, WI",403,536,635,860,992,WI,20875
55,NCNTY55003N55003,"Ashland County, WI",403,495,636,820,850,WI,16157
55,NCNTY55005N55005,"Barron County, WI",415,539,697,871,1118,WI,45870
55,NCNTY55007N55007,"Bayfield County, WI",399,566,671,935,939,WI,15014
55,NCNTY55011N55011,"Buffalo County, WI",526,530,717,945,1028,WI,13587
55,NCNTY55013N55013,"Burnett County, WI",481,614,758,1117,1121,WI,15457
55,NCNTY55019N55019,"Clark County, WI",397,486,658,820,879,WI,34690
55,NCNTY55023N55023,"Crawford County, WI",465,468,633,793,908,WI,16644
55,NCNTY55027N55027,"Dodge County, WI",457,585,768,979,1026,WI,88759
55,NCNTY55029N55029,"Door County, WI",478,658,803,1053,1073,WI,27785
55,NCNTY55033N55033,"Dunn County, WI",466,534,722,910,965,WI,43857
55,NCNTY55037N55037,"Florence County, WI",403,482,636,792,879,WI,4423
55,NCNTY55041N55041,"Forest County, WI",380,443,599,782,801,WI,9304
55,NCNTY55043N55043,"Grant County, WI",429,476,626,796,970,WI,51208
55,NCNTY55045N55045,"Green County, WI",477,556,752,937,1022,WI,36842
55,NCNTY55047N55047,"Green Lake County, WI",396,485,625,855,1107,WI,19051
55,NCNTY55051N55051,"Iron County, WI",334,415,562,766,995,WI,5916
55,NCNTY55053N55053,"Jackson County, WI",398,494,669,833,894,WI,20449
55,NCNTY55055N55055,"Jefferson County, WI",471,603,792,1068,1191,WI,83686
55,NCNTY55057N55057,"Juneau County, WI",462,510,672,945,1190,WI,26664
55,NCNTY55065N55065,"Lafayette County, WI",386,467,609,828,890,WI,16836
55,NCNTY55067N55067,"Langlade County, WI",451,518,664,978,1176,WI,19977
55,NCNTY55069N55069,"Lincoln County, WI",414,482,652,961,1070,WI,28743
55,NCNTY55071N55071,"Manitowoc County, WI",415,467,622,775,932,WI,81442
55,NCNTY55075N55075,"Marinette County, WI",468,471,610,874,1006,WI,41749
55,NCNTY55077N55077,"Marquette County, WI",445,553,748,932,1000,WI,15404
55,NCNTY55078N55078,"Menominee County, WI",444,517,700,872,935,WI,4232
55,NCNTY55081N55081,"Monroe County, WI",420,529,706,949,1071,WI,44673
55,NCNTY55085N55085,"Oneida County, WI",559,583,718,959,1272,WI,35998
55,NCNTY55091N55091,"Pepin County, WI",375,499,592,872,875,WI,7469
55,NCNTY55095N55095,"Polk County, WI",474,588,796,1057,1064,WI,44205
55,NCNTY55097N55097,"Portage County, WI",426,529,711,886,970,WI,70019
55,NCNTY55099N55099,"Price County, WI",404,471,637,793,972,WI,14159
55,NCNTY55103N55103,"Richland County, WI",475,538,662,855,1096,WI,18021
55,NCNTY55107N55107,"Rusk County, WI",455,458,620,823,1098,WI,14755
55,NCNTY55111N55111,"Sauk County, WI",570,632,828,1038,1107,WI,61976
55,NCNTY55113N55113,"Sawyer County, WI",408,543,644,802,861,WI,16557
55,NCNTY55115N55115,"Shawano County, WI",473,476,644,887,1021,WI,41949
55,NCNTY55119N55119,"Taylor County, WI",377,468,633,788,846,WI,20689
55,NCNTY55121N55121,"Trempealeau County, WI",415,475,642,858,1046,WI,28816
55,NCNTY55123N55123,"Vernon County, WI",430,501,678,864,906,WI,29773
55,NCNTY55125N55125,"Vilas County, WI",534,537,727,905,1158,WI,21430
55,NCNTY55127N55127,"Walworth County, WI",602,660,875,1245,1276,WI,102228
55,NCNTY55129N55129,"Washburn County, WI",443,519,699,919,966,WI,15911
55,NCNTY55135N55135,"Waupaca County, WI",518,522,698,926,957,WI,52410
55,NCNTY55137N55137,"Waushara County, WI",489,492,666,850,890,WI,24496
55,NCNTY55141N55141,"Wood County, WI",429,496,643,861,953,WI,74749
56,METRO16220M16220,"Casper, WY MSA",562,643,851,1254,1490,WY,75450
56,METRO16940M16940,"Cheyenne, WY MSA",474,539,729,999,1172,WY,91738
56,NCNTY56001N56001,"Albany County, WY",611,637,822,1176,1248,WY,36299
56,NCNTY56003N56003,"Big Horn County, WY",470,473,640,897,917,WY,11668
56,NCNTY56005N56005,"Campbell County, WY",716,746,936,1179,1251,WY,46133
56,NCNTY56007N56007,"Carbon County, WY",624,628,850,1137,1258,WY,15885
56,NCNTY56009N56009,"Converse County, WY",518,521,705,1039,1042,WY,13833
56,NCNTY56011N56011,"Crook County, WY",397,438,519,765,919,WY,7083
56,NCNTY56013N56013,"Fremont County, WY",556,567,767,1042,1046,WY,40123
56,NCNTY56015N56015,"Goshen County, WY",498,501,674,928,931,WY,13249
56,NCNTY56017N56017,"Hot Springs County, WY",418,461,547,806,969,WY,4812
56,NCNTY56019N56019,"Johnson County, WY",517,553,676,996,1068,WY,8569
56,NCNTY56023N56023,"Lincoln County, WY",666,720,871,1283,1288,WY,18106
56,NCNTY56027N56027,"Niobrara County, WY",406,448,531,743,837,WY,2484
56,NCNTY56029N56029,"Park County, WY",550,608,768,1097,1360,WY,28205
56,NCNTY56031N56031,"Platte County, WY",511,563,668,933,1019,WY,8667
56,NCNTY56033N56033,"Sheridan County, WY",670,707,877,1092,1553,WY,29116
56,NCNTY56035N56035,"Sublette County, WY",801,884,1048,1532,1538,WY,10247
56,NCNTY56037N56037,"Sweetwater County, WY",634,757,1024,1275,1814,WY,43806
56,NCNTY56039N56039,"Teton County, WY",867,1031,1245,1835,1899,WY,21294
56,NCNTY56041N56041,"Uinta County, WY",551,555,739,1034,1233,WY,21118
56,NCNTY56043N56043,"Washakie County, WY",480,530,628,890,1071,WY,8533
56,NCNTY56045N56045,"Weston County, WY",663,674,867,1080,1322,WY,7208
66,NCNTY66010N66010,Pacific Islands,871,934,1141,1662,1988,GU,159358
72,METRO10380M10380,"Aguadilla-Isabela-San Sebastián, PR MSA",383,415,461,592,663,PR,306292
72,METRO21940M21940,"Fajardo, PR MSA",478,521,578,840,1013,PR,70692
72,METRO25020M25020,"Guayama, PR MSA",454,490,546,775,960,PR,84214
72,METRO32420M32420,"Mayagüez, PR MSA",433,470,522,624,861,PR,106330
72,METRO38660M38660,"Ponce, PR MSA",491,533,590,820,935,PR,243147
72,METRO41900M41900,"San Germán-Cabo Rojo, PR MSA",396,411,476,623,671,PR,137462
72,METRO41980MM0470,"Arecibo, PR HUD Metro FMR Area",398,432,480,655,767,PR,173552
72,METRO41980MM1310,"Caguas, PR HUD Metro FMR Area",453,490,546,757,912,PR,320919
72,METRO41980MM7440,"San Juan-Guaynabo, PR HUD Metro FMR Area",495,537,597,790,935,PR,1847867
72,METRO41980N72923,"Barranquitas-Aibonito-Quebradillas, PR HUD Metro FMR Area",382,412,459,584,672,PR,136567
72,METRO49500M49500,"Yauco, PR MSA",391,413,470,592,754,PR,107333
72,NCNTY72923N72923,Puerto Rico HUD Nonmetro Area,422,456,508,696,755,PR,191414
78,NCNTY78010N78010,"St. Croix Island, VI",634,661,801,1000,1145,VI,53234
78,NCNTY78923N78923,"St. John/St. Thomas, VI",721,862,1109,1374,1436,VI,55378
