State,CBSASub,Areaname,Rent50_0,Rent50_1,Rent50_2,Rent50_3,Rent50_4,state_alpha,pop2000
1,METRO11500M11500,"Anniston-Oxford, AL MSA",487,504,619,838,979,AL,112249
1,METRO12220M12220,"Auburn-Opelika, AL MSA",454,542,698,949,974,AL,115092
1,METRO13820M13820,"Birmingham-Hoover, AL HUD Metro FMR Area",622,715,797,1015,1089,AL,941932
1,METRO13820N01021,"Chilton County, AL HUD Metro FMR Area",420,580,644,802,905,AL,39593
1,METRO13820N01127,"Walker County, AL HUD Metro FMR Area",522,524,627,810,1005,AL,70713
1,METRO17980M17980,"Columbus, GA-AL MSA",604,639,728,960,1136,AL,49756
1,METRO19460M19460,"Decatur, AL MSA",487,555,625,853,878,AL,145867
1,METRO20020M20020,"Dothan, AL HUD Metro FMR Area",460,535,594,754,865,AL,114551
1,METRO20020N01067,"Henry County, AL HUD Metro FMR Area",381,528,586,700,813,AL,16310
1,METRO22520M22520,"Florence-Muscle Shoals, AL MSA",520,522,640,844,982,AL,142950
1,METRO23460M23460,"Gadsden, AL MSA",477,545,634,828,856,AL,103459
1,METRO26620M26620,"Huntsville, AL MSA",561,599,718,985,1162,AL,342376
1,METRO33660M33660,"Mobile, AL MSA",615,652,744,979,1181,AL,399843
1,METRO33860M33860,"Montgomery, AL MSA",604,693,788,1058,1381,AL,346528
1,METRO46220M46220,"Tuscaloosa, AL MSA",543,610,762,1000,1030,AL,192034
1,NCNTY01003N01003,"Baldwin County, AL",546,735,818,1113,1420,AL,140415
1,NCNTY01005N01005,"Barbour County, AL",472,473,567,780,922,AL,29038
1,NCNTY01011N01011,"Bullock County, AL",413,508,605,725,747,AL,11714
1,NCNTY01013N01013,"Butler County, AL",413,508,605,725,747,AL,21399
1,NCNTY01017N01017,"Chambers County, AL",442,515,572,758,782,AL,36583
1,NCNTY01019N01019,"Cherokee County, AL",508,529,614,731,755,AL,23988
1,NCNTY01023N01023,"Choctaw County, AL",444,455,536,675,872,AL,15922
1,NCNTY01025N01025,"Clarke County, AL",371,503,573,687,1009,AL,27867
1,NCNTY01027N01027,"Clay County, AL",479,480,575,713,946,AL,14254
1,NCNTY01029N01029,"Cleburne County, AL",477,479,575,713,946,AL,14123
1,NCNTY01031N01031,"Coffee County, AL",441,549,623,908,1092,AL,43615
1,NCNTY01035N01035,"Conecuh County, AL",444,455,536,675,872,AL,14089
1,NCNTY01037N01037,"Coosa County, AL",435,510,567,765,876,AL,12202
1,NCNTY01039N01039,"Covington County, AL",448,453,560,714,962,AL,37631
1,NCNTY01041N01041,"Crenshaw County, AL",413,508,605,725,747,AL,13665
1,NCNTY01043N01043,"Cullman County, AL",490,511,592,813,956,AL,77483
1,NCNTY01045N01045,"Dale County, AL",442,517,575,798,993,AL,49129
1,NCNTY01047N01047,"Dallas County, AL",382,534,592,709,750,AL,46365
1,NCNTY01049N01049,"DeKalb County, AL",422,482,574,741,804,AL,64452
1,NCNTY01053N01053,"Escambia County, AL",450,451,545,683,795,AL,38440
1,NCNTY01057N01057,"Fayette County, AL",352,407,536,783,946,AL,18495
1,NCNTY01059N01059,"Franklin County, AL",365,469,560,724,944,AL,31223
1,NCNTY01071N01071,"Jackson County, AL",466,498,560,708,986,AL,53926
1,NCNTY01075N01075,"Lamar County, AL",358,448,536,713,939,AL,15904
1,NCNTY01087N01087,"Macon County, AL",413,477,587,755,779,AL,24105
1,NCNTY01091N01091,"Marengo County, AL",482,489,581,714,733,AL,22539
1,NCNTY01093N01093,"Marion County, AL",348,407,536,692,940,AL,31214
1,NCNTY01095N01095,"Marshall County, AL",500,543,604,831,889,AL,82231
1,NCNTY01099N01099,"Monroe County, AL",446,482,536,782,884,AL,24324
1,NCNTY01105N01105,"Perry County, AL",482,489,581,714,733,AL,11861
1,NCNTY01107N01107,"Pickens County, AL",352,441,536,702,940,AL,20949
1,NCNTY01109N01109,"Pike County, AL",406,446,536,696,719,AL,29605
1,NCNTY01111N01111,"Randolph County, AL",479,480,575,713,946,AL,22380
1,NCNTY01119N01119,"Sumter County, AL",358,471,536,713,939,AL,14798
1,NCNTY01121N01121,"Talladega County, AL",486,488,584,791,1030,AL,80321
1,NCNTY01123N01123,"Tallapoosa County, AL",431,464,560,818,894,AL,41475
1,NCNTY01129N01129,"Washington County, AL",444,455,536,675,872,AL,18097
1,NCNTY01131N01131,"Wilcox County, AL",444,455,536,675,872,AL,13183
1,NCNTY01133N01133,"Winston County, AL",354,413,542,650,805,AL,24843
2,METRO11260M11260,"Anchorage, AK HUD Metro FMR Area",755,862,1080,1574,1896,AK,260283
2,METRO11260N02170,"Matanuska-Susitna Borough, AK HUD Metro FMR Area",670,809,1003,1461,1731,AK,59322
2,METRO21820M21820,"Fairbanks, AK MSA",686,831,1055,1514,1632,AK,82840
2,NCNTY02013N02013,"Aleutians East Borough, AK",924,1002,1313,1607,1656,AK,2697
2,NCNTY02016N02016,"Aleutians West Census Area, AK",924,1002,1313,1607,1656,AK,5465
2,NCNTY02050N02050,"Bethel Census Area, AK",1062,1276,1548,1851,2717,AK,16006
2,NCNTY02060N02060,"Bristol Bay Borough, AK",924,1002,1313,1607,1656,AK,1258
2,NCNTY02068N02068,"Denali Borough, AK",723,910,1114,1609,1763,AK,1893
2,NCNTY02070N02070,"Dillingham Census Area, AK",924,1002,1313,1607,1656,AK,4922
2,NCNTY02100N02100,"Haines Borough, AK",723,910,1114,1609,1763,AK,2392
2,NCNTY02110N02110,"Juneau City and Borough, AK",874,1054,1344,1774,2267,AK,30711
2,NCNTY02122N02122,"Kenai Peninsula Borough, AK",642,742,892,1239,1540,AK,49691
2,NCNTY02130N02130,"Ketchikan Gateway Borough, AK",778,1031,1195,1741,2097,AK,14070
2,NCNTY02150N02150,"Kodiak Island Borough, AK",864,1011,1329,1865,1919,AK,13913
2,NCNTY02164N02164,"Lake and Peninsula Borough, AK",924,1002,1313,1607,1656,AK,1823
2,NCNTY02180N02180,"Nome Census Area, AK",924,1080,1315,1607,1657,AK,9196
2,NCNTY02185N02185,"North Slope Borough, AK",938,1100,1446,1731,1781,AK,7385
2,NCNTY02188N02188,"Northwest Arctic Borough, AK",924,1002,1313,1607,1656,AK,7208
2,NCNTY02201N02201,"Prince of Wales-Outer Ketchikan Census Area, AK",924,1002,1313,1607,1656,AK,6146
2,NCNTY02220N02220,"Sitka City and Borough, AK",793,958,1176,1656,2064,AK,8835
2,NCNTY02232N02232,"Skagway-Hoonah-Angoon Census Area, AK",924,1002,1313,1607,1656,AK,3436
2,NCNTY02240N02240,"Southeast Fairbanks Census Area, AK",723,910,1114,1609,1763,AK,6174
2,NCNTY02261N02261,"Valdez-Cordova Census Area, AK",723,910,1114,1609,1763,AK,10195
2,NCNTY02270N02270,"Wade Hampton Census Area, AK",924,1002,1313,1607,1656,AK,7028
2,NCNTY02280N02280,"Wrangell-Petersburg Census Area, AK",924,1002,1313,1607,1656,AK,6684
2,NCNTY02282N02282,"Yakutat City and Borough, AK",924,1002,1313,1607,1656,AK,808
2,NCNTY02290N02290,"Yukon-Koyukuk Census Area, AK",924,1002,1313,1607,1656,AK,6551
4,METRO22380M22380,"Flagstaff, AZ MSA",920,1061,1208,1572,2069,AZ,116320
4,METRO29420M29420,"Lake Havasu City-Kingman, AZ MSA",666,711,840,1186,1347,AZ,155032
4,METRO38060M38060,"Phoenix-Mesa-Scottsdale, AZ MSA",684,802,967,1409,1681,AZ,3251876
4,METRO39140M39140,"Prescott, AZ MSA",753,766,944,1375,1432,AZ,167517
4,METRO46060M46060,"Tucson, AZ MSA",570,669,875,1263,1418,AZ,843746
4,METRO49740M49740,"Yuma, AZ MSA",644,718,853,1216,1435,AZ,160026
4,NCNTY04001N04001,"Apache County, AZ",443,593,656,918,1125,AZ,69423
4,NCNTY04003N04003,"Cochise County, AZ",531,624,791,1099,1391,AZ,117755
4,NCNTY04007N04007,"Gila County, AZ",602,705,926,1327,1367,AZ,51335
4,NCNTY04009N04009,"Graham County, AZ",602,651,725,1024,1139,AZ,33489
4,NCNTY04011N04011,"Greenlee County, AZ",549,623,785,1086,1274,AZ,8547
4,NCNTY04012N04012,"La Paz County, AZ",604,605,764,1116,1148,AZ,19715
4,NCNTY04017N04017,"Navajo County, AZ",544,604,780,1058,1358,AZ,97470
4,NCNTY04023N04023,"Santa Cruz County, AZ",625,626,805,1169,1203,AZ,38381
5,METRO22220M22220,"Fayetteville-Springdale-Rogers, AR HUD Metro FMR Area",520,549,699,1015,1087,AR,325364
5,METRO22900M22900,"Fort Smith, AR-OK HUD Metro FMR Area",409,463,583,788,871,AR,168318
5,METRO22900N05047,"Franklin County, AR HUD Metro FMR Area",339,433,522,649,774,AR,17771
5,METRO26300M26300,"Hot Springs, AR MSA",443,554,684,881,908,AR,88068
5,METRO27860MM3700,"Jonesboro, AR HUD Metro FMR Area",498,515,597,847,872,AR,82148
5,METRO27860N05111,"Poinsett County, AR HUD Metro FMR Area",335,422,515,685,771,AR,25614
5,METRO30780M30780,"Little Rock-North Little Rock-Conway, AR HUD Metro FMR Area",587,653,728,994,1082,AR,594054
5,METRO30780N05053,"Grant County, AR HUD Metro FMR Area",472,474,568,823,849,AR,16464
5,METRO32820M32820,"Memphis, TN-MS-AR HUD Metro FMR Area",702,761,847,1129,1186,AR,50866
5,METRO38220M38220,"Pine Bluff, AR MSA",437,517,634,775,869,AR,107341
5,METRO45500M45500,"Texarkana, TX-Texarkana, AR MSA",532,533,654,823,899,AR,40443
5,NCNTY05001N05001,"Arkansas County, AR",371,430,567,748,771,AR,20749
5,NCNTY05003N05003,"Ashley County, AR",405,463,583,712,732,AR,24209
5,NCNTY05005N05005,"Baxter County, AR",422,481,592,776,1040,AR,38386
5,NCNTY05009N05009,"Boone County, AR",462,471,556,711,787,AR,33948
5,NCNTY05011N05011,"Bradley County, AR",392,400,528,658,715,AR,12600
5,NCNTY05013N05013,"Calhoun County, AR",382,477,533,677,849,AR,5744
5,NCNTY05015N05015,"Carroll County, AR",464,465,592,726,1039,AR,25357
5,NCNTY05017N05017,"Chicot County, AR",392,400,528,658,715,AR,14117
5,NCNTY05019N05019,"Clark County, AR",473,474,569,753,777,AR,23546
5,NCNTY05021N05021,"Clay County, AR",407,427,515,689,710,AR,17609
5,NCNTY05023N05023,"Cleburne County, AR",515,516,618,797,1089,AR,24046
5,NCNTY05027N05027,"Columbia County, AR",361,462,557,709,846,AR,25603
5,NCNTY05029N05029,"Conway County, AR",466,468,561,717,751,AR,20336
5,NCNTY05037N05037,"Cross County, AR",458,459,550,800,837,AR,19526
5,NCNTY05039N05039,"Dallas County, AR",382,477,533,677,849,AR,9210
5,NCNTY05041N05041,"Desha County, AR",392,400,528,677,715,AR,15341
5,NCNTY05043N05043,"Drew County, AR",385,486,594,776,1033,AR,18723
5,NCNTY05049N05049,"Fulton County, AR",419,420,529,695,803,AR,11642
5,NCNTY05055N05055,"Greene County, AR",394,494,546,797,820,AR,37331
5,NCNTY05057N05057,"Hempstead County, AR",407,468,561,671,776,AR,23587
5,NCNTY05059N05059,"Hot Spring County, AR",455,456,547,729,878,AR,30353
5,NCNTY05061N05061,"Howard County, AR",355,423,515,654,676,AR,14300
5,NCNTY05063N05063,"Independence County, AR",410,503,561,714,813,AR,34233
5,NCNTY05065N05065,"Izard County, AR",419,420,529,695,803,AR,13249
5,NCNTY05067N05067,"Jackson County, AR",425,446,515,686,709,AR,18418
5,NCNTY05071N05071,"Johnson County, AR",347,476,535,721,942,AR,22781
5,NCNTY05073N05073,"Lafayette County, AR",444,484,569,682,785,AR,8559
5,NCNTY05075N05075,"Lawrence County, AR",336,423,515,642,799,AR,17774
5,NCNTY05077N05077,"Lee County, AR",431,432,528,720,829,AR,12580
5,NCNTY05081N05081,"Little River County, AR",444,484,569,695,785,AR,13628
5,NCNTY05083N05083,"Logan County, AR",335,463,515,750,794,AR,22486
5,NCNTY05089N05089,"Marion County, AR",417,418,523,701,759,AR,16140
5,NCNTY05093N05093,"Mississippi County, AR",376,457,563,759,890,AR,51979
5,NCNTY05095N05095,"Monroe County, AR",448,449,538,708,731,AR,10254
5,NCNTY05097N05097,"Montgomery County, AR",416,498,626,794,816,AR,9245
5,NCNTY05099N05099,"Nevada County, AR",444,484,569,682,785,AR,9955
5,NCNTY05101N05101,"Newton County, AR",461,463,554,717,814,AR,8608
5,NCNTY05103N05103,"Ouachita County, AR",371,465,515,703,791,AR,28790
5,NCNTY05107N05107,"Phillips County, AR",428,432,515,649,670,AR,26445
5,NCNTY05109N05109,"Pike County, AR",444,484,569,682,785,AR,11303
5,NCNTY05113N05113,"Polk County, AR",428,464,515,713,807,AR,20229
5,NCNTY05115N05115,"Pope County, AR",409,436,567,804,828,AR,54469
5,NCNTY05117N05117,"Prairie County, AR",448,449,538,708,731,AR,9539
5,NCNTY05121N05121,"Randolph County, AR",341,429,524,627,894,AR,18195
5,NCNTY05123N05123,"St. Francis County, AR",438,480,557,790,942,AR,29329
5,NCNTY05127N05127,"Scott County, AR",427,429,515,672,903,AR,10996
5,NCNTY05129N05129,"Searcy County, AR",461,463,554,717,814,AR,8261
5,NCNTY05133N05133,"Sevier County, AR",428,458,515,700,787,AR,15757
5,NCNTY05135N05135,"Sharp County, AR",444,445,534,666,688,AR,17119
5,NCNTY05137N05137,"Stone County, AR",419,420,529,695,803,AR,11499
5,NCNTY05139N05139,"Union County, AR",473,493,571,729,1004,AR,45629
5,NCNTY05141N05141,"Van Buren County, AR",428,428,515,678,797,AR,16192
5,NCNTY05145N05145,"White County, AR",448,449,571,780,803,AR,67165
5,NCNTY05147N05147,"Woodruff County, AR",448,449,538,708,731,AR,8741
5,NCNTY05149N05149,"Yell County, AR",435,437,533,693,715,AR,21139
6,METRO12540M12540,"Bakersfield, CA MSA",655,706,837,1221,1471,CA,661645
6,METRO17020M17020,"Chico, CA MSA",637,753,910,1282,1523,CA,203171
6,METRO20940M20940,"El Centro, CA MSA",666,750,884,1269,1550,CA,142361
6,METRO23420M23420,"Fresno, CA MSA",689,762,881,1281,1465,CA,799407
6,METRO25260M25260,"Hanford-Corcoran, CA MSA",692,723,835,1217,1468,CA,129461
6,METRO31100MM4480,"Los Angeles-Long Beach, CA HUD Metro FMR Area",1023,1237,1550,2113,2601,CA,9519338
6,METRO31100MM5945,"Orange County, CA HUD Metro FMR Area",1297,1455,1745,2497,2869,CA,2846289
6,METRO31460M31460,"Madera-Chowchilla, CA MSA",664,711,922,1323,1364,CA,123109
6,METRO32900M32900,"Merced, CA MSA",629,694,838,1220,1472,CA,210554
6,METRO33700M33700,"Modesto, CA MSA",779,845,989,1412,1682,CA,446997
6,METRO34900M34900,"Napa, CA MSA",995,1121,1413,2055,2477,CA,124279
6,METRO37100M37100,"Oxnard-Thousand Oaks-Ventura, CA MSA",1117,1239,1566,2279,2628,CA,753197
6,METRO39820M39820,"Redding, CA MSA",626,713,866,1264,1523,CA,163256
6,METRO40140M40140,"Riverside-San Bernardino-Ontario, CA MSA",938,1024,1195,1697,1984,CA,3254821
6,METRO40900M40900,"Sacramento--Arden-Arcade--Roseville, CA HUD Metro FMR Area",789,899,1072,1562,1820,CA,1628197
6,METRO40900MM9270,"Yolo, CA HUD Metro FMR Area",848,929,1099,1601,1930,CA,168660
6,METRO41500M41500,"Salinas, CA MSA",917,1029,1215,1768,1841,CA,401762
6,METRO41740M41740,"San Diego-Carlsbad-San Marcos, CA MSA",1032,1177,1429,2083,2512,CA,2813833
6,METRO41860MM5775,"Oakland-Fremont, CA HUD Metro FMR Area",1040,1247,1477,2057,2524,CA,2392557
6,METRO41860MM7360,"San Francisco, CA HUD Metro FMR Area",1206,1479,1856,2463,2645,CA,1731183
6,METRO41940M41940,"San Jose-Sunnyvale-Santa Clara, CA HUD Metro FMR Area",1165,1369,1616,2321,2545,CA,1682585
6,METRO41940N06069,"San Benito County, CA HUD Metro FMR Area",872,1117,1242,1808,2181,CA,53234
6,METRO42020M42020,"San Luis Obispo-Paso Robles, CA MSA",843,1005,1230,1791,1889,CA,246681
6,METRO42060M42060,"Santa Barbara-Santa Maria-Goleta, CA MSA",1084,1223,1436,1812,2183,CA,399347
6,METRO42100M42100,"Santa Cruz-Watsonville, CA MSA",1160,1363,1784,2598,2779,CA,255602
6,METRO42220M42220,"Santa Rosa-Petaluma, CA MSA",906,1096,1370,1995,2318,CA,458614
6,METRO44700M44700,"Stockton, CA MSA",728,819,1004,1388,1765,CA,563598
6,METRO46700M46700,"Vallejo-Fairfield, CA MSA",1046,1136,1301,1790,2166,CA,394542
6,METRO47300M47300,"Visalia-Porterville, CA MSA",583,619,711,1037,1067,CA,368021
6,METRO49700M49700,"Yuba City, CA MSA",586,664,804,1170,1409,CA,139149
6,NCNTY06003N06003,"Alpine County, CA",722,775,1020,1417,1459,CA,1208
6,NCNTY06005N06005,"Amador County, CA",815,848,1111,1598,1647,CA,35100
6,NCNTY06009N06009,"Calaveras County, CA",792,793,953,1392,1608,CA,40554
6,NCNTY06011N06011,"Colusa County, CA",697,700,877,1125,1540,CA,18804
6,NCNTY06015N06015,"Del Norte County, CA",669,708,873,1271,1311,CA,27507
6,NCNTY06021N06021,"Glenn County, CA",571,614,784,1025,1053,CA,26453
6,NCNTY06023N06023,"Humboldt County, CA",614,719,943,1377,1642,CA,126518
6,NCNTY06027N06027,"Inyo County, CA",607,647,834,1209,1367,CA,17945
6,NCNTY06033N06033,"Lake County, CA",656,713,937,1365,1457,CA,58309
6,NCNTY06035N06035,"Lassen County, CA",633,689,906,1317,1424,CA,33828
6,NCNTY06043N06043,"Mariposa County, CA",722,775,1020,1417,1459,CA,17130
6,NCNTY06045N06045,"Mendocino County, CA",702,845,1048,1448,1776,CA,86265
6,NCNTY06049N06049,"Modoc County, CA",575,652,854,1228,1288,CA,9449
6,NCNTY06051N06051,"Mono County, CA",786,1067,1200,1750,2108,CA,12853
6,NCNTY06057N06057,"Nevada County, CA",797,900,1184,1709,2081,CA,92033
6,NCNTY06063N06063,"Plumas County, CA",624,694,916,1337,1608,CA,20824
6,NCNTY06091N06091,"Sierra County, CA",749,846,1113,1580,1871,CA,3555
6,NCNTY06093N06093,"Siskiyou County, CA",538,640,826,1151,1268,CA,44301
6,NCNTY06103N06103,"Tehama County, CA",588,629,804,1167,1409,CA,56039
6,NCNTY06105N06105,"Trinity County, CA",598,639,813,1155,1328,CA,13022
6,NCNTY06109N06109,"Tuolumne County, CA",678,802,1042,1400,1443,CA,54501
8,METRO14500M14500,"Boulder, CO MSA",779,886,1121,1633,1953,CO,269814
8,METRO17820M17820,"Colorado Springs, CO HUD Metro FMR Area",599,680,841,1214,1431,CO,516929
8,METRO17820N08119,"Teller County, CO HUD Metro FMR Area",626,732,962,1400,1686,CO,20555
8,METRO19740M19740,"Denver-Aurora-Broomfield, CO MSA",638,728,921,1308,1524,CO,2179240
8,METRO22660M22660,"Fort Collins-Loveland, CO MSA",644,755,880,1282,1543,CO,251494
8,METRO24300M24300,"Grand Junction, CO MSA",609,610,732,1068,1288,CO,116255
8,METRO24540M24540,"Greeley, CO MSA",589,604,730,1066,1267,CO,180926
8,METRO39380M39380,"Pueblo, CO MSA",525,547,721,943,1077,CO,141472
8,NCNTY08003N08003,"Alamosa County, CO",409,529,588,818,998,CO,14966
8,NCNTY08007N08007,"Archuleta County, CO",537,671,822,1021,1268,CO,9898
8,NCNTY08009N08009,"Baca County, CO",430,523,588,811,894,CO,4517
8,NCNTY08011N08011,"Bent County, CO",491,492,592,789,914,CO,5998
8,NCNTY08015N08015,"Chaffee County, CO",460,608,708,1032,1062,CO,16242
8,NCNTY08017N08017,"Cheyenne County, CO",491,492,592,789,914,CO,2231
8,NCNTY08021N08021,"Conejos County, CO",430,523,588,811,894,CO,8400
8,NCNTY08023N08023,"Costilla County, CO",430,523,588,811,894,CO,3663
8,NCNTY08025N08025,"Crowley County, CO",491,492,592,789,914,CO,5518
8,NCNTY08027N08027,"Custer County, CO",519,607,799,1063,1229,CO,3503
8,NCNTY08029N08029,"Delta County, CO",529,576,640,884,910,CO,27834
8,NCNTY08033N08033,"Dolores County, CO",535,669,767,1019,1264,CO,1844
8,NCNTY08037N08037,"Eagle County, CO",926,1087,1424,1793,2501,CO,41659
8,NCNTY08043N08043,"Fremont County, CO",452,527,694,971,1156,CO,46145
8,NCNTY08045N08045,"Garfield County, CO",950,1102,1244,1681,2187,CO,43791
8,NCNTY08049N08049,"Grand County, CO",581,678,892,1159,1193,CO,12442
8,NCNTY08051N08051,"Gunnison County, CO",573,638,840,1137,1474,CO,13956
8,NCNTY08053N08053,"Hinsdale County, CO",746,903,1146,1603,2009,CO,790
8,NCNTY08055N08055,"Huerfano County, CO",430,523,588,811,894,CO,7862
8,NCNTY08057N08057,"Jackson County, CO",674,756,839,1139,1416,CO,1577
8,NCNTY08061N08061,"Kiowa County, CO",491,492,592,789,914,CO,1622
8,NCNTY08063N08063,"Kit Carson County, CO",491,492,592,789,914,CO,8011
8,NCNTY08065N08065,"Lake County, CO",746,903,1146,1603,2009,CO,7812
8,NCNTY08067N08067,"La Plata County, CO",617,741,861,1225,1377,CO,43941
8,NCNTY08071N08071,"Las Animas County, CO",420,573,645,818,844,CO,15207
8,NCNTY08073N08073,"Lincoln County, CO",491,492,592,789,914,CO,6087
8,NCNTY08075N08075,"Logan County, CO",469,470,592,854,881,CO,20504
8,NCNTY08079N08079,"Mineral County, CO",746,903,1146,1603,2009,CO,831
8,NCNTY08081N08081,"Moffat County, CO",552,622,779,1074,1334,CO,13184
8,NCNTY08083N08083,"Montezuma County, CO",475,564,647,797,998,CO,23830
8,NCNTY08085N08085,"Montrose County, CO",457,616,702,968,1222,CO,33432
8,NCNTY08087N08087,"Morgan County, CO",536,564,647,839,979,CO,27171
8,NCNTY08089N08089,"Otero County, CO",446,487,588,860,937,CO,20311
8,NCNTY08091N08091,"Ouray County, CO",746,903,1146,1603,2009,CO,3742
8,NCNTY08095N08095,"Phillips County, CO",491,492,592,789,914,CO,4480
8,NCNTY08097N08097,"Pitkin County, CO",1040,1214,1598,2151,2806,CO,14872
8,NCNTY08099N08099,"Prowers County, CO",433,528,588,799,1031,CO,14483
8,NCNTY08103N08103,"Rio Blanco County, CO",674,756,839,1139,1416,CO,5986
8,NCNTY08105N08105,"Rio Grande County, CO",435,527,588,826,903,CO,12413
8,NCNTY08107N08107,"Routt County, CO",720,863,1107,1372,1944,CO,19690
8,NCNTY08109N08109,"Saguache County, CO",430,523,588,811,894,CO,5917
8,NCNTY08111N08111,"San Juan County, CO",535,669,767,1019,1264,CO,558
8,NCNTY08113N08113,"San Miguel County, CO",769,972,1177,1716,1767,CO,6594
8,NCNTY08115N08115,"Sedgwick County, CO",491,492,592,789,914,CO,2747
8,NCNTY08117N08117,"Summit County, CO",819,955,1258,1800,2209,CO,23548
8,NCNTY08121N08121,"Washington County, CO",491,492,592,789,914,CO,4926
8,NCNTY08125N08125,"Yuma County, CO",491,492,592,789,914,CO,9841
9,METRO14860MM1160,"Bridgeport, CT HUD Metro FMR Area",905,1135,1377,1646,2001,CT,345708
9,METRO14860MM1930,"Danbury, CT HUD Metro FMR Area",1095,1356,1672,2058,2473,CT,183303
9,METRO14860MM8040,"Stamford-Norwalk, CT HUD Metro FMR Area",1284,1553,1973,2600,3380,CT,353556
9,METRO25540M25540,"Hartford-West Hartford-East Hartford, CT HUD Metro FMR Area",748,896,1095,1315,1633,CT,1101732
9,METRO25540MM5480,"Southern Middlesex County, CT HUD Metro FMR Area",879,958,1241,1536,2044,CT,46886
9,METRO35300MM1160,"Milford-Ansonia-Seymour, CT HUD Metro FMR Area",1010,1098,1271,1596,1720,CT,113771
9,METRO35300MM5480,"New Haven-Meriden, CT HUD Metro FMR Area",862,978,1181,1414,1616,CT,523037
9,METRO35300MM8880,"Waterbury, CT HUD Metro FMR Area",657,840,1010,1210,1293,CT,187200
9,METRO35980M35980,"Norwich-New London, CT HUD Metro FMR Area",762,922,1084,1338,1484,CT,237630
9,METRO35980MM3280,"Colchester-Lebanon, CT HUD Metro FMR Area",751,879,1155,1381,1425,CT,21458
9,NCNTY09005N09005,"Litchfield County, CT",710,912,1094,1401,1737,CT,182193
9,NCNTY09015N09015,"Windham County, CT",652,789,945,1206,1255,CT,109091
10,METRO20100M20100,"Dover, DE MSA",750,815,903,1223,1568,DE,126697
10,METRO37980M37980,"Philadelphia-Camden-Wilmington, PA-NJ-DE-MD MSA",803,915,1095,1339,1615,DE,500265
10,NCNTY10005N10005,"Sussex County, DE",686,743,829,1186,1222,DE,156638
11,METRO47900M47900,"Washington-Arlington-Alexandria, DC-VA-MD HUD Metro FMR Area",1156,1318,1494,1927,2522,DC,572059
12,METRO14600M14600,"Bradenton-Sarasota-Venice, FL MSA",871,953,1147,1465,1609,FL,589959
12,METRO15980M15980,"Cape Coral-Fort Myers, FL MSA",879,962,1097,1503,1546,FL,440888
12,METRO19660M19660,"Deltona-Daytona Beach-Ormond Beach, FL MSA",754,809,1004,1295,1334,FL,443343
12,METRO23020M23020,"Fort Walton Beach-Crestview-Destin, FL MSA",704,810,913,1331,1506,FL,170498
12,METRO23540M23540,"Gainesville, FL MSA",683,783,891,1301,1341,FL,232392
12,METRO27260M27260,"Jacksonville, FL HUD Metro FMR Area",718,800,938,1197,1392,FL,1100491
12,METRO27260N12003,"Baker County, FL HUD Metro FMR Area",400,555,618,902,928,FL,22259
12,METRO29460M29460,"Lakeland-Winter Haven, FL MSA",665,727,840,1105,1299,FL,483924
12,METRO33100MM2680,"Fort Lauderdale, FL HUD Metro FMR Area",1010,1130,1358,1878,2385,FL,1623018
12,METRO33100MM5000,"Miami-Miami Beach-Kendall, FL HUD Metro FMR Area",946,1075,1289,1671,1968,FL,2253362
12,METRO33100MM8960,"West Palm Beach-Boca Raton, FL HUD Metro FMR Area",910,1066,1259,1780,1834,FL,1131184
12,METRO34940M34940,"Naples-Marco Island, FL MSA",1003,1112,1240,1583,1900,FL,251377
12,METRO36100M36100,"Ocala, FL MSA",699,737,846,1160,1194,FL,258916
12,METRO36740M36740,"Orlando-Kissimmee, FL MSA",917,997,1136,1432,1752,FL,1644561
12,METRO37340M37340,"Palm Bay-Melbourne-Titusville, FL MSA",675,832,963,1324,1516,FL,476230
12,METRO37380M37380,"Palm Coast, FL MSA",761,866,1087,1502,1907,FL,49832
12,METRO37460M37460,"Panama City-Lynn Haven-Panama City Beach, FL MSA",726,749,875,1230,1366,FL,148217
12,METRO37860M37860,"Pensacola-Ferry Pass-Brent, FL MSA",706,769,854,1244,1500,FL,412153
12,METRO38940M38940,"Port St. Lucie, FL MSA",815,822,1030,1328,1367,FL,319426
12,METRO39460M39460,"Punta Gorda, FL MSA",694,776,976,1424,1717,FL,141627
12,METRO42680M42680,"Sebastian-Vero Beach, FL MSA",677,806,1031,1265,1302,FL,112947
12,METRO45220M45220,"Tallahassee, FL HUD Metro FMR Area",733,806,1014,1366,1405,FL,297441
12,METRO45220N12129,"Wakulla County, FL HUD Metro FMR Area",696,738,840,1060,1092,FL,22863
12,METRO45300M45300,"Tampa-St. Petersburg-Clearwater, FL MSA",758,848,1021,1315,1603,FL,2395997
12,NCNTY12007N12007,"Bradford County, FL",439,610,676,929,959,FL,26088
12,NCNTY12013N12013,"Calhoun County, FL",597,599,717,923,956,FL,13017
12,NCNTY12017N12017,"Citrus County, FL",639,664,769,1123,1287,FL,118085
12,NCNTY12023N12023,"Columbia County, FL",624,662,751,936,1320,FL,56513
12,NCNTY12027N12027,"DeSoto County, FL",631,640,766,917,944,FL,32209
12,NCNTY12029N12029,"Dixie County, FL",515,558,620,784,1091,FL,13827
12,NCNTY12037N12037,"Franklin County, FL",597,599,717,926,955,FL,11057
12,NCNTY12043N12043,"Glades County, FL",642,682,777,970,1045,FL,10576
12,NCNTY12045N12045,"Gulf County, FL",597,599,717,923,956,FL,13332
12,NCNTY12047N12047,"Hamilton County, FL",515,558,620,784,1091,FL,13327
12,NCNTY12049N12049,"Hardee County, FL",615,670,742,887,913,FL,26938
12,NCNTY12051N12051,"Hendry County, FL",642,694,774,956,1087,FL,36210
12,NCNTY12055N12055,"Highlands County, FL",656,664,789,1014,1173,FL,87366
12,NCNTY12059N12059,"Holmes County, FL",587,589,711,880,909,FL,18564
12,NCNTY12063N12063,"Jackson County, FL",422,562,624,795,892,FL,46755
12,NCNTY12067N12067,"Lafayette County, FL",521,561,625,784,1099,FL,7022
12,NCNTY12075N12075,"Levy County, FL",555,575,669,828,1175,FL,34450
12,NCNTY12077N12077,"Liberty County, FL",597,599,717,923,956,FL,7021
12,NCNTY12079N12079,"Madison County, FL",597,599,717,923,956,FL,18733
12,NCNTY12087N12087,"Monroe County, FL",1064,1221,1538,2182,2250,FL,79589
12,NCNTY12093N12093,"Okeechobee County, FL",667,673,804,1052,1082,FL,35910
12,NCNTY12107N12107,"Putnam County, FL",563,586,677,810,833,FL,70423
12,NCNTY12119N12119,"Sumter County, FL",539,584,649,813,1125,FL,53345
12,NCNTY12121N12121,"Suwannee County, FL",421,584,649,776,804,FL,34844
12,NCNTY12123N12123,"Taylor County, FL",579,627,697,948,975,FL,19256
12,NCNTY12125N12125,"Union County, FL",581,630,698,942,970,FL,13442
12,NCNTY12131N12131,"Walton County, FL",666,725,804,1028,1058,FL,40601
12,NCNTY12133N12133,"Washington County, FL",511,513,619,904,930,FL,20973
13,METRO10500M10500,"Albany, GA MSA",572,605,688,919,1015,GA,157833
13,METRO12020M12020,"Athens-Clarke County, GA MSA",572,652,807,1120,1173,GA,166079
13,METRO12060M12060,"Atlanta-Sandy Springs-Marietta, GA HUD Metro FMR Area",791,859,955,1183,1326,GA,4164323
13,METRO12060N13035,"Butts County, GA HUD Metro FMR Area",439,606,676,981,1144,GA,19522
13,METRO12060N13143,"Haralson County, GA HUD Metro FMR Area",439,467,548,797,965,GA,25690
13,METRO12060N13171,"Lamar County, GA HUD Metro FMR Area",563,565,677,841,1189,GA,15912
13,METRO12060N13199,"Meriwether County, GA HUD Metro FMR Area",518,518,625,747,769,GA,22534
13,METRO12260M12260,"Augusta-Richmond County, GA-SC MSA",558,621,697,958,1018,GA,332537
13,METRO15260M15260,"Brunswick, GA MSA",568,617,684,981,1202,GA,93044
13,METRO16860M16860,"Chattanooga, TN-GA MSA",576,612,715,909,1011,GA,129489
13,METRO17980M17980,"Columbus, GA-AL MSA",604,639,728,960,1136,GA,232012
13,METRO19140M19140,"Dalton, GA HUD Metro FMR Area",573,622,689,906,934,GA,83525
13,METRO19140N13213,"Murray County, GA HUD Metro FMR Area",530,567,638,763,785,GA,36506
13,METRO23580M23580,"Gainesville, GA MSA",752,816,909,1151,1438,GA,139277
13,METRO25980M25980,"Hinesville-Fort Stewart, GA HUD Metro FMR Area",545,591,660,942,1071,GA,61610
13,METRO25980N13183,"Long County, GA HUD Metro FMR Area",490,533,593,843,869,GA,10304
13,METRO31420M31420,"Macon, GA MSA",597,647,721,869,915,GA,200611
13,METRO31420N13207,"Monroe County, GA HUD Metro FMR Area",556,605,671,802,939,GA,21757
13,METRO40660M40660,"Rome, GA MSA",512,565,697,868,895,GA,90565
13,METRO42340M42340,"Savannah, GA MSA",719,781,881,1167,1331,GA,293000
13,METRO46660M46660,"Valdosta, GA MSA",568,578,684,963,992,GA,119560
13,METRO47580M47580,"Warner Robins, GA MSA",645,648,782,1114,1241,GA,110765
13,NCNTY13001N13001,"Appling County, GA",484,524,584,705,759,GA,17419
13,NCNTY13003N13003,"Atkinson County, GA",455,488,548,723,827,GA,7609
13,NCNTY13005N13005,"Bacon County, GA",455,488,548,723,827,GA,10103
13,NCNTY13009N13009,"Baldwin County, GA",438,575,674,821,847,GA,44700
13,NCNTY13011N13011,"Banks County, GA",520,562,623,774,1034,GA,14422
13,NCNTY13017N13017,"Ben Hill County, GA",374,476,576,803,825,GA,17484
13,NCNTY13019N13019,"Berrien County, GA",436,437,548,728,751,GA,16235
13,NCNTY13023N13023,"Bleckley County, GA",385,461,548,701,805,GA,11666
13,NCNTY13031N13031,"Bulloch County, GA",530,547,673,812,835,GA,55983
13,NCNTY13037N13037,"Calhoun County, GA",455,494,548,664,784,GA,6320
13,NCNTY13039N13039,"Camden County, GA",590,618,712,1035,1248,GA,43664
13,NCNTY13043N13043,"Candler County, GA",484,527,584,705,759,GA,9577
13,NCNTY13049N13049,"Charlton County, GA",455,488,548,723,827,GA,10282
13,NCNTY13055N13055,"Chattooga County, GA",367,436,563,693,939,GA,25470
13,NCNTY13061N13061,"Clay County, GA",455,494,548,664,784,GA,3357
13,NCNTY13065N13065,"Clinch County, GA",455,488,548,723,827,GA,6878
13,NCNTY13069N13069,"Coffee County, GA",430,482,555,727,974,GA,37413
13,NCNTY13071N13071,"Colquitt County, GA",469,508,566,676,812,GA,42053
13,NCNTY13075N13075,"Cook County, GA",454,491,548,739,962,GA,15771
13,NCNTY13081N13081,"Crisp County, GA",454,455,548,702,725,GA,21996
13,NCNTY13087N13087,"Decatur County, GA",417,488,642,767,853,GA,28240
13,NCNTY13091N13091,"Dodge County, GA",411,450,548,737,819,GA,19171
13,NCNTY13093N13093,"Dooly County, GA",473,479,569,729,943,GA,11525
13,NCNTY13099N13099,"Early County, GA",455,494,548,664,784,GA,12354
13,NCNTY13105N13105,"Elbert County, GA",479,503,577,744,778,GA,20511
13,NCNTY13107N13107,"Emanuel County, GA",357,437,548,659,821,GA,21837
13,NCNTY13109N13109,"Evans County, GA",484,527,584,705,759,GA,10495
13,NCNTY13111N13111,"Fannin County, GA",395,548,607,728,832,GA,19798
13,NCNTY13119N13119,"Franklin County, GA",520,562,623,774,1034,GA,20285
13,NCNTY13123N13123,"Gilmer County, GA",585,653,729,921,1041,GA,23456
13,NCNTY13125N13125,"Glascock County, GA",379,416,548,657,736,GA,2556
13,NCNTY13129N13129,"Gordon County, GA",593,596,722,888,1066,GA,44104
13,NCNTY13131N13131,"Grady County, GA",357,492,548,778,804,GA,23659
13,NCNTY13133N13133,"Greene County, GA",479,503,577,744,778,GA,14406
13,NCNTY13137N13137,"Habersham County, GA",568,570,684,850,1200,GA,35902
13,NCNTY13141N13141,"Hancock County, GA",479,503,577,744,778,GA,10076
13,NCNTY13147N13147,"Hart County, GA",472,511,569,679,999,GA,22997
13,NCNTY13155N13155,"Irwin County, GA",470,503,566,740,861,GA,9931
13,NCNTY13157N13157,"Jackson County, GA",598,648,721,878,1121,GA,41589
13,NCNTY13161N13161,"Jeff Davis County, GA",484,527,584,705,759,GA,12684
13,NCNTY13163N13163,"Jefferson County, GA",379,439,548,657,736,GA,17266
13,NCNTY13165N13165,"Jenkins County, GA",379,416,548,657,736,GA,8575
13,NCNTY13167N13167,"Johnson County, GA",440,546,608,786,840,GA,8560
13,NCNTY13175N13175,"Laurens County, GA",457,513,568,749,887,GA,44874
13,NCNTY13181N13181,"Lincoln County, GA",479,503,577,744,778,GA,8348
13,NCNTY13187N13187,"Lumpkin County, GA",513,660,791,1140,1175,GA,21016
13,NCNTY13193N13193,"Macon County, GA",473,479,569,729,943,GA,14074
13,NCNTY13201N13201,"Miller County, GA",513,555,618,760,904,GA,6383
13,NCNTY13205N13205,"Mitchell County, GA",462,477,555,664,887,GA,23932
13,NCNTY13209N13209,"Montgomery County, GA",407,488,548,742,850,GA,8270
13,NCNTY13211N13211,"Morgan County, GA",501,505,641,797,819,GA,15457
13,NCNTY13225N13225,"Peach County, GA",511,514,619,899,927,GA,23668
13,NCNTY13229N13229,"Pierce County, GA",455,488,548,723,827,GA,15636
13,NCNTY13233N13233,"Polk County, GA",459,512,646,800,826,GA,38127
13,NCNTY13235N13235,"Pulaski County, GA",402,481,548,796,838,GA,9588
13,NCNTY13237N13237,"Putnam County, GA",362,420,554,806,829,GA,18812
13,NCNTY13239N13239,"Quitman County, GA",455,494,548,664,784,GA,2598
13,NCNTY13241N13241,"Rabun County, GA",578,618,697,879,1027,GA,15050
13,NCNTY13243N13243,"Randolph County, GA",455,494,548,664,784,GA,7791
13,NCNTY13249N13249,"Schley County, GA",473,479,569,729,943,GA,3766
13,NCNTY13251N13251,"Screven County, GA",379,416,548,657,736,GA,15374
13,NCNTY13253N13253,"Seminole County, GA",513,555,618,760,904,GA,9369
13,NCNTY13257N13257,"Stephens County, GA",387,536,595,731,753,GA,25435
13,NCNTY13259N13259,"Stewart County, GA",455,494,548,664,784,GA,5252
13,NCNTY13261N13261,"Sumter County, GA",434,555,631,756,1109,GA,33200
13,NCNTY13263N13263,"Talbot County, GA",563,566,682,859,885,GA,6498
13,NCNTY13265N13265,"Taliaferro County, GA",479,503,577,744,778,GA,2077
13,NCNTY13267N13267,"Tattnall County, GA",456,491,548,763,787,GA,22305
13,NCNTY13269N13269,"Taylor County, GA",473,479,569,729,943,GA,8815
13,NCNTY13271N13271,"Telfair County, GA",407,487,548,740,848,GA,11794
13,NCNTY13275N13275,"Thomas County, GA",537,583,648,844,1109,GA,42737
13,NCNTY13277N13277,"Tift County, GA",508,558,619,789,869,GA,38407
13,NCNTY13279N13279,"Toombs County, GA",357,493,548,769,832,GA,26067
13,NCNTY13281N13281,"Towns County, GA",578,618,697,879,1027,GA,9319
13,NCNTY13283N13283,"Treutlen County, GA",407,488,548,742,850,GA,6854
13,NCNTY13285N13285,"Troup County, GA",548,608,719,954,985,GA,58779
13,NCNTY13287N13287,"Turner County, GA",470,503,566,740,861,GA,9504
13,NCNTY13291N13291,"Union County, GA",578,618,697,879,1027,GA,17289
13,NCNTY13293N13293,"Upson County, GA",415,542,641,792,815,GA,27597
13,NCNTY13299N13299,"Ware County, GA",466,523,594,757,857,GA,35483
13,NCNTY13301N13301,"Warren County, GA",479,503,577,744,778,GA,6336
13,NCNTY13303N13303,"Washington County, GA",379,451,548,675,736,GA,21176
13,NCNTY13305N13305,"Wayne County, GA",390,464,548,727,960,GA,26565
13,NCNTY13307N13307,"Webster County, GA",473,479,569,729,943,GA,2390
13,NCNTY13309N13309,"Wheeler County, GA",407,488,548,742,850,GA,6179
13,NCNTY13311N13311,"White County, GA",581,633,703,885,1019,GA,19944
13,NCNTY13315N13315,"Wilcox County, GA",407,488,548,742,850,GA,8577
13,NCNTY13317N13317,"Wilkes County, GA",479,503,577,744,778,GA,10687
13,NCNTY13319N13319,"Wilkinson County, GA",440,546,608,786,840,GA,10220
15,METRO26180M26180,"Honolulu, HI MSA",1237,1474,1782,2598,3060,HI,876156
15,NCNTY15001N15001,"Hawaii County, HI",860,1025,1145,1611,1706,HI,148677
15,NCNTY15005N15005,"Kalawao County, HI",1083,1191,1401,1804,2107,HI,147
15,NCNTY15007N15007,"Kauai County, HI",917,1029,1303,1633,2060,HI,58463
15,NCNTY15009N15009,"Maui County, HI",1207,1350,1555,2160,2412,HI,128094
16,METRO14260M14260,"Boise City-Nampa, ID HUD Metro FMR Area",556,662,756,1099,1209,ID,449659
16,METRO14260N16045,"Gem County, ID HUD Metro FMR Area",508,661,734,1069,1100,ID,15181
16,METRO17660M17660,"Coeur d'Alene, ID MSA",598,648,778,1131,1270,ID,108685
16,METRO26820M26820,"Idaho Falls, ID MSA",499,545,682,941,1163,ID,101677
16,METRO30300M30300,"Lewiston, ID-WA MSA",523,543,685,945,1140,ID,37410
16,METRO30860M30860,"Logan, UT-ID MSA",523,558,687,938,1156,ID,11329
16,METRO38540M38540,"Pocatello, ID MSA",443,509,639,931,1123,ID,83103
16,NCNTY16003N16003,"Adams County, ID",500,541,691,899,1078,ID,3476
16,NCNTY16007N16007,"Bear Lake County, ID",441,509,633,913,1086,ID,6411
16,NCNTY16009N16009,"Benewah County, ID",588,614,752,1091,1141,ID,9171
16,NCNTY16011N16011,"Bingham County, ID",431,496,606,874,904,ID,41735
16,NCNTY16013N16013,"Blaine County, ID",918,973,1109,1438,1943,ID,18991
16,NCNTY16017N16017,"Bonner County, ID",570,649,752,1053,1084,ID,36835
16,NCNTY16021N16021,"Boundary County, ID",588,614,752,1091,1141,ID,9871
16,NCNTY16023N16023,"Butte County, ID",482,526,661,945,1118,ID,2899
16,NCNTY16025N16025,"Camas County, ID",534,585,702,943,1038,ID,991
16,NCNTY16029N16029,"Caribou County, ID",441,509,633,913,1086,ID,7304
16,NCNTY16031N16031,"Cassia County, ID",534,585,702,943,1038,ID,21416
16,NCNTY16033N16033,"Clark County, ID",482,526,661,945,1118,ID,1022
16,NCNTY16035N16035,"Clearwater County, ID",506,533,658,957,1144,ID,8930
16,NCNTY16037N16037,"Custer County, ID",482,526,661,945,1118,ID,4342
16,NCNTY16039N16039,"Elmore County, ID",453,529,696,869,1020,ID,29130
16,NCNTY16043N16043,"Fremont County, ID",482,526,661,945,1118,ID,11819
16,NCNTY16047N16047,"Gooding County, ID",534,585,702,943,1038,ID,14155
16,NCNTY16049N16049,"Idaho County, ID",485,528,698,833,966,ID,15511
16,NCNTY16053N16053,"Jerome County, ID",534,585,702,943,1038,ID,18342
16,NCNTY16057N16057,"Latah County, ID",508,541,650,951,1143,ID,34935
16,NCNTY16059N16059,"Lemhi County, ID",482,526,661,945,1118,ID,7806
16,NCNTY16061N16061,"Lewis County, ID",506,533,658,957,1144,ID,3747
16,NCNTY16063N16063,"Lincoln County, ID",534,585,702,943,1038,ID,4044
16,NCNTY16065N16065,"Madison County, ID",461,462,589,855,938,ID,27467
16,NCNTY16067N16067,"Minidoka County, ID",384,504,592,781,805,ID,20174
16,NCNTY16071N16071,"Oneida County, ID",441,509,633,913,1086,ID,4125
16,NCNTY16075N16075,"Payette County, ID",460,536,705,859,1061,ID,20578
16,NCNTY16079N16079,"Shoshone County, ID",496,497,613,803,831,ID,13771
16,NCNTY16081N16081,"Teton County, ID",482,526,661,945,1118,ID,5999
16,NCNTY16083N16083,"Twin Falls County, ID",486,577,706,935,1065,ID,64284
16,NCNTY16085N16085,"Valley County, ID",500,541,691,899,1078,ID,7651
16,NCNTY16087N16087,"Washington County, ID",500,541,691,899,1078,ID,9977
17,METRO14060M14060,"Bloomington-Normal, IL MSA",536,602,764,1020,1309,IL,150433
17,METRO16020M16020,"Cape Girardeau-Jackson, MO-IL MSA",411,467,609,808,1037,IL,9590
17,METRO16580M16580,"Champaign-Urbana, IL MSA",526,629,749,1000,1314,IL,210275
17,METRO16980M16980,"Chicago-Naperville-Joliet, IL HUD Metro FMR Area",790,903,1015,1240,1402,IL,8091720
17,METRO16980MM2050,"DeKalb County, IL HUD Metro FMR Area",615,673,885,1161,1451,IL,88969
17,METRO16980MM3170,"Grundy County, IL HUD Metro FMR Area",605,709,930,1236,1616,IL,37535
17,METRO16980MM3780,"Kendall County, IL HUD Metro FMR Area",845,847,1042,1413,1520,IL,54544
17,METRO19180M19180,"Danville, IL MSA",417,487,642,779,804,IL,83919
17,METRO19340M19340,"Davenport-Moline-Rock Island, IA-IL MSA",493,543,684,884,957,IL,217351
17,METRO19500M19500,"Decatur, IL MSA",426,525,652,885,911,IL,114706
17,METRO28100M28100,"Kankakee-Bradley, IL MSA",549,615,786,1024,1104,IL,103833
17,METRO37900M37900,"Peoria, IL MSA",506,589,737,950,1096,IL,366899
17,METRO40420M40420,"Rockford, IL MSA",517,581,754,992,1021,IL,320204
17,METRO41180M41180,"St. Louis, MO-IL HUD Metro FMR Area",599,653,810,1056,1129,IL,604929
17,METRO41180N17005,"Bond County, IL HUD Metro FMR Area",400,457,581,845,944,IL,17633
17,METRO41180N17117,"Macoupin County, IL HUD Metro FMR Area",535,537,660,809,833,IL,49019
17,METRO44100M44100,"Springfield, IL MSA",462,548,705,931,1063,IL,201437
17,NCNTY17001N17001,"Adams County, IL",393,463,603,785,865,IL,68277
17,NCNTY17009N17009,"Brown County, IL",374,447,577,758,781,IL,6950
17,NCNTY17011N17011,"Bureau County, IL",428,499,658,811,890,IL,35503
17,NCNTY17015N17015,"Carroll County, IL",451,527,641,802,826,IL,16674
17,NCNTY17017N17017,"Cass County, IL",430,432,570,716,737,IL,13695
17,NCNTY17021N17021,"Christian County, IL",379,495,580,746,901,IL,35372
17,NCNTY17023N17023,"Clark County, IL",386,538,596,867,895,IL,17008
17,NCNTY17025N17025,"Clay County, IL",388,452,563,730,750,IL,14560
17,NCNTY17029N17029,"Coles County, IL",415,520,637,929,1119,IL,53196
17,NCNTY17033N17033,"Crawford County, IL",368,432,563,724,750,IL,20452
17,NCNTY17035N17035,"Cumberland County, IL",406,509,625,863,1096,IL,11253
17,NCNTY17039N17039,"De Witt County, IL",472,474,589,795,907,IL,16798
17,NCNTY17041N17041,"Douglas County, IL",395,496,609,849,876,IL,19922
17,NCNTY17045N17045,"Edgar County, IL",381,463,586,720,757,IL,19704
17,NCNTY17047N17047,"Edwards County, IL",468,469,563,730,811,IL,6971
17,NCNTY17049N17049,"Effingham County, IL",524,525,630,790,828,IL,34264
17,NCNTY17051N17051,"Fayette County, IL",467,495,563,740,762,IL,21802
17,NCNTY17055N17055,"Franklin County, IL",364,482,563,732,984,IL,39018
17,NCNTY17057N17057,"Fulton County, IL",388,469,577,733,866,IL,38250
17,NCNTY17059N17059,"Gallatin County, IL",468,469,563,730,811,IL,6445
17,NCNTY17061N17061,"Greene County, IL",411,464,610,744,829,IL,14761
17,NCNTY17065N17065,"Hamilton County, IL",468,469,563,730,811,IL,8621
17,NCNTY17067N17067,"Hancock County, IL",446,447,563,676,695,IL,20121
17,NCNTY17069N17069,"Hardin County, IL",468,469,563,730,811,IL,4800
17,NCNTY17071N17071,"Henderson County, IL",386,459,580,734,863,IL,8213
17,NCNTY17075N17075,"Iroquois County, IL",408,485,586,730,836,IL,31334
17,NCNTY17077N17077,"Jackson County, IL",402,494,620,901,1012,IL,59612
17,NCNTY17079N17079,"Jasper County, IL",388,452,563,730,750,IL,10117
17,NCNTY17081N17081,"Jefferson County, IL",519,520,624,807,830,IL,40045
17,NCNTY17085N17085,"Jo Daviess County, IL",489,490,590,746,769,IL,22289
17,NCNTY17087N17087,"Johnson County, IL",468,469,563,730,811,IL,12878
17,NCNTY17095N17095,"Knox County, IL",407,475,624,833,859,IL,55836
17,NCNTY17099N17099,"La Salle County, IL",476,528,690,883,1118,IL,111509
17,NCNTY17101N17101,"Lawrence County, IL",366,428,563,761,785,IL,15452
17,NCNTY17103N17103,"Lee County, IL",415,522,637,852,942,IL,36062
17,NCNTY17105N17105,"Livingston County, IL",439,535,676,843,868,IL,39678
17,NCNTY17107N17107,"Logan County, IL",506,507,608,829,1066,IL,31183
17,NCNTY17109N17109,"McDonough County, IL",387,465,586,794,1031,IL,32913
17,NCNTY17121N17121,"Marion County, IL",468,471,566,748,770,IL,41691
17,NCNTY17125N17125,"Mason County, IL",366,456,566,777,801,IL,16038
17,NCNTY17127N17127,"Massac County, IL",468,475,563,820,846,IL,15161
17,NCNTY17135N17135,"Montgomery County, IL",480,481,578,692,822,IL,30652
17,NCNTY17137N17137,"Morgan County, IL",430,501,660,848,872,IL,36616
17,NCNTY17139N17139,"Moultrie County, IL",398,466,611,739,894,IL,14287
17,NCNTY17141N17141,"Ogle County, IL",490,562,697,938,1028,IL,51032
17,NCNTY17145N17145,"Perry County, IL",365,508,563,689,842,IL,23094
17,NCNTY17149N17149,"Pike County, IL",366,445,566,756,779,IL,17384
17,NCNTY17151N17151,"Pope County, IL",468,469,563,730,811,IL,4413
17,NCNTY17153N17153,"Pulaski County, IL",468,469,563,730,811,IL,7348
17,NCNTY17155N17155,"Putnam County, IL",400,471,618,807,876,IL,6086
17,NCNTY17157N17157,"Randolph County, IL",376,439,579,741,903,IL,33893
17,NCNTY17159N17159,"Richland County, IL",389,493,563,811,865,IL,16149
17,NCNTY17165N17165,"Saline County, IL",366,484,563,771,985,IL,26733
17,NCNTY17169N17169,"Schuyler County, IL",366,445,566,756,779,IL,7189
17,NCNTY17171N17171,"Scott County, IL",411,464,610,744,829,IL,5537
17,NCNTY17173N17173,"Shelby County, IL",476,477,576,756,841,IL,22893
17,NCNTY17177N17177,"Stephenson County, IL",442,517,681,813,839,IL,48979
17,NCNTY17181N17181,"Union County, IL",467,469,563,673,902,IL,18293
17,NCNTY17185N17185,"Wabash County, IL",468,469,563,730,811,IL,12937
17,NCNTY17187N17187,"Warren County, IL",403,472,620,741,795,IL,18735
17,NCNTY17189N17189,"Washington County, IL",473,476,590,777,801,IL,15148
17,NCNTY17191N17191,"Wayne County, IL",365,459,563,696,716,IL,17151
17,NCNTY17193N17193,"White County, IL",468,469,563,730,811,IL,15371
17,NCNTY17195N17195,"Whiteside County, IL",452,533,650,814,835,IL,60653
17,NCNTY17199N17199,"Williamson County, IL",389,456,597,860,886,IL,61296
18,METRO11300M11300,"Anderson, IN MSA",594,596,730,915,951,IN,133358
18,METRO14020MM1020,"Bloomington, IN HUD Metro FMR Area",515,608,728,1060,1233,IN,120563
18,METRO14020N18055,"Greene County, IN HUD Metro FMR Area",424,445,588,821,845,IN,33157
18,METRO14020N18119,"Owen County, IN HUD Metro FMR Area",523,547,632,793,1109,IN,21786
18,METRO16980MM2960,"Gary, IN HUD Metro FMR Area",599,711,868,1050,1081,IN,645928
18,METRO16980N18073,"Jasper County, IN HUD Metro FMR Area",656,657,791,979,1009,IN,30043
18,METRO17140M17140,"Cincinnati-Middleton, OH-KY-IN HUD Metro FMR Area",509,598,777,1053,1113,IN,73883
18,METRO18020M18020,"Columbus, IN MSA",692,700,832,1023,1178,IN,71435
18,METRO21140M21140,"Elkhart-Goshen, IN MSA",641,644,784,989,1018,IN,182791
18,METRO21780M21780,"Evansville, IN-KY HUD Metro FMR Area",459,545,670,827,941,IN,251366
18,METRO21780N18051,"Gibson County, IN HUD Metro FMR Area",520,522,624,781,1080,IN,32500
18,METRO23060M23060,"Fort Wayne, IN MSA",511,534,678,830,852,IN,390156
18,METRO26900M26900,"Indianapolis, IN HUD Metro FMR Area",585,679,811,1053,1135,IN,1489085
18,METRO26900N18133,"Putnam County, IN HUD Metro FMR Area",563,564,692,828,909,IN,36019
18,METRO29020M29020,"Kokomo, IN MSA",550,578,729,924,951,IN,101541
18,METRO29140M29140,"Lafayette, IN HUD Metro FMR Area",562,672,833,1080,1383,IN,158376
18,METRO29140N18015,"Carroll County, IN HUD Metro FMR Area",424,499,653,902,929,IN,20165
18,METRO31140M31140,"Louisville, KY-IN HUD Metro FMR Area",531,605,713,1004,1042,IN,201620
18,METRO31140N18175,"Washington County, IN HUD Metro FMR Area",446,504,611,782,956,IN,27223
18,METRO33140M33140,"Michigan City-La Porte, IN MSA",484,566,716,963,993,IN,110106
18,METRO34620M34620,"Muncie, IN MSA",518,544,673,888,994,IN,118769
18,METRO43780M43780,"South Bend-Mishawaka, IN HUD Metro FMR Area",568,631,768,980,1010,IN,265559
18,METRO45460M45460,"Terre Haute, IN HUD Metro FMR Area",447,498,642,799,942,IN,149192
18,METRO45460N18153,"Sullivan County, IN HUD Metro FMR Area",380,453,588,703,723,IN,21751
18,NCNTY18001N18001,"Adams County, IN",476,529,588,756,861,IN,33625
18,NCNTY18009N18009,"Blackford County, IN",521,523,628,799,895,IN,14048
18,NCNTY18017N18017,"Cass County, IN",432,494,634,785,810,IN,40930
18,NCNTY18023N18023,"Clinton County, IN",529,577,702,898,926,IN,33866
18,NCNTY18025N18025,"Crawford County, IN",422,493,619,758,781,IN,10743
18,NCNTY18027N18027,"Daviess County, IN",499,502,601,787,846,IN,29820
18,NCNTY18031N18031,"Decatur County, IN",574,576,697,907,936,IN,24555
18,NCNTY18033N18033,"DeKalb County, IN",491,535,705,928,954,IN,40285
18,NCNTY18037N18037,"Dubois County, IN",416,484,639,886,910,IN,39674
18,NCNTY18041N18041,"Fayette County, IN",428,515,655,869,895,IN,25588
18,NCNTY18045N18045,"Fountain County, IN",411,516,602,768,929,IN,17954
18,NCNTY18049N18049,"Fulton County, IN",516,559,622,871,897,IN,20511
18,NCNTY18053N18053,"Grant County, IN",532,532,643,848,950,IN,73403
18,NCNTY18065N18065,"Henry County, IN",534,536,679,849,1043,IN,48508
18,NCNTY18069N18069,"Huntington County, IN",466,568,689,823,995,IN,38075
18,NCNTY18071N18071,"Jackson County, IN",587,588,707,905,1045,IN,41335
18,NCNTY18075N18075,"Jay County, IN",384,449,590,765,794,IN,21806
18,NCNTY18077N18077,"Jefferson County, IN",453,488,640,789,906,IN,31705
18,NCNTY18079N18079,"Jennings County, IN",439,515,678,817,1077,IN,27554
18,NCNTY18083N18083,"Knox County, IN",400,457,588,726,913,IN,39256
18,NCNTY18085N18085,"Kosciusko County, IN",469,547,719,887,1016,IN,74057
18,NCNTY18087N18087,"LaGrange County, IN",543,561,692,859,886,IN,34909
18,NCNTY18093N18093,"Lawrence County, IN",435,529,670,801,1136,IN,45922
18,NCNTY18099N18099,"Marshall County, IN",466,565,710,912,941,IN,45128
18,NCNTY18101N18101,"Martin County, IN",416,463,588,733,849,IN,10369
18,NCNTY18103N18103,"Miami County, IN",398,474,612,890,1002,IN,36082
18,NCNTY18107N18107,"Montgomery County, IN",446,530,675,913,940,IN,37629
18,NCNTY18113N18113,"Noble County, IN",602,603,724,867,891,IN,46275
18,NCNTY18117N18117,"Orange County, IN",381,446,588,741,791,IN,19306
18,NCNTY18121N18121,"Parke County, IN",520,523,626,757,988,IN,17241
18,NCNTY18123N18123,"Perry County, IN",382,446,589,838,865,IN,18899
18,NCNTY18125N18125,"Pike County, IN",411,471,616,794,890,IN,12837
18,NCNTY18131N18131,"Pulaski County, IN",537,539,649,839,866,IN,13755
18,NCNTY18135N18135,"Randolph County, IN",495,496,596,806,830,IN,27401
18,NCNTY18137N18137,"Ripley County, IN",581,582,702,838,1026,IN,26523
18,NCNTY18139N18139,"Rush County, IN",550,552,664,793,841,IN,18261
18,NCNTY18143N18143,"Scott County, IN",442,561,664,879,940,IN,22960
18,NCNTY18147N18147,"Spencer County, IN",411,471,616,794,890,IN,20391
18,NCNTY18149N18149,"Starke County, IN",527,550,636,831,856,IN,23556
18,NCNTY18151N18151,"Steuben County, IN",512,597,785,940,968,IN,33214
18,NCNTY18155N18155,"Switzerland County, IN",493,531,685,871,932,IN,9065
18,NCNTY18161N18161,"Union County, IN",433,525,667,842,873,IN,7349
18,NCNTY18169N18169,"Wabash County, IN",434,482,634,792,892,IN,34960
18,NCNTY18171N18171,"Warren County, IN",438,546,670,854,940,IN,8419
18,NCNTY18177N18177,"Wayne County, IN",448,513,649,861,922,IN,71097
18,NCNTY18181N18181,"White County, IN",466,643,714,854,1249,IN,25267
19,METRO11180M11180,"Ames, IA MSA",585,623,763,1113,1343,IA,79981
19,METRO16300M16300,"Cedar Rapids, IA HUD Metro FMR Area",458,530,698,1006,1225,IA,191701
19,METRO16300N19011,"Benton County, IA HUD Metro FMR Area",356,459,547,784,902,IA,25308
19,METRO16300N19105,"Jones County, IA HUD Metro FMR Area",457,458,550,768,790,IA,20221
19,METRO19340M19340,"Davenport-Moline-Rock Island, IA-IL MSA",493,543,684,884,957,IA,158668
19,METRO19780M19780,"Des Moines-West Des Moines, IA MSA",536,639,774,996,1096,IA,481394
19,METRO20220M20220,"Dubuque, IA MSA",424,461,607,818,928,IA,89143
19,METRO26980MM3500,"Iowa City, IA HUD Metro FMR Area",513,605,768,1119,1348,IA,111006
19,METRO26980N19183,"Washington County, IA HUD Metro FMR Area",379,459,581,775,1020,IA,20670
19,METRO36540M36540,"Omaha-Council Bluffs, NE-IA HUD Metro FMR Area",581,654,810,1106,1142,IA,117917
19,METRO43580M43580,"Sioux City, IA-NE-SD MSA",458,536,703,885,943,IA,103877
19,METRO47940M47940,"Waterloo-Cedar Falls, IA HUD Metro FMR Area",433,535,641,791,1115,IA,140381
19,METRO47940N19017,"Bremer County, IA HUD Metro FMR Area",388,457,594,711,909,IA,23325
19,NCNTY19001N19001,"Adair County, IA",394,443,575,706,806,IA,8243
19,NCNTY19003N19003,"Adams County, IA",394,443,575,706,806,IA,4482
19,NCNTY19005N19005,"Allamakee County, IA",381,433,547,700,807,IA,14675
19,NCNTY19007N19007,"Appanoose County, IA",356,415,547,689,776,IA,13721
19,NCNTY19009N19009,"Audubon County, IA",453,453,547,699,738,IA,6830
19,NCNTY19015N19015,"Boone County, IA",454,530,697,870,967,IA,26224
19,NCNTY19019N19019,"Buchanan County, IA",452,453,547,714,734,IA,21093
19,NCNTY19021N19021,"Buena Vista County, IA",433,502,587,703,782,IA,20411
19,NCNTY19023N19023,"Butler County, IA",381,433,547,700,807,IA,15305
19,NCNTY19025N19025,"Calhoun County, IA",428,434,562,727,750,IA,11115
19,NCNTY19027N19027,"Carroll County, IA",399,464,612,730,752,IA,21421
19,NCNTY19029N19029,"Cass County, IA",440,544,676,866,917,IA,14684
19,NCNTY19031N19031,"Cedar County, IA",405,450,594,769,839,IA,18187
19,NCNTY19033N19033,"Cerro Gordo County, IA",421,477,629,796,845,IA,46447
19,NCNTY19035N19035,"Cherokee County, IA",453,453,547,699,738,IA,13035
19,NCNTY19037N19037,"Chickasaw County, IA",381,433,547,700,807,IA,13095
19,NCNTY19039N19039,"Clarke County, IA",394,447,589,709,809,IA,9133
19,NCNTY19041N19041,"Clay County, IA",356,414,547,667,813,IA,17372
19,NCNTY19043N19043,"Clayton County, IA",381,433,547,700,807,IA,18678
19,NCNTY19045N19045,"Clinton County, IA",383,435,572,726,900,IA,50149
19,NCNTY19047N19047,"Crawford County, IA",453,453,547,699,738,IA,16942
19,NCNTY19051N19051,"Davis County, IA",394,443,575,706,806,IA,8541
19,NCNTY19053N19053,"Decatur County, IA",394,443,575,706,806,IA,8689
19,NCNTY19055N19055,"Delaware County, IA",405,450,594,769,839,IA,18404
19,NCNTY19057N19057,"Des Moines County, IA",434,496,616,801,854,IA,42351
19,NCNTY19059N19059,"Dickinson County, IA",364,470,562,766,988,IA,16424
19,NCNTY19063N19063,"Emmet County, IA",415,415,547,679,773,IA,11027
19,NCNTY19065N19065,"Fayette County, IA",381,433,547,700,807,IA,22008
19,NCNTY19067N19067,"Floyd County, IA",377,416,547,709,730,IA,16900
19,NCNTY19069N19069,"Franklin County, IA",395,433,547,701,724,IA,10704
19,NCNTY19071N19071,"Fremont County, IA",440,544,676,866,917,IA,8010
19,NCNTY19073N19073,"Greene County, IA",453,453,547,699,738,IA,10366
19,NCNTY19079N19079,"Hamilton County, IA",427,445,585,725,746,IA,16438
19,NCNTY19081N19081,"Hancock County, IA",395,433,547,701,724,IA,12100
19,NCNTY19083N19083,"Hardin County, IA",502,505,604,724,856,IA,18812
19,NCNTY19087N19087,"Henry County, IA",518,520,633,824,849,IA,20336
19,NCNTY19089N19089,"Howard County, IA",381,433,547,700,807,IA,9932
19,NCNTY19091N19091,"Humboldt County, IA",428,434,562,727,750,IA,10381
19,NCNTY19093N19093,"Ida County, IA",453,453,547,699,738,IA,7837
19,NCNTY19095N19095,"Iowa County, IA",456,481,591,771,829,IA,15671
19,NCNTY19097N19097,"Jackson County, IA",405,454,594,769,839,IA,20296
19,NCNTY19099N19099,"Jasper County, IA",429,483,636,866,958,IA,37213
19,NCNTY19101N19101,"Jefferson County, IA",461,485,589,710,909,IA,16181
19,NCNTY19107N19107,"Keokuk County, IA",394,443,575,706,806,IA,11400
19,NCNTY19109N19109,"Kossuth County, IA",395,433,547,701,724,IA,17163
19,NCNTY19111N19111,"Lee County, IA",398,466,576,730,750,IA,38052
19,NCNTY19115N19115,"Louisa County, IA",440,498,616,803,838,IA,12183
19,NCNTY19117N19117,"Lucas County, IA",394,443,575,706,806,IA,9422
19,NCNTY19119N19119,"Lyon County, IA",415,415,547,679,773,IA,11763
19,NCNTY19123N19123,"Mahaska County, IA",524,524,630,753,932,IA,22335
19,NCNTY19125N19125,"Marion County, IA",425,519,653,840,863,IA,32052
19,NCNTY19127N19127,"Marshall County, IA",428,512,641,810,915,IA,39311
19,NCNTY19131N19131,"Mitchell County, IA",395,433,547,701,724,IA,10874
19,NCNTY19133N19133,"Monona County, IA",453,453,547,699,738,IA,10020
19,NCNTY19135N19135,"Monroe County, IA",394,443,575,706,806,IA,8016
19,NCNTY19137N19137,"Montgomery County, IA",440,544,676,866,917,IA,11771
19,NCNTY19139N19139,"Muscatine County, IA",446,534,668,847,966,IA,41722
19,NCNTY19141N19141,"O'Brien County, IA",415,415,547,679,773,IA,15102
19,NCNTY19143N19143,"Osceola County, IA",415,415,547,679,773,IA,7003
19,NCNTY19145N19145,"Page County, IA",364,428,564,684,704,IA,16976
19,NCNTY19147N19147,"Palo Alto County, IA",415,415,547,679,773,IA,10147
19,NCNTY19149N19149,"Plymouth County, IA",469,470,566,744,766,IA,24849
19,NCNTY19151N19151,"Pocahontas County, IA",428,434,562,727,750,IA,8662
19,NCNTY19157N19157,"Poweshiek County, IA",402,471,618,781,805,IA,18815
19,NCNTY19159N19159,"Ringgold County, IA",394,443,575,706,806,IA,5469
19,NCNTY19161N19161,"Sac County, IA",453,453,547,699,738,IA,11529
19,NCNTY19165N19165,"Shelby County, IA",440,544,676,866,917,IA,13173
19,NCNTY19167N19167,"Sioux County, IA",426,470,547,750,772,IA,31589
19,NCNTY19171N19171,"Tama County, IA",456,469,591,771,829,IA,18103
19,NCNTY19173N19173,"Taylor County, IA",394,443,575,706,806,IA,6958
19,NCNTY19175N19175,"Union County, IA",394,443,575,706,806,IA,12309
19,NCNTY19177N19177,"Van Buren County, IA",394,443,575,706,806,IA,7809
19,NCNTY19179N19179,"Wapello County, IA",404,474,624,754,841,IA,36051
19,NCNTY19185N19185,"Wayne County, IA",394,443,575,706,806,IA,6730
19,NCNTY19187N19187,"Webster County, IA",424,446,587,810,836,IA,40235
19,NCNTY19189N19189,"Winnebago County, IA",395,433,547,701,724,IA,11723
19,NCNTY19191N19191,"Winneshiek County, IA",355,481,547,750,963,IA,21310
19,NCNTY19195N19195,"Worth County, IA",395,433,547,701,724,IA,7909
19,NCNTY19197N19197,"Wright County, IA",428,434,562,727,750,IA,14334
20,METRO28140M28140,"Kansas City, MO-KS HUD Metro FMR Area",605,726,834,1128,1187,KS,715580
20,METRO28140N20059,"Franklin County, KS HUD Metro FMR Area",578,579,695,896,1009,KS,24784
20,METRO29940M29940,"Lawrence, KS MSA",580,609,787,1151,1384,KS,99962
20,METRO31740M31740,"Manhattan, KS MSA",467,535,652,910,1088,KS,108999
20,METRO41140M41140,"St. Joseph, MO-KS MSA",400,489,617,779,901,KS,8249
20,METRO45820M45820,"Topeka, KS MSA",524,572,691,891,955,KS,224551
20,METRO48620M48620,"Wichita, KS HUD Metro FMR Area",468,525,677,870,991,KS,545220
20,METRO48620N20191,"Sumner County, KS HUD Metro FMR Area",389,461,601,784,1056,KS,25946
20,NCNTY20001N20001,"Allen County, KS",410,474,566,731,779,KS,14385
20,NCNTY20003N20003,"Anderson County, KS",398,462,566,728,839,KS,8110
20,NCNTY20005N20005,"Atchison County, KS",472,527,662,952,1162,KS,16774
20,NCNTY20007N20007,"Barber County, KS",407,435,566,739,879,KS,5307
20,NCNTY20009N20009,"Barton County, KS",367,436,566,727,992,KS,28205
20,NCNTY20011N20011,"Bourbon County, KS",387,441,566,770,843,KS,15379
20,NCNTY20013N20013,"Brown County, KS",472,527,662,952,1162,KS,10724
20,NCNTY20017N20017,"Chase County, KS",436,452,592,766,812,KS,3030
20,NCNTY20019N20019,"Chautauqua County, KS",398,462,566,728,839,KS,4359
20,NCNTY20021N20021,"Cherokee County, KS",471,508,566,810,992,KS,22605
20,NCNTY20023N20023,"Cheyenne County, KS",417,441,582,743,764,KS,3165
20,NCNTY20025N20025,"Clark County, KS",527,529,636,775,855,KS,2390
20,NCNTY20027N20027,"Clay County, KS",483,521,637,865,1116,KS,8822
20,NCNTY20029N20029,"Cloud County, KS",468,496,617,813,840,KS,10268
20,NCNTY20031N20031,"Coffey County, KS",436,452,592,766,812,KS,8865
20,NCNTY20033N20033,"Comanche County, KS",407,435,566,739,879,KS,1967
20,NCNTY20035N20035,"Cowley County, KS",382,474,585,745,767,KS,36291
20,NCNTY20037N20037,"Crawford County, KS",425,498,655,879,999,KS,38242
20,NCNTY20039N20039,"Decatur County, KS",417,441,582,743,764,KS,3472
20,NCNTY20041N20041,"Dickinson County, KS",370,431,568,688,812,KS,19344
20,NCNTY20047N20047,"Edwards County, KS",407,435,566,739,879,KS,3449
20,NCNTY20049N20049,"Elk County, KS",398,462,566,728,839,KS,3261
20,NCNTY20051N20051,"Ellis County, KS",419,483,637,884,1073,KS,27507
20,NCNTY20053N20053,"Ellsworth County, KS",468,496,617,813,840,KS,6525
20,NCNTY20055N20055,"Finney County, KS",558,559,675,836,1022,KS,40523
20,NCNTY20057N20057,"Ford County, KS",542,548,652,807,841,KS,32458
20,NCNTY20063N20063,"Gove County, KS",417,441,582,743,764,KS,3068
20,NCNTY20065N20065,"Graham County, KS",417,441,582,743,764,KS,2946
20,NCNTY20067N20067,"Grant County, KS",527,529,636,775,855,KS,7909
20,NCNTY20069N20069,"Gray County, KS",527,529,636,775,855,KS,5904
20,NCNTY20071N20071,"Greeley County, KS",527,529,636,775,855,KS,1534
20,NCNTY20073N20073,"Greenwood County, KS",436,452,592,766,812,KS,7673
20,NCNTY20075N20075,"Hamilton County, KS",527,529,636,775,855,KS,2670
20,NCNTY20077N20077,"Harper County, KS",407,435,566,739,879,KS,6536
20,NCNTY20081N20081,"Haskell County, KS",527,529,636,775,855,KS,4307
20,NCNTY20083N20083,"Hodgeman County, KS",527,529,636,775,855,KS,2085
20,NCNTY20089N20089,"Jewell County, KS",468,496,617,813,840,KS,3791
20,NCNTY20093N20093,"Kearny County, KS",527,529,636,775,855,KS,4531
20,NCNTY20095N20095,"Kingman County, KS",407,435,566,739,879,KS,8673
20,NCNTY20097N20097,"Kiowa County, KS",407,435,566,739,879,KS,3278
20,NCNTY20099N20099,"Labette County, KS",369,430,566,743,764,KS,22835
20,NCNTY20101N20101,"Lane County, KS",527,529,636,775,855,KS,2155
20,NCNTY20105N20105,"Lincoln County, KS",468,496,617,813,840,KS,3578
20,NCNTY20109N20109,"Logan County, KS",417,441,582,743,764,KS,3046
20,NCNTY20111N20111,"Lyon County, KS",388,455,597,810,918,KS,35935
20,NCNTY20113N20113,"McPherson County, KS",481,482,603,814,968,KS,29554
20,NCNTY20115N20115,"Marion County, KS",436,452,592,766,812,KS,13361
20,NCNTY20117N20117,"Marshall County, KS",483,521,637,865,1116,KS,10965
20,NCNTY20119N20119,"Meade County, KS",527,529,636,775,855,KS,4631
20,NCNTY20123N20123,"Mitchell County, KS",468,496,617,813,840,KS,6932
20,NCNTY20125N20125,"Montgomery County, KS",486,487,585,735,863,KS,36252
20,NCNTY20127N20127,"Morris County, KS",483,521,637,865,1116,KS,6104
20,NCNTY20129N20129,"Morton County, KS",527,529,636,775,855,KS,3496
20,NCNTY20131N20131,"Nemaha County, KS",472,527,662,952,1162,KS,10717
20,NCNTY20133N20133,"Neosho County, KS",366,485,566,675,991,KS,16997
20,NCNTY20135N20135,"Ness County, KS",527,529,636,775,855,KS,3454
20,NCNTY20137N20137,"Norton County, KS",417,441,582,743,764,KS,5953
20,NCNTY20141N20141,"Osborne County, KS",417,441,582,743,764,KS,4452
20,NCNTY20143N20143,"Ottawa County, KS",468,496,617,813,840,KS,6163
20,NCNTY20145N20145,"Pawnee County, KS",407,435,566,739,879,KS,7233
20,NCNTY20147N20147,"Phillips County, KS",417,441,582,743,764,KS,6001
20,NCNTY20151N20151,"Pratt County, KS",406,432,566,734,873,KS,9647
20,NCNTY20153N20153,"Rawlins County, KS",417,441,582,743,764,KS,2966
20,NCNTY20155N20155,"Reno County, KS",418,493,626,885,911,KS,64790
20,NCNTY20157N20157,"Republic County, KS",468,496,617,813,840,KS,5835
20,NCNTY20159N20159,"Rice County, KS",423,481,607,836,891,KS,10761
20,NCNTY20163N20163,"Rooks County, KS",417,441,582,743,764,KS,5685
20,NCNTY20165N20165,"Rush County, KS",407,435,566,739,879,KS,3551
20,NCNTY20167N20167,"Russell County, KS",417,441,582,743,764,KS,7370
20,NCNTY20169N20169,"Saline County, KS",482,505,652,891,916,KS,53597
20,NCNTY20171N20171,"Scott County, KS",527,529,636,775,855,KS,5120
20,NCNTY20175N20175,"Seward County, KS",471,554,632,787,920,KS,22510
20,NCNTY20179N20179,"Sheridan County, KS",417,441,582,743,764,KS,2813
20,NCNTY20181N20181,"Sherman County, KS",419,461,606,745,767,KS,6760
20,NCNTY20183N20183,"Smith County, KS",417,441,582,743,764,KS,4536
20,NCNTY20185N20185,"Stafford County, KS",407,435,566,739,879,KS,4789
20,NCNTY20187N20187,"Stanton County, KS",527,529,636,775,855,KS,2406
20,NCNTY20189N20189,"Stevens County, KS",527,529,636,775,855,KS,5463
20,NCNTY20193N20193,"Thomas County, KS",418,441,582,744,765,KS,8180
20,NCNTY20195N20195,"Trego County, KS",417,441,582,743,764,KS,3319
20,NCNTY20199N20199,"Wallace County, KS",417,441,582,743,764,KS,1749
20,NCNTY20201N20201,"Washington County, KS",468,496,617,813,840,KS,6483
20,NCNTY20203N20203,"Wichita County, KS",527,529,636,775,855,KS,2531
20,NCNTY20205N20205,"Wilson County, KS",398,462,566,728,839,KS,10332
20,NCNTY20207N20207,"Woodson County, KS",398,462,566,728,839,KS,3788
21,METRO14540M14540,"Bowling Green, KY MSA",510,577,708,954,1095,KY,104166
21,METRO17140M17140,"Cincinnati-Middleton, OH-KY-IN HUD Metro FMR Area",509,598,777,1053,1113,KY,356610
21,METRO17140MM3020,"Grant County, KY HUD Metro FMR Area",479,576,734,881,956,KY,22384
21,METRO17300M17300,"Clarksville, TN-KY HUD Metro FMR Area",579,600,699,1014,1044,KY,84862
21,METRO21060M21060,"Elizabethtown, KY MSA",461,499,609,886,1054,KY,107547
21,METRO21780M21780,"Evansville, IN-KY HUD Metro FMR Area",459,545,670,827,941,KY,58949
21,METRO26580M26580,"Huntington-Ashland, WV-KY-OH MSA",434,518,624,776,840,KY,86643
21,METRO30460M30460,"Lexington-Fayette, KY MSA",521,628,772,1055,1099,KY,408326
21,METRO31140M31140,"Louisville, KY-IN HUD Metro FMR Area",531,605,713,1004,1042,KY,835969
21,METRO31140N21163,"Meade County, KY HUD Metro FMR Area",497,498,596,774,867,KY,26349
21,METRO31140N21179,"Nelson County, KY HUD Metro FMR Area",483,511,625,886,951,KY,37477
21,METRO31140N21211,"Shelby County, KY HUD Metro FMR Area",577,578,728,951,980,KY,33337
21,METRO36980M36980,"Owensboro, KY MSA",433,497,638,891,1029,KY,109875
21,NCNTY21001N21001,"Adair County, KY",420,430,507,625,690,KY,17244
21,NCNTY21003N21003,"Allen County, KY",333,416,507,712,833,KY,17800
21,NCNTY21005N21005,"Anderson County, KY",490,536,708,1027,1199,KY,19111
21,NCNTY21007N21007,"Ballard County, KY",469,489,608,770,886,KY,8286
21,NCNTY21009N21009,"Barren County, KY",363,435,559,691,777,KY,38033
21,NCNTY21011N21011,"Bath County, KY",422,477,569,714,737,KY,11085
21,NCNTY21013N21013,"Bell County, KY",333,455,507,607,891,KY,30060
21,NCNTY21021N21021,"Boyle County, KY",439,496,653,781,806,KY,27697
21,NCNTY21025N21025,"Breathitt County, KY",422,438,507,668,686,KY,16100
21,NCNTY21027N21027,"Breckinridge County, KY",427,447,567,776,801,KY,18648
21,NCNTY21031N21031,"Butler County, KY",514,570,694,911,1033,KY,13010
21,NCNTY21033N21033,"Caldwell County, KY",421,422,507,655,738,KY,13060
21,NCNTY21035N21035,"Calloway County, KY",524,525,661,818,1138,KY,34177
21,NCNTY21039N21039,"Carlisle County, KY",469,489,608,770,886,KY,5351
21,NCNTY21041N21041,"Carroll County, KY",509,510,661,832,902,KY,10155
21,NCNTY21043N21043,"Carter County, KY",356,487,550,698,722,KY,26889
21,NCNTY21045N21045,"Casey County, KY",420,430,507,625,690,KY,15447
21,NCNTY21051N21051,"Clay County, KY",329,454,507,604,622,KY,24556
21,NCNTY21053N21053,"Clinton County, KY",420,430,507,625,690,KY,9634
21,NCNTY21055N21055,"Crittenden County, KY",421,422,507,656,738,KY,9384
21,NCNTY21057N21057,"Cumberland County, KY",420,430,507,625,690,KY,7147
21,NCNTY21063N21063,"Elliott County, KY",474,475,573,729,832,KY,6748
21,NCNTY21065N21065,"Estill County, KY",443,444,534,651,802,KY,15307
21,NCNTY21069N21069,"Fleming County, KY",422,477,569,714,737,KY,13792
21,NCNTY21071N21071,"Floyd County, KY",421,433,519,679,786,KY,42441
21,NCNTY21073N21073,"Franklin County, KY",521,556,730,1013,1040,KY,47687
21,NCNTY21075N21075,"Fulton County, KY",469,489,608,770,886,KY,7752
21,NCNTY21079N21079,"Garrard County, KY",435,492,629,752,1101,KY,14792
21,NCNTY21083N21083,"Graves County, KY",420,444,534,663,809,KY,37028
21,NCNTY21085N21085,"Grayson County, KY",437,439,526,671,758,KY,24053
21,NCNTY21087N21087,"Green County, KY",417,427,507,620,685,KY,11518
21,NCNTY21095N21095,"Harlan County, KY",421,457,507,643,856,KY,33202
21,NCNTY21097N21097,"Harrison County, KY",526,529,633,812,838,KY,17983
21,NCNTY21099N21099,"Hart County, KY",371,414,518,664,766,KY,17445
21,NCNTY21105N21105,"Hickman County, KY",469,489,608,770,886,KY,5262
21,NCNTY21107N21107,"Hopkins County, KY",439,440,529,709,929,KY,46519
21,NCNTY21109N21109,"Jackson County, KY",423,452,510,613,639,KY,13495
21,NCNTY21115N21115,"Johnson County, KY",331,414,507,716,736,KY,23445
21,NCNTY21119N21119,"Knott County, KY",422,438,507,625,663,KY,17649
21,NCNTY21121N21121,"Knox County, KY",333,394,507,707,731,KY,31795
21,NCNTY21125N21125,"Laurel County, KY",448,481,540,671,856,KY,52715
21,NCNTY21127N21127,"Lawrence County, KY",335,391,516,687,708,KY,15569
21,NCNTY21129N21129,"Lee County, KY",422,438,507,625,663,KY,7916
21,NCNTY21131N21131,"Leslie County, KY",422,438,507,625,663,KY,12401
21,NCNTY21133N21133,"Letcher County, KY",422,438,507,633,663,KY,25277
21,NCNTY21135N21135,"Lewis County, KY",422,477,569,714,737,KY,14092
21,NCNTY21137N21137,"Lincoln County, KY",382,531,588,702,886,KY,23361
21,NCNTY21139N21139,"Livingston County, KY",421,422,507,656,738,KY,9804
21,NCNTY21141N21141,"Logan County, KY",481,521,581,787,851,KY,26573
21,NCNTY21143N21143,"Lyon County, KY",519,530,624,880,907,KY,8080
21,NCNTY21145N21145,"McCracken County, KY",403,502,624,860,887,KY,65514
21,NCNTY21147N21147,"McCreary County, KY",420,453,507,661,677,KY,17080
21,NCNTY21151N21151,"Madison County, KY",466,482,611,888,1026,KY,70872
21,NCNTY21153N21153,"Magoffin County, KY",428,429,516,655,673,KY,13332
21,NCNTY21155N21155,"Marion County, KY",427,447,567,776,801,KY,18212
21,NCNTY21157N21157,"Marshall County, KY",476,477,574,773,934,KY,30125
21,NCNTY21159N21159,"Martin County, KY",428,429,516,655,673,KY,12578
21,NCNTY21161N21161,"Mason County, KY",377,480,582,849,890,KY,16800
21,NCNTY21165N21165,"Menifee County, KY",422,477,569,714,737,KY,6556
21,NCNTY21167N21167,"Mercer County, KY",534,536,643,805,956,KY,20817
21,NCNTY21169N21169,"Metcalfe County, KY",371,414,518,664,766,KY,10037
21,NCNTY21171N21171,"Monroe County, KY",371,414,518,664,766,KY,11756
21,NCNTY21173N21173,"Montgomery County, KY",428,499,658,785,809,KY,22554
21,NCNTY21175N21175,"Morgan County, KY",422,477,569,714,737,KY,13948
21,NCNTY21177N21177,"Muhlenberg County, KY",420,422,510,666,684,KY,31839
21,NCNTY21181N21181,"Nicholas County, KY",539,546,722,911,963,KY,6813
21,NCNTY21183N21183,"Ohio County, KY",417,448,507,684,736,KY,22916
21,NCNTY21187N21187,"Owen County, KY",587,663,758,1069,1330,KY,10547
21,NCNTY21189N21189,"Owsley County, KY",422,438,507,625,663,KY,4858
21,NCNTY21193N21193,"Perry County, KY",440,443,530,632,766,KY,29390
21,NCNTY21195N21195,"Pike County, KY",434,435,535,647,667,KY,68736
21,NCNTY21197N21197,"Powell County, KY",407,518,629,752,775,KY,13237
21,NCNTY21199N21199,"Pulaski County, KY",355,410,520,666,705,KY,56217
21,NCNTY21201N21201,"Robertson County, KY",422,477,569,714,737,KY,2266
21,NCNTY21203N21203,"Rockcastle County, KY",423,452,510,613,639,KY,16582
21,NCNTY21205N21205,"Rowan County, KY",458,535,602,719,994,KY,22094
21,NCNTY21207N21207,"Russell County, KY",420,430,507,622,690,KY,16315
21,NCNTY21213N21213,"Simpson County, KY",475,556,730,902,930,KY,16405
21,NCNTY21217N21217,"Taylor County, KY",350,483,537,686,836,KY,22927
21,NCNTY21219N21219,"Todd County, KY",519,530,624,880,907,KY,11971
21,NCNTY21225N21225,"Union County, KY",479,481,579,693,739,KY,15637
21,NCNTY21229N21229,"Washington County, KY",427,447,567,776,801,KY,10916
21,NCNTY21231N21231,"Wayne County, KY",331,451,507,667,687,KY,19923
21,NCNTY21235N21235,"Whitley County, KY",398,431,569,678,699,KY,35865
21,NCNTY21237N21237,"Wolfe County, KY",422,438,507,625,663,KY,7065
22,METRO10780M10780,"Alexandria, LA MSA",561,561,676,861,884,LA,145035
22,METRO12940M12940,"Baton Rouge, LA HUD Metro FMR Area",681,733,852,1101,1315,LA,672653
22,METRO12940N22047,"Iberville Parish, LA HUD Metro FMR Area",553,553,666,834,860,LA,33320
22,METRO26380M26380,"Houma-Bayou Cane-Thibodaux, LA MSA",575,575,709,942,1060,LA,194477
22,METRO29180M29180,"Lafayette, LA MSA",610,672,758,1014,1220,LA,239086
22,METRO29340M29340,"Lake Charles, LA MSA",568,624,757,960,1329,LA,193568
22,METRO33740M33740,"Monroe, LA MSA",541,571,715,941,972,LA,170053
22,METRO35380M35380,"New Orleans-Metairie-Kenner, LA MSA",805,895,1057,1377,1494,LA,1316510
22,METRO43340M43340,"Shreveport-Bossier City, LA MSA",593,650,779,993,1024,LA,375965
22,NCNTY22001N22001,"Acadia Parish, LA",428,463,549,684,759,LA,58861
22,NCNTY22003N22003,"Allen Parish, LA",472,473,569,780,895,LA,25440
22,NCNTY22007N22007,"Assumption Parish, LA",541,543,650,804,826,LA,23388
22,NCNTY22009N22009,"Avoyelles Parish, LA",364,475,562,719,821,LA,41481
22,NCNTY22011N22011,"Beauregard Parish, LA",493,519,597,857,1045,LA,32986
22,NCNTY22013N22013,"Bienville Parish, LA",530,538,638,774,828,LA,15752
22,NCNTY22021N22021,"Caldwell Parish, LA",460,472,551,690,752,LA,10560
22,NCNTY22025N22025,"Catahoula Parish, LA",455,456,569,691,817,LA,10920
22,NCNTY22027N22027,"Claiborne Parish, LA",530,538,638,774,828,LA,16851
22,NCNTY22029N22029,"Concordia Parish, LA",455,456,569,737,817,LA,20247
22,NCNTY22035N22035,"East Carroll Parish, LA",460,472,551,690,752,LA,9421
22,NCNTY22039N22039,"Evangeline Parish, LA",429,456,537,657,703,LA,35434
22,NCNTY22041N22041,"Franklin Parish, LA",460,472,551,690,752,LA,21263
22,NCNTY22045N22045,"Iberia Parish, LA",521,546,659,849,905,LA,73266
22,NCNTY22049N22049,"Jackson Parish, LA",460,472,551,693,752,LA,15397
22,NCNTY22053N22053,"Jefferson Davis Parish, LA",472,474,569,741,761,LA,31435
22,NCNTY22059N22059,"La Salle Parish, LA",455,456,569,691,817,LA,14282
22,NCNTY22061N22061,"Lincoln Parish, LA",544,577,677,904,935,LA,42509
22,NCNTY22065N22065,"Madison Parish, LA",460,472,551,690,752,LA,13728
22,NCNTY22067N22067,"Morehouse Parish, LA",461,476,610,734,756,LA,31021
22,NCNTY22069N22069,"Natchitoches Parish, LA",562,563,677,838,976,LA,39080
22,NCNTY22081N22081,"Red River Parish, LA",530,538,638,774,828,LA,9622
22,NCNTY22083N22083,"Richland Parish, LA",460,472,551,690,752,LA,20981
22,NCNTY22085N22085,"Sabine Parish, LA",530,538,638,774,828,LA,23459
22,NCNTY22093N22093,"St. James Parish, LA",577,637,765,984,1097,LA,21216
22,NCNTY22097N22097,"St. Landry Parish, LA",358,431,548,761,783,LA,87700
22,NCNTY22101N22101,"St. Mary Parish, LA",497,511,631,840,965,LA,53500
22,NCNTY22105N22105,"Tangipahoa Parish, LA",500,577,725,868,1053,LA,100588
22,NCNTY22107N22107,"Tensas Parish, LA",460,472,551,690,752,LA,6618
22,NCNTY22113N22113,"Vermilion Parish, LA",460,461,554,766,791,LA,53807
22,NCNTY22115N22115,"Vernon Parish, LA",468,531,598,868,959,LA,52531
22,NCNTY22117N22117,"Washington Parish, LA",446,478,537,732,754,LA,43926
22,NCNTY22119N22119,"Webster Parish, LA",519,519,625,823,849,LA,41831
22,NCNTY22123N22123,"West Carroll Parish, LA",460,472,551,690,752,LA,12314
22,NCNTY22127N22127,"Winn Parish, LA",452,489,544,671,763,LA,16894
23,METRO12620MM0730,"Bangor, ME HUD Metro FMR Area",570,663,851,1087,1200,ME,87262
23,METRO12620N23019,"Penobscot County, ME (part) HUD Metro FMR Area",582,586,699,888,1052,ME,57657
23,METRO30340M30340,"Lewiston-Auburn, ME MSA",479,586,735,908,1017,ME,103793
23,METRO38860MM6400,"Portland, ME HUD Metro FMR Area",753,907,1159,1488,1543,ME,243537
23,METRO38860MM6450,"York-Kittery-South Berwick, ME HUD Metro FMR Area",890,895,1074,1564,1624,ME,41375
23,METRO38860N23005,"Cumberland County, ME (part) HUD Metro FMR Area",616,737,947,1158,1452,ME,45900
23,METRO38860N23023,"Sagadahoc County, ME HUD Metro FMR Area",736,737,917,1103,1611,ME,35214
23,METRO38860N23031,"York County, ME (part) HUD Metro FMR Area",742,746,897,1071,1204,ME,121542
23,NCNTY23003N23003,"Aroostook County, ME",429,539,647,859,1008,ME,73938
23,NCNTY23007N23007,"Franklin County, ME",529,587,711,870,1079,ME,29467
23,NCNTY23009N23009,"Hancock County, ME",607,703,818,1134,1166,ME,51791
23,NCNTY23011N23011,"Kennebec County, ME",487,570,711,966,1047,ME,117114
23,NCNTY23013N23013,"Knox County, ME",534,711,823,1122,1243,ME,39618
23,NCNTY23015N23015,"Lincoln County, ME",632,707,834,1031,1064,ME,33616
23,NCNTY23017N23017,"Oxford County, ME",529,601,700,939,1170,ME,54755
23,NCNTY23021N23021,"Piscataquis County, ME",570,648,820,1019,1146,ME,17235
23,NCNTY23025N23025,"Somerset County, ME",445,568,665,940,988,ME,50888
23,NCNTY23027N23027,"Waldo County, ME",618,700,846,1014,1044,ME,36280
23,NCNTY23029N23029,"Washington County, ME",583,597,715,879,985,ME,33941
24,METRO12580M12580,"Baltimore-Towson, MD HUD Metro FMR Area",887,1002,1203,1545,1908,MD,2464740
24,METRO12580MM0721,"Columbia city, MD HUD Metro FMR Area",1304,1346,1573,2207,2470,MD,88254
24,METRO19060M19060,"Cumberland, MD-WV MSA",461,523,625,824,1034,MD,74930
24,METRO25180MM3180,"Hagerstown, MD HUD Metro FMR Area",604,666,845,1202,1239,MD,131923
24,METRO37980M37980,"Philadelphia-Camden-Wilmington, PA-NJ-DE-MD MSA",803,915,1095,1339,1615,MD,85951
24,METRO41540M41540,"Salisbury, MD HUD Metro FMR Area",646,770,916,1137,1299,MD,84644
24,METRO41540N24039,"Somerset County, MD HUD Metro FMR Area",612,631,735,933,1291,MD,24747
24,METRO47900M47900,"Washington-Arlington-Alexandria, DC-VA-MD HUD Metro FMR Area",1156,1318,1494,1927,2522,MD,2065242
24,NCNTY24011N24011,"Caroline County, MD",644,701,804,1089,1118,MD,29772
24,NCNTY24019N24019,"Dorchester County, MD",519,617,801,1025,1054,MD,30674
24,NCNTY24023N24023,"Garrett County, MD",436,553,668,853,1132,MD,29846
24,NCNTY24029N24029,"Kent County, MD",748,765,901,1164,1443,MD,19197
24,NCNTY24037N24037,"St. Mary's County, MD",927,962,1120,1501,1943,MD,86211
24,NCNTY24041N24041,"Talbot County, MD",784,785,947,1356,1396,MD,33812
24,NCNTY24047N24047,"Worcester County, MD",765,794,919,1327,1427,MD,46543
25,METRO12700M12700,"Barnstable Town, MA MSA",820,972,1261,1507,1554,MA,222230
25,METRO14460MM1120,"Boston-Cambridge-Quincy, MA-NH HUD Metro FMR Area",1200,1275,1491,1835,2143,MA,3208714
25,METRO14460MM1200,"Brockton, MA HUD Metro FMR Area",1015,1063,1335,1595,2012,MA,237393
25,METRO14460MM4160,"Lawrence, MA-NH HUD Metro FMR Area",809,1017,1246,1488,1534,MA,264873
25,METRO14460MM4560,"Lowell, MA HUD Metro FMR Area",880,1041,1356,1620,1784,MA,290772
25,METRO38340M38340,"Pittsfield, MA HUD Metro FMR Area",624,737,894,1143,1177,MA,84699
25,METRO38340N25003,"Berkshire County, MA (part) HUD Metro FMR Area",635,758,850,1238,1273,MA,50254
25,METRO39300M39300,"Providence-Fall River, RI-MA HUD Metro FMR Area",786,860,1003,1201,1530,MA,233064
25,METRO39300MM1120,"Taunton-Mansfield-Norton, MA HUD Metro FMR Area",748,909,1152,1419,1463,MA,108350
25,METRO39300MM1200,"Easton-Raynham, MA HUD Metro FMR Area",890,1183,1374,1814,2267,MA,34038
25,METRO39300MM5400,"New Bedford, MA HUD Metro FMR Area",623,777,879,1050,1384,MA,159226
25,METRO44140M44140,"Springfield, MA HUD Metro FMR Area",647,774,966,1170,1339,MA,612256
25,METRO44140N25011,"Franklin County, MA (part) HUD Metro FMR Area",735,768,952,1351,1498,MA,67758
25,METRO49340M49340,"Worcester, MA HUD Metro FMR Area",764,864,1046,1252,1335,MA,500104
25,METRO49340MM1120,"Eastern Worcester County, MA HUD Metro FMR Area",755,885,1163,1390,2041,MA,83832
25,METRO49340MM2600,"Fitchburg-Leominster, MA HUD Metro FMR Area",731,802,1017,1250,1359,MA,139439
25,METRO49340N25027,"Western Worcester County, MA HUD Metro FMR Area",765,805,923,1200,1353,MA,27588
25,NCNTY25007N25007,"Dukes County, MA",983,1235,1512,1807,1861,MA,14987
25,NCNTY25019N25019,"Nantucket County, MA",1236,1648,1899,2491,2564,MA,9520
26,METRO11460M11460,"Ann Arbor, MI MSA",697,780,946,1269,1406,MI,322895
26,METRO12980M12980,"Battle Creek, MI MSA",511,597,735,889,916,MI,137985
26,METRO13020M13020,"Bay City, MI MSA",466,538,642,887,912,MI,110157
26,METRO19820M19820,"Detroit-Warren-Livonia, MI HUD Metro FMR Area",631,701,843,1007,1038,MI,4295606
26,METRO19820MM0440,"Livingston County, MI HUD Metro FMR Area",731,795,928,1351,1628,MI,156951
26,METRO22420M22420,"Flint, MI MSA",557,579,705,885,914,MI,436141
26,METRO24340M24340,"Grand Rapids-Wyoming, MI HUD Metro FMR Area",582,622,749,956,1001,MI,574335
26,METRO24340N26015,"Barry County, MI HUD Metro FMR Area",460,574,710,1013,1084,MI,56755
26,METRO24340N26067,"Ionia County, MI HUD Metro FMR Area",519,571,700,836,900,MI,61518
26,METRO24340N26123,"Newaygo County, MI HUD Metro FMR Area",541,554,653,884,910,MI,47874
26,METRO26100M26100,"Holland-Grand Haven, MI MSA",647,669,781,1138,1251,MI,238314
26,METRO27100M27100,"Jackson, MI MSA",600,605,726,900,928,MI,158422
26,METRO28020M28020,"Kalamazoo-Portage, MI MSA",562,591,729,976,1133,MI,314866
26,METRO29620M29620,"Lansing-East Lansing, MI MSA",597,647,814,1055,1184,MI,447728
26,METRO33780M33780,"Monroe, MI MSA",667,669,805,1067,1162,MI,145945
26,METRO34740M34740,"Muskegon-Norton Shores, MI MSA",486,503,652,870,895,MI,170200
26,METRO35660M35660,"Niles-Benton Harbor, MI MSA",491,556,691,868,1060,MI,162453
26,METRO40980M40980,"Saginaw-Saginaw Township North, MI MSA",492,571,724,887,912,MI,210039
26,METRO43780N26027,"Cass County, MI HUD Metro FMR Area",481,583,647,835,950,MI,51104
26,NCNTY26001N26001,"Alcona County, MI",426,502,627,841,931,MI,11719
26,NCNTY26003N26003,"Alger County, MI",408,486,588,735,829,MI,9862
26,NCNTY26005N26005,"Allegan County, MI",599,634,753,977,1026,MI,105665
26,NCNTY26007N26007,"Alpena County, MI",487,530,588,821,902,MI,31314
26,NCNTY26009N26009,"Antrim County, MI",539,540,653,938,1143,MI,23110
26,NCNTY26011N26011,"Arenac County, MI",464,487,588,796,891,MI,17269
26,NCNTY26013N26013,"Baraga County, MI",408,486,588,735,829,MI,8746
26,NCNTY26019N26019,"Benzie County, MI",640,641,811,1022,1052,MI,15998
26,NCNTY26023N26023,"Branch County, MI",490,555,732,877,903,MI,45787
26,NCNTY26029N26029,"Charlevoix County, MI",571,621,691,971,1039,MI,26090
26,NCNTY26031N26031,"Cheboygan County, MI",424,502,627,855,929,MI,26448
26,NCNTY26033N26033,"Chippewa County, MI",406,527,624,762,896,MI,38543
26,NCNTY26035N26035,"Clare County, MI",416,453,594,823,848,MI,31252
26,NCNTY26039N26039,"Crawford County, MI",425,502,634,841,931,MI,14273
26,NCNTY26041N26041,"Delta County, MI",399,492,588,765,820,MI,38520
26,NCNTY26043N26043,"Dickinson County, MI",393,469,604,733,1000,MI,27472
26,NCNTY26047N26047,"Emmet County, MI",472,580,726,1025,1056,MI,31437
26,NCNTY26051N26051,"Gladwin County, MI",464,487,588,796,891,MI,26023
26,NCNTY26053N26053,"Gogebic County, MI",415,484,588,750,851,MI,17370
26,NCNTY26055N26055,"Grand Traverse County, MI",654,687,846,1122,1157,MI,77654
26,NCNTY26057N26057,"Gratiot County, MI",504,505,606,813,897,MI,42285
26,NCNTY26059N26059,"Hillsdale County, MI",420,524,618,900,953,MI,46527
26,NCNTY26061N26061,"Houghton County, MI",473,488,588,811,911,MI,36016
26,NCNTY26063N26063,"Huron County, MI",485,487,588,756,925,MI,36079
26,NCNTY26069N26069,"Iosco County, MI",470,500,588,855,934,MI,27339
26,NCNTY26071N26071,"Iron County, MI",415,484,588,750,851,MI,13138
26,NCNTY26073N26073,"Isabella County, MI",537,553,648,899,1095,MI,63351
26,NCNTY26079N26079,"Kalkaska County, MI",525,570,633,757,780,MI,16571
26,NCNTY26083N26083,"Keweenaw County, MI",415,484,588,750,851,MI,2301
26,NCNTY26085N26085,"Lake County, MI",497,532,622,804,991,MI,11333
26,NCNTY26089N26089,"Leelanau County, MI",640,641,811,1022,1052,MI,21119
26,NCNTY26091N26091,"Lenawee County, MI",470,587,722,902,995,MI,98890
26,NCNTY26095N26095,"Luce County, MI",389,490,588,757,820,MI,7024
26,NCNTY26097N26097,"Mackinac County, MI",406,521,625,748,805,MI,11943
26,NCNTY26101N26101,"Manistee County, MI",490,498,653,782,861,MI,24527
26,NCNTY26103N26103,"Marquette County, MI",389,480,588,728,803,MI,64634
26,NCNTY26105N26105,"Mason County, MI",382,452,588,759,811,MI,28274
26,NCNTY26107N26107,"Mecosta County, MI",440,546,664,896,1166,MI,40553
26,NCNTY26109N26109,"Menominee County, MI",489,490,588,780,1035,MI,25326
26,NCNTY26111N26111,"Midland County, MI",500,567,724,988,1017,MI,82874
26,NCNTY26113N26113,"Missaukee County, MI",480,573,672,886,1023,MI,14478
26,NCNTY26117N26117,"Montcalm County, MI",540,548,650,858,884,MI,61266
26,NCNTY26119N26119,"Montmorency County, MI",424,502,627,841,930,MI,10315
26,NCNTY26127N26127,"Oceana County, MI",442,515,627,753,775,MI,26873
26,NCNTY26129N26129,"Ogemaw County, MI",456,477,588,780,874,MI,21645
26,NCNTY26131N26131,"Ontonagon County, MI",415,484,588,750,851,MI,7818
26,NCNTY26133N26133,"Osceola County, MI",487,489,588,787,973,MI,23197
26,NCNTY26135N26135,"Oscoda County, MI",426,502,627,841,931,MI,9418
26,NCNTY26137N26137,"Otsego County, MI",489,570,752,899,932,MI,23301
26,NCNTY26141N26141,"Presque Isle County, MI",426,502,627,841,931,MI,14411
26,NCNTY26143N26143,"Roscommon County, MI",492,493,591,776,897,MI,25469
26,NCNTY26149N26149,"St. Joseph County, MI",518,556,674,822,910,MI,62422
26,NCNTY26151N26151,"Sanilac County, MI",512,550,613,867,891,MI,44547
26,NCNTY26153N26153,"Schoolcraft County, MI",389,490,588,757,820,MI,8903
26,NCNTY26155N26155,"Shiawassee County, MI",437,538,672,916,1052,MI,71687
26,NCNTY26157N26157,"Tuscola County, MI",438,510,637,787,943,MI,58266
26,NCNTY26165N26165,"Wexford County, MI",433,574,666,868,1038,MI,30484
27,METRO20260M20260,"Duluth, MN-WI MSA",447,539,685,870,1054,MN,232199
27,METRO22020M22020,"Fargo, ND-MN MSA",447,520,649,947,1097,MN,51229
27,METRO24220M24220,"Grand Forks, ND-MN MSA",433,535,668,859,1114,MN,31369
27,METRO29100M29100,"La Crosse, WI-MN MSA",436,508,670,911,1175,MN,19718
27,METRO31860M31860,"Mankato-North Mankato, MN MSA",532,612,722,1030,1182,MN,85712
27,METRO33460M33460,"Minneapolis-St. Paul-Bloomington, MN-WI MSA",659,772,939,1243,1403,MN,2868847
27,METRO40340M40340,"Rochester, MN HUD Metro FMR Area",624,682,889,1179,1287,MN,142008
27,METRO40340N27157,"Wabasha County, MN HUD Metro FMR Area",431,493,629,767,1103,MN,21610
27,METRO41060M41060,"St. Cloud, MN MSA",533,581,691,974,1164,MN,167392
27,NCNTY27001N27001,"Aitkin County, MN",447,523,688,879,944,MN,15301
27,NCNTY27005N27005,"Becker County, MN",380,446,588,729,750,MN,30000
27,NCNTY27007N27007,"Beltrami County, MN",423,505,648,866,1112,MN,39650
27,NCNTY27011N27011,"Big Stone County, MN",381,461,588,749,795,MN,5820
27,NCNTY27015N27015,"Brown County, MN",439,524,635,759,812,MN,26911
27,NCNTY27021N27021,"Cass County, MN",434,509,619,780,803,MN,27150
27,NCNTY27023N27023,"Chippewa County, MN",458,500,606,727,749,MN,13088
27,NCNTY27029N27029,"Clearwater County, MN",427,494,614,781,1076,MN,8423
27,NCNTY27031N27031,"Cook County, MN",434,509,619,780,803,MN,5168
27,NCNTY27033N27033,"Cottonwood County, MN",438,476,588,786,849,MN,12167
27,NCNTY27035N27035,"Crow Wing County, MN",450,528,695,886,1044,MN,55099
27,NCNTY27041N27041,"Douglas County, MN",423,519,642,933,991,MN,32821
27,NCNTY27043N27043,"Faribault County, MN",438,476,588,786,849,MN,16181
27,NCNTY27045N27045,"Fillmore County, MN",424,522,649,853,1144,MN,21122
27,NCNTY27047N27047,"Freeborn County, MN",388,454,597,713,916,MN,32584
27,NCNTY27049N27049,"Goodhue County, MN",501,587,772,971,1032,MN,44127
27,NCNTY27051N27051,"Grant County, MN",381,461,588,749,795,MN,6289
27,NCNTY27057N27057,"Hubbard County, MN",427,494,614,781,1076,MN,18376
27,NCNTY27061N27061,"Itasca County, MN",432,523,663,808,877,MN,43992
27,NCNTY27063N27063,"Jackson County, MN",438,476,588,786,849,MN,11268
27,NCNTY27065N27065,"Kanabec County, MN",453,529,697,889,954,MN,14996
27,NCNTY27067N27067,"Kandiyohi County, MN",512,517,619,847,942,MN,41203
27,NCNTY27069N27069,"Kittson County, MN",401,478,600,773,892,MN,5285
27,NCNTY27071N27071,"Koochiching County, MN",434,509,619,780,803,MN,14355
27,NCNTY27073N27073,"Lac qui Parle County, MN",458,500,606,727,749,MN,8067
27,NCNTY27075N27075,"Lake County, MN",434,509,619,780,803,MN,11058
27,NCNTY27077N27077,"Lake of the Woods County, MN",427,494,614,781,1076,MN,4522
27,NCNTY27079N27079,"Le Sueur County, MN",527,551,691,960,991,MN,25426
27,NCNTY27081N27081,"Lincoln County, MN",458,500,606,727,749,MN,6429
27,NCNTY27083N27083,"Lyon County, MN",464,538,647,821,845,MN,25425
27,NCNTY27085N27085,"McLeod County, MN",551,556,729,1038,1070,MN,34898
27,NCNTY27087N27087,"Mahnomen County, MN",427,494,614,781,1076,MN,5190
27,NCNTY27089N27089,"Marshall County, MN",401,478,600,773,892,MN,10155
27,NCNTY27091N27091,"Martin County, MN",485,499,588,854,880,MN,21802
27,NCNTY27093N27093,"Meeker County, MN",529,558,637,845,868,MN,22644
27,NCNTY27095N27095,"Mille Lacs County, MN",480,511,660,878,905,MN,22330
27,NCNTY27097N27097,"Morrison County, MN",408,490,627,773,1100,MN,31712
27,NCNTY27099N27099,"Mower County, MN",396,465,596,734,800,MN,38603
27,NCNTY27101N27101,"Murray County, MN",438,476,588,786,849,MN,9165
27,NCNTY27105N27105,"Nobles County, MN",395,509,588,758,781,MN,20832
27,NCNTY27107N27107,"Norman County, MN",401,478,600,773,892,MN,7442
27,NCNTY27111N27111,"Otter Tail County, MN",394,474,605,736,759,MN,57159
27,NCNTY27113N27113,"Pennington County, MN",396,461,606,727,781,MN,13584
27,NCNTY27115N27115,"Pine County, MN",477,548,696,949,979,MN,26530
27,NCNTY27117N27117,"Pipestone County, MN",438,476,588,786,849,MN,9895
27,NCNTY27121N27121,"Pope County, MN",381,461,588,749,795,MN,11236
27,NCNTY27125N27125,"Red Lake County, MN",401,478,600,773,892,MN,4299
27,NCNTY27127N27127,"Redwood County, MN",458,500,606,727,749,MN,16815
27,NCNTY27129N27129,"Renville County, MN",529,532,637,845,868,MN,17154
27,NCNTY27131N27131,"Rice County, MN",581,618,812,983,1369,MN,56665
27,NCNTY27133N27133,"Rock County, MN",438,476,588,786,849,MN,9721
27,NCNTY27135N27135,"Roseau County, MN",402,478,618,773,891,MN,16338
27,NCNTY27143N27143,"Sibley County, MN",529,532,637,845,868,MN,15356
27,NCNTY27147N27147,"Steele County, MN",471,589,724,917,1271,MN,33680
27,NCNTY27149N27149,"Stevens County, MN",394,495,606,739,1024,MN,10053
27,NCNTY27151N27151,"Swift County, MN",381,461,588,749,795,MN,11956
27,NCNTY27153N27153,"Todd County, MN",501,500,619,779,968,MN,24426
27,NCNTY27155N27155,"Traverse County, MN",381,461,588,749,795,MN,4134
27,NCNTY27159N27159,"Wadena County, MN",501,500,619,779,968,MN,13713
27,NCNTY27161N27161,"Waseca County, MN",447,526,690,827,851,MN,19526
27,NCNTY27165N27165,"Watonwan County, MN",438,476,588,786,849,MN,11876
27,NCNTY27167N27167,"Wilkin County, MN",381,461,588,749,795,MN,7138
27,NCNTY27169N27169,"Winona County, MN",444,540,685,952,1203,MN,49985
27,NCNTY27173N27173,"Yellow Medicine County, MN",458,500,606,727,749,MN,11080
28,METRO25060M25060,"Gulfport-Biloxi, MS MSA",747,781,902,1191,1289,MS,246190
28,METRO25620M25620,"Hattiesburg, MS MSA",485,565,673,979,1010,MS,123812
28,METRO27140M27140,"Jackson, MS HUD Metro FMR Area",644,740,851,1061,1094,MS,469558
28,METRO27140N28127,"Simpson County, MS HUD Metro FMR Area",505,513,608,798,987,MS,27639
28,METRO32820M32820,"Memphis, TN-MS-AR HUD Metro FMR Area",702,761,847,1129,1186,MS,107199
28,METRO32820N28093,"Marshall County, MS HUD Metro FMR Area",398,482,613,894,921,MS,34993
28,METRO32820N28137,"Tate County, MS HUD Metro FMR Area",471,603,669,904,1174,MS,25370
28,METRO32820N28143,"Tunica County, MS HUD Metro FMR Area",543,637,838,1004,1063,MS,9227
28,METRO37700M37700,"Pascagoula, MS MSA",661,707,849,1228,1275,MS,150564
28,NCNTY28001N28001,"Adams County, MS",413,563,626,751,1101,MS,34340
28,NCNTY28003N28003,"Alcorn County, MS",447,486,539,756,949,MS,34558
28,NCNTY28005N28005,"Amite County, MS",436,499,556,668,724,MS,13599
28,NCNTY28007N28007,"Attala County, MS",430,457,539,741,877,MS,19661
28,NCNTY28009N28009,"Benton County, MS",507,608,673,808,828,MS,8026
28,NCNTY28011N28011,"Bolivar County, MS",460,521,608,750,1071,MS,40633
28,NCNTY28013N28013,"Calhoun County, MS",430,457,539,741,877,MS,15069
28,NCNTY28015N28015,"Carroll County, MS",391,418,553,726,816,MS,10769
28,NCNTY28017N28017,"Chickasaw County, MS",453,533,637,761,838,MS,19440
28,NCNTY28019N28019,"Choctaw County, MS",430,457,539,741,877,MS,9758
28,NCNTY28021N28021,"Claiborne County, MS",447,467,539,709,903,MS,11831
28,NCNTY28023N28023,"Clarke County, MS",505,535,614,825,850,MS,17955
28,NCNTY28025N28025,"Clay County, MS",447,448,539,784,810,MS,21979
28,NCNTY28027N28027,"Coahoma County, MS",462,499,657,784,1152,MS,30622
28,NCNTY28031N28031,"Covington County, MS",449,469,539,712,908,MS,19407
28,NCNTY28037N28037,"Franklin County, MS",436,499,556,668,724,MS,8448
28,NCNTY28041N28041,"Greene County, MS",406,454,558,727,748,MS,13299
28,NCNTY28043N28043,"Grenada County, MS",392,485,539,765,856,MS,23263
28,NCNTY28051N28051,"Holmes County, MS",500,586,653,781,807,MS,21609
28,NCNTY28053N28053,"Humphreys County, MS",391,418,553,726,816,MS,11206
28,NCNTY28055N28055,"Issaquena County, MS",500,586,653,781,807,MS,2274
28,NCNTY28057N28057,"Itawamba County, MS",364,462,561,711,806,MS,22770
28,NCNTY28061N28061,"Jasper County, MS",439,471,554,667,709,MS,18149
28,NCNTY28063N28063,"Jefferson County, MS",447,467,539,709,903,MS,9740
28,NCNTY28065N28065,"Jefferson Davis County, MS",447,467,539,709,903,MS,13962
28,NCNTY28067N28067,"Jones County, MS",387,464,576,752,776,MS,64958
28,NCNTY28069N28069,"Kemper County, MS",505,535,614,825,850,MS,10453
28,NCNTY28071N28071,"Lafayette County, MS",495,628,738,925,952,MS,38744
28,NCNTY28075N28075,"Lauderdale County, MS",532,546,648,900,928,MS,78161
28,NCNTY28077N28077,"Lawrence County, MS",447,467,539,709,903,MS,13258
28,NCNTY28079N28079,"Leake County, MS",439,471,554,667,709,MS,20940
28,NCNTY28081N28081,"Lee County, MS",502,557,632,870,998,MS,75755
28,NCNTY28083N28083,"Leflore County, MS",482,484,599,741,827,MS,37947
28,NCNTY28085N28085,"Lincoln County, MS",384,486,539,749,948,MS,33166
28,NCNTY28087N28087,"Lowndes County, MS",516,516,619,872,1041,MS,61586
28,NCNTY28091N28091,"Marion County, MS",395,485,539,681,948,MS,25595
28,NCNTY28095N28095,"Monroe County, MS",455,470,549,674,693,MS,38014
28,NCNTY28097N28097,"Montgomery County, MS",430,457,539,741,877,MS,12189
28,NCNTY28099N28099,"Neshoba County, MS",364,502,564,680,988,MS,28684
28,NCNTY28101N28101,"Newton County, MS",505,535,614,825,850,MS,21838
28,NCNTY28103N28103,"Noxubee County, MS",481,497,581,819,844,MS,12548
28,NCNTY28105N28105,"Oktibbeha County, MS",466,548,687,890,1069,MS,42902
28,NCNTY28107N28107,"Panola County, MS",349,485,539,651,717,MS,34274
28,NCNTY28109N28109,"Pearl River County, MS",588,590,708,871,1167,MS,48621
28,NCNTY28113N28113,"Pike County, MS",455,487,549,701,722,MS,38940
28,NCNTY28115N28115,"Pontotoc County, MS",461,462,555,724,744,MS,26726
28,NCNTY28117N28117,"Prentiss County, MS",350,426,539,644,664,MS,25556
28,NCNTY28119N28119,"Quitman County, MS",449,518,614,735,1078,MS,10117
28,NCNTY28123N28123,"Scott County, MS",452,467,544,650,671,MS,28423
28,NCNTY28125N28125,"Sharkey County, MS",500,586,653,781,807,MS,6580
28,NCNTY28129N28129,"Smith County, MS",439,471,554,667,709,MS,16182
28,NCNTY28133N28133,"Sunflower County, MS",369,465,539,766,791,MS,34369
28,NCNTY28135N28135,"Tallahatchie County, MS",391,418,553,726,816,MS,14903
28,NCNTY28139N28139,"Tippah County, MS",447,487,539,664,802,MS,20826
28,NCNTY28141N28141,"Tishomingo County, MS",350,454,539,676,735,MS,19163
28,NCNTY28145N28145,"Union County, MS",386,534,593,755,830,MS,25362
28,NCNTY28147N28147,"Walthall County, MS",436,499,556,668,724,MS,15156
28,NCNTY28149N28149,"Warren County, MS",577,632,713,851,878,MS,49644
28,NCNTY28151N28151,"Washington County, MS",457,553,626,824,976,MS,62977
28,NCNTY28153N28153,"Wayne County, MS",406,454,558,727,748,MS,21216
28,NCNTY28155N28155,"Webster County, MS",430,457,539,741,877,MS,10294
28,NCNTY28157N28157,"Wilkinson County, MS",436,499,556,668,724,MS,10312
28,NCNTY28159N28159,"Winston County, MS",453,533,637,761,838,MS,20160
28,NCNTY28161N28161,"Yalobusha County, MS",430,457,539,741,877,MS,13051
28,NCNTY28163N28163,"Yazoo County, MS",449,483,542,660,747,MS,28149
29,METRO16020M16020,"Cape Girardeau-Jackson, MO-IL MSA",411,467,609,808,1037,MO,80722
29,METRO17860M17860,"Columbia, MO MSA",460,537,667,969,1149,MO,145666
29,METRO22220N29119,"McDonald County, MO HUD Metro FMR Area",439,441,557,790,816,MO,21681
29,METRO27620N29027,"Calloway County, MO HUD Metro FMR Area",484,485,584,830,1019,MO,40766
29,METRO27620N29051,"Jefferson City, MO HUD Metro FMR Area",414,467,604,880,988,MO,84459
29,METRO27620N29135,"Moniteau County, MO HUD Metro FMR Area",382,445,587,704,868,MO,14827
29,METRO27900M27900,"Joplin, MO MSA",400,475,601,774,798,MO,157322
29,METRO28140M28140,"Kansas City, MO-KS HUD Metro FMR Area",605,726,834,1128,1187,MO,1079021
29,METRO28140N29013,"Bates County, MO HUD Metro FMR Area",378,488,581,845,873,MO,16653
29,METRO41140M41140,"St. Joseph, MO-KS MSA",400,489,617,779,901,MO,114087
29,METRO41180M41180,"St. Louis, MO-IL HUD Metro FMR Area",599,653,810,1056,1129,MO,2005086
29,METRO41180N29221,"Washington County, MO HUD Metro FMR Area",396,476,535,726,759,MO,23344
29,METRO44180M44180,"Springfield, MO HUD Metro FMR Area",437,500,648,942,1065,MO,325721
29,METRO44180N29059,"Dallas County, MO HUD Metro FMR Area",336,440,517,703,725,MO,15661
29,METRO44180N29167,"Polk County, MO HUD Metro FMR Area",380,445,585,810,1009,MO,26992
29,NCNTY29001N29001,"Adair County, MO",391,454,599,783,935,MO,24977
29,NCNTY29005N29005,"Atchison County, MO",460,461,553,679,922,MO,6430
29,NCNTY29007N29007,"Audrain County, MO",447,448,538,704,831,MO,25853
29,NCNTY29009N29009,"Barry County, MO",349,437,538,683,704,MO,34010
29,NCNTY29011N29011,"Barton County, MO",338,396,521,637,655,MO,12541
29,NCNTY29015N29015,"Benton County, MO",349,416,536,723,755,MO,17180
29,NCNTY29023N29023,"Butler County, MO",430,431,518,695,715,MO,40867
29,NCNTY29029N29029,"Camden County, MO",483,497,628,915,941,MO,37051
29,NCNTY29033N29033,"Carroll County, MO",468,477,603,790,894,MO,10285
29,NCNTY29035N29035,"Carter County, MO",430,431,517,698,735,MO,5941
29,NCNTY29039N29039,"Cedar County, MO",349,416,536,723,755,MO,13733
29,NCNTY29041N29041,"Chariton County, MO",468,477,603,790,894,MO,8438
29,NCNTY29045N29045,"Clark County, MO",392,408,538,678,771,MO,7416
29,NCNTY29053N29053,"Cooper County, MO",445,463,604,815,977,MO,16670
29,NCNTY29055N29055,"Crawford County, MO",356,431,547,691,959,MO,21480
29,NCNTY29057N29057,"Dade County, MO",458,462,588,743,823,MO,7923
29,NCNTY29061N29061,"Daviess County, MO",460,461,553,679,922,MO,8016
29,NCNTY29065N29065,"Dent County, MO",412,421,520,709,904,MO,14927
29,NCNTY29067N29067,"Douglas County, MO",362,416,517,663,794,MO,13084
29,NCNTY29069N29069,"Dunklin County, MO",405,435,517,703,724,MO,33155
29,NCNTY29073N29073,"Gasconade County, MO",411,421,539,710,907,MO,15342
29,NCNTY29075N29075,"Gentry County, MO",460,461,553,679,922,MO,6861
29,NCNTY29079N29079,"Grundy County, MO",460,461,553,679,922,MO,10432
29,NCNTY29081N29081,"Harrison County, MO",460,461,553,679,922,MO,8850
29,NCNTY29083N29083,"Henry County, MO",396,459,605,725,747,MO,21997
29,NCNTY29085N29085,"Hickory County, MO",349,416,536,723,755,MO,8940
29,NCNTY29087N29087,"Holt County, MO",460,461,553,679,922,MO,5351
29,NCNTY29091N29091,"Howell County, MO",362,422,518,645,886,MO,37238
29,NCNTY29093N29093,"Iron County, MO",402,446,587,772,943,MO,10697
29,NCNTY29101N29101,"Johnson County, MO",472,507,619,853,972,MO,48258
29,NCNTY29103N29103,"Knox County, MO",392,408,538,678,771,MO,4361
29,NCNTY29105N29105,"Laclede County, MO",420,421,528,692,882,MO,32513
29,NCNTY29109N29109,"Lawrence County, MO",447,451,538,747,823,MO,35204
29,NCNTY29111N29111,"Lewis County, MO",392,408,538,678,771,MO,10494
29,NCNTY29115N29115,"Linn County, MO",392,408,538,678,771,MO,13754
29,NCNTY29117N29117,"Livingston County, MO",400,412,547,698,957,MO,14558
29,NCNTY29121N29121,"Macon County, MO",382,418,519,621,638,MO,15762
29,NCNTY29123N29123,"Madison County, MO",402,446,587,772,943,MO,11800
29,NCNTY29125N29125,"Maries County, MO",412,421,520,709,904,MO,8903
29,NCNTY29127N29127,"Marion County, MO",360,420,554,712,732,MO,28289
29,NCNTY29129N29129,"Mercer County, MO",460,461,553,679,922,MO,3757
29,NCNTY29131N29131,"Miller County, MO",444,445,532,677,698,MO,23564
29,NCNTY29133N29133,"Mississippi County, MO",352,395,517,683,756,MO,13427
29,NCNTY29137N29137,"Monroe County, MO",363,424,560,710,736,MO,9311
29,NCNTY29139N29139,"Montgomery County, MO",363,424,560,710,736,MO,12136
29,NCNTY29141N29141,"Morgan County, MO",468,469,562,796,858,MO,19309
29,NCNTY29143N29143,"New Madrid County, MO",342,405,517,677,696,MO,19760
29,NCNTY29147N29147,"Nodaway County, MO",468,470,594,756,1046,MO,21912
29,NCNTY29149N29149,"Oregon County, MO",362,416,517,663,794,MO,10344
29,NCNTY29153N29153,"Ozark County, MO",362,416,517,663,794,MO,9542
29,NCNTY29155N29155,"Pemiscot County, MO",445,448,535,650,670,MO,20047
29,NCNTY29157N29157,"Perry County, MO",393,434,570,681,1000,MO,18132
29,NCNTY29159N29159,"Pettis County, MO",461,484,606,787,904,MO,39403
29,NCNTY29161N29161,"Phelps County, MO",424,447,550,766,924,MO,39825
29,NCNTY29163N29163,"Pike County, MO",352,411,541,718,757,MO,18351
29,NCNTY29169N29169,"Pulaski County, MO",462,501,555,810,864,MO,41165
29,NCNTY29171N29171,"Putnam County, MO",392,408,538,678,771,MO,5223
29,NCNTY29173N29173,"Ralls County, MO",363,424,560,710,736,MO,9626
29,NCNTY29175N29175,"Randolph County, MO",379,446,584,714,734,MO,24663
29,NCNTY29179N29179,"Reynolds County, MO",430,431,517,698,735,MO,6689
29,NCNTY29181N29181,"Ripley County, MO",430,431,517,698,735,MO,13509
29,NCNTY29185N29185,"St. Clair County, MO",349,416,536,723,755,MO,9652
29,NCNTY29186N29186,"Ste. Genevieve County, MO",402,446,587,772,943,MO,17842
29,NCNTY29187N29187,"St. Francois County, MO",466,468,569,787,848,MO,55641
29,NCNTY29195N29195,"Saline County, MO",373,435,573,727,826,MO,23756
29,NCNTY29197N29197,"Schuyler County, MO",392,408,538,678,771,MO,4170
29,NCNTY29199N29199,"Scotland County, MO",392,408,538,678,771,MO,4983
29,NCNTY29201N29201,"Scott County, MO",433,442,568,727,872,MO,40422
29,NCNTY29203N29203,"Shannon County, MO",362,416,517,663,794,MO,8324
29,NCNTY29205N29205,"Shelby County, MO",392,408,538,678,771,MO,6799
29,NCNTY29207N29207,"Stoddard County, MO",381,432,517,689,726,MO,29705
29,NCNTY29209N29209,"Stone County, MO",402,468,618,811,866,MO,28658
29,NCNTY29211N29211,"Sullivan County, MO",392,408,538,678,771,MO,7219
29,NCNTY29213N29213,"Taney County, MO",501,513,666,868,985,MO,39703
29,NCNTY29215N29215,"Texas County, MO",396,423,517,727,855,MO,23003
29,NCNTY29217N29217,"Vernon County, MO",368,441,552,803,829,MO,20454
29,NCNTY29223N29223,"Wayne County, MO",430,431,517,698,735,MO,13259
29,NCNTY29227N29227,"Worth County, MO",460,461,553,679,922,MO,2382
29,NCNTY29229N29229,"Wright County, MO",358,391,517,636,656,MO,17955
30,METRO13740M13740,"Billings, MT MSA",466,525,668,935,1106,MT,138904
30,METRO24500M24500,"Great Falls, MT MSA",405,481,624,843,983,MT,80357
30,METRO33540M33540,"Missoula, MT MSA",514,601,748,1000,1183,MT,95802
30,NCNTY30001N30001,"Beaverhead County, MT",486,569,747,995,1295,MT,9202
30,NCNTY30003N30003,"Big Horn County, MT",426,478,588,733,790,MT,12671
30,NCNTY30005N30005,"Blaine County, MT",403,472,599,810,954,MT,7009
30,NCNTY30007N30007,"Broadwater County, MT",460,501,633,872,939,MT,4385
30,NCNTY30011N30011,"Carter County, MT",459,513,588,789,849,MT,1360
30,NCNTY30015N30015,"Chouteau County, MT",403,472,599,810,954,MT,5970
30,NCNTY30017N30017,"Custer County, MT",382,532,588,856,1036,MT,11696
30,NCNTY30019N30019,"Daniels County, MT",459,513,588,789,849,MT,2017
30,NCNTY30021N30021,"Dawson County, MT",459,513,588,789,849,MT,9059
30,NCNTY30023N30023,"Deer Lodge County, MT",460,501,633,872,939,MT,9417
30,NCNTY30025N30025,"Fallon County, MT",459,513,588,789,849,MT,2837
30,NCNTY30027N30027,"Fergus County, MT",413,463,588,710,766,MT,11893
30,NCNTY30029N30029,"Flathead County, MT",445,536,686,973,1179,MT,74471
30,NCNTY30031N30031,"Gallatin County, MT",494,606,765,1041,1341,MT,67831
30,NCNTY30033N30033,"Garfield County, MT",459,513,588,789,849,MT,1279
30,NCNTY30035N30035,"Glacier County, MT",403,472,599,810,954,MT,13247
30,NCNTY30037N30037,"Golden Valley County, MT",459,513,588,789,849,MT,1042
30,NCNTY30039N30039,"Granite County, MT",460,501,633,872,939,MT,2830
30,NCNTY30041N30041,"Hill County, MT",382,480,588,859,884,MT,16673
30,NCNTY30043N30043,"Jefferson County, MT",460,501,633,872,939,MT,10049
30,NCNTY30045N30045,"Judith Basin County, MT",403,472,599,810,954,MT,2329
30,NCNTY30047N30047,"Lake County, MT",510,512,646,843,930,MT,26507
30,NCNTY30049N30049,"Lewis and Clark County, MT",484,530,654,944,974,MT,55716
30,NCNTY30051N30051,"Liberty County, MT",403,472,599,810,954,MT,2158
30,NCNTY30053N30053,"Lincoln County, MT",436,512,658,903,1003,MT,18837
30,NCNTY30055N30055,"McCone County, MT",459,513,588,789,849,MT,1977
30,NCNTY30057N30057,"Madison County, MT",486,569,747,995,1295,MT,6851
30,NCNTY30059N30059,"Meagher County, MT",486,569,747,995,1295,MT,1932
30,NCNTY30061N30061,"Mineral County, MT",514,593,740,972,1144,MT,3884
30,NCNTY30065N30065,"Musselshell County, MT",459,513,588,789,849,MT,4497
30,NCNTY30067N30067,"Park County, MT",473,553,727,869,1080,MT,15694
30,NCNTY30069N30069,"Petroleum County, MT",459,513,588,789,849,MT,493
30,NCNTY30071N30071,"Phillips County, MT",459,513,588,789,849,MT,4601
30,NCNTY30073N30073,"Pondera County, MT",403,472,599,810,954,MT,6424
30,NCNTY30075N30075,"Powder River County, MT",459,513,588,789,849,MT,1858
30,NCNTY30077N30077,"Powell County, MT",460,501,633,872,939,MT,7180
30,NCNTY30079N30079,"Prairie County, MT",459,513,588,789,849,MT,1199
30,NCNTY30081N30081,"Ravalli County, MT",475,540,686,892,1078,MT,36070
30,NCNTY30083N30083,"Richland County, MT",459,513,588,789,849,MT,9667
30,NCNTY30085N30085,"Roosevelt County, MT",459,513,588,789,849,MT,10620
30,NCNTY30087N30087,"Rosebud County, MT",420,471,588,723,779,MT,9383
30,NCNTY30089N30089,"Sanders County, MT",436,512,658,903,1003,MT,10227
30,NCNTY30091N30091,"Sheridan County, MT",459,513,588,789,849,MT,4105
30,NCNTY30093N30093,"Silver Bow County, MT",414,465,590,794,819,MT,34606
30,NCNTY30095N30095,"Stillwater County, MT",459,513,588,789,849,MT,8195
30,NCNTY30097N30097,"Sweet Grass County, MT",459,513,588,789,849,MT,3609
30,NCNTY30099N30099,"Teton County, MT",403,472,599,810,954,MT,6445
30,NCNTY30101N30101,"Toole County, MT",403,472,599,810,954,MT,5267
30,NCNTY30103N30103,"Treasure County, MT",459,513,588,789,849,MT,861
30,NCNTY30105N30105,"Valley County, MT",459,513,588,789,849,MT,7675
30,NCNTY30107N30107,"Wheatland County, MT",459,513,588,789,849,MT,2259
30,NCNTY30109N30109,"Wibaux County, MT",459,513,588,789,849,MT,1068
31,METRO30700M30700,"Lincoln, NE HUD Metro FMR Area",487,550,701,981,1214,NE,250291
31,METRO30700N31159,"Seward County, NE HUD Metro FMR Area",372,448,574,752,930,NE,16496
31,METRO36540M36540,"Omaha-Council Bluffs, NE-IA HUD Metro FMR Area",581,654,810,1106,1142,NE,629294
31,METRO36540N31155,"Saunders County, NE HUD Metro FMR Area",619,622,791,1029,1060,NE,19830
31,METRO43580M43580,"Sioux City, IA-NE-SD MSA",458,536,703,885,943,NE,26592
31,NCNTY31001N31001,"Adams County, NE",408,476,627,767,958,NE,31151
31,NCNTY31003N31003,"Antelope County, NE",481,483,580,741,775,NE,7452
31,NCNTY31005N31005,"Arthur County, NE",406,491,564,725,758,NE,444
31,NCNTY31007N31007,"Banner County, NE",407,424,551,707,832,NE,819
31,NCNTY31009N31009,"Blaine County, NE",495,497,599,748,842,NE,583
31,NCNTY31011N31011,"Boone County, NE",481,483,580,741,775,NE,6259
31,NCNTY31013N31013,"Box Butte County, NE",407,424,551,707,832,NE,12158
31,NCNTY31015N31015,"Boyd County, NE",407,424,551,707,832,NE,2438
31,NCNTY31017N31017,"Brown County, NE",407,424,551,707,832,NE,3525
31,NCNTY31019N31019,"Buffalo County, NE",434,507,668,929,1099,NE,42259
31,NCNTY31021N31021,"Burt County, NE",481,483,580,741,775,NE,7791
31,NCNTY31023N31023,"Butler County, NE",468,469,564,709,745,NE,8767
31,NCNTY31027N31027,"Cedar County, NE",481,483,580,741,775,NE,9615
31,NCNTY31029N31029,"Chase County, NE",406,491,564,725,758,NE,4068
31,NCNTY31031N31031,"Cherry County, NE",407,424,551,707,832,NE,6148
31,NCNTY31033N31033,"Cheyenne County, NE",396,420,555,689,811,NE,9830
31,NCNTY31035N31035,"Clay County, NE",411,483,635,812,984,NE,7039
31,NCNTY31037N31037,"Colfax County, NE",481,483,580,741,775,NE,10441
31,NCNTY31039N31039,"Cuming County, NE",481,483,580,741,775,NE,10203
31,NCNTY31041N31041,"Custer County, NE",495,497,599,748,842,NE,11793
31,NCNTY31045N31045,"Dawes County, NE",358,420,551,661,809,NE,9060
31,NCNTY31047N31047,"Dawson County, NE",497,538,599,736,759,NE,24365
31,NCNTY31049N31049,"Deuel County, NE",407,424,551,707,832,NE,2098
31,NCNTY31053N31053,"Dodge County, NE",467,547,720,859,1001,NE,36160
31,NCNTY31057N31057,"Dundy County, NE",406,491,564,725,758,NE,2292
31,NCNTY31059N31059,"Fillmore County, NE",468,469,564,709,745,NE,6634
31,NCNTY31061N31061,"Franklin County, NE",411,483,635,812,984,NE,3574
31,NCNTY31063N31063,"Frontier County, NE",406,491,564,725,758,NE,3099
31,NCNTY31065N31065,"Furnas County, NE",406,491,564,725,758,NE,5324
31,NCNTY31067N31067,"Gage County, NE",486,487,584,714,735,NE,22993
31,NCNTY31069N31069,"Garden County, NE",407,424,551,707,832,NE,2292
31,NCNTY31071N31071,"Garfield County, NE",495,497,599,748,842,NE,1902
31,NCNTY31073N31073,"Gosper County, NE",406,491,564,725,758,NE,2143
31,NCNTY31075N31075,"Grant County, NE",406,491,564,725,758,NE,747
31,NCNTY31077N31077,"Greeley County, NE",495,497,599,748,842,NE,2714
31,NCNTY31079N31079,"Hall County, NE",495,499,629,788,989,NE,53534
31,NCNTY31081N31081,"Hamilton County, NE",495,497,599,748,842,NE,9403
31,NCNTY31083N31083,"Harlan County, NE",411,483,635,812,984,NE,3786
31,NCNTY31085N31085,"Hayes County, NE",406,491,564,725,758,NE,1068
31,NCNTY31087N31087,"Hitchcock County, NE",406,491,564,725,758,NE,3111
31,NCNTY31089N31089,"Holt County, NE",407,424,551,707,832,NE,11551
31,NCNTY31091N31091,"Hooker County, NE",406,491,564,725,758,NE,783
31,NCNTY31093N31093,"Howard County, NE",495,497,599,748,842,NE,6567
31,NCNTY31095N31095,"Jefferson County, NE",468,469,564,709,745,NE,8333
31,NCNTY31097N31097,"Johnson County, NE",468,469,564,709,745,NE,4488
31,NCNTY31099N31099,"Kearney County, NE",411,483,635,812,984,NE,6882
31,NCNTY31101N31101,"Keith County, NE",406,491,564,725,758,NE,8875
31,NCNTY31103N31103,"Keya Paha County, NE",407,424,551,707,832,NE,983
31,NCNTY31105N31105,"Kimball County, NE",407,424,551,707,832,NE,4089
31,NCNTY31107N31107,"Knox County, NE",481,483,580,741,775,NE,9374
31,NCNTY31111N31111,"Lincoln County, NE",414,475,611,742,898,NE,34632
31,NCNTY31113N31113,"Logan County, NE",406,491,564,725,758,NE,774
31,NCNTY31115N31115,"Loup County, NE",495,497,599,748,842,NE,712
31,NCNTY31117N31117,"McPherson County, NE",406,491,564,725,758,NE,533
31,NCNTY31119N31119,"Madison County, NE",418,459,603,818,844,NE,35226
31,NCNTY31121N31121,"Merrick County, NE",495,497,599,748,842,NE,8204
31,NCNTY31123N31123,"Morrill County, NE",407,424,551,707,832,NE,5440
31,NCNTY31125N31125,"Nance County, NE",481,483,580,741,775,NE,4038
31,NCNTY31127N31127,"Nemaha County, NE",468,469,564,709,745,NE,7576
31,NCNTY31129N31129,"Nuckolls County, NE",411,483,635,812,984,NE,5057
31,NCNTY31131N31131,"Otoe County, NE",484,487,582,707,743,NE,15396
31,NCNTY31133N31133,"Pawnee County, NE",468,469,564,709,745,NE,3087
31,NCNTY31135N31135,"Perkins County, NE",406,491,564,725,758,NE,3200
31,NCNTY31137N31137,"Phelps County, NE",411,483,635,812,984,NE,9747
31,NCNTY31139N31139,"Pierce County, NE",481,483,580,741,775,NE,7857
31,NCNTY31141N31141,"Platte County, NE",479,481,577,836,866,NE,31662
31,NCNTY31143N31143,"Polk County, NE",468,469,564,709,745,NE,5639
31,NCNTY31145N31145,"Red Willow County, NE",369,497,551,802,879,NE,11448
31,NCNTY31147N31147,"Richardson County, NE",468,469,564,709,745,NE,9531
31,NCNTY31149N31149,"Rock County, NE",407,424,551,707,832,NE,1756
31,NCNTY31151N31151,"Saline County, NE",551,554,665,795,821,NE,13843
31,NCNTY31157N31157,"Scotts Bluff County, NE",484,485,582,739,961,NE,36951
31,NCNTY31161N31161,"Sheridan County, NE",407,424,551,707,832,NE,6198
31,NCNTY31163N31163,"Sherman County, NE",495,497,599,748,842,NE,3318
31,NCNTY31165N31165,"Sioux County, NE",407,424,551,707,832,NE,1475
31,NCNTY31167N31167,"Stanton County, NE",481,483,580,741,775,NE,6455
31,NCNTY31169N31169,"Thayer County, NE",468,469,564,709,745,NE,6055
31,NCNTY31171N31171,"Thomas County, NE",406,491,564,725,758,NE,729
31,NCNTY31173N31173,"Thurston County, NE",481,483,580,741,775,NE,7171
31,NCNTY31175N31175,"Valley County, NE",495,497,599,748,842,NE,4647
31,NCNTY31179N31179,"Wayne County, NE",481,483,580,741,775,NE,9851
31,NCNTY31181N31181,"Webster County, NE",411,483,635,812,984,NE,4061
31,NCNTY31183N31183,"Wheeler County, NE",495,497,599,748,842,NE,886
31,NCNTY31185N31185,"York County, NE",416,560,641,765,1030,NE,14598
32,METRO16180M16180,"Carson City, NV MSA",642,777,967,1410,1646,NV,52457
32,METRO29820M29820,"Las Vegas-Paradise, NV MSA",797,934,1104,1532,1862,NV,1375765
32,METRO39900M39900,"Reno-Sparks, NV MSA",733,875,1079,1574,1896,NV,342885
32,NCNTY32001N32001,"Churchill County, NV",695,697,882,1211,1404,NV,23982
32,NCNTY32005N32005,"Douglas County, NV",779,932,1088,1541,1654,NV,41259
32,NCNTY32007N32007,"Elko County, NV",626,700,887,1136,1416,NV,45291
32,NCNTY32009N32009,"Esmeralda County, NV",620,663,845,1103,1251,NV,971
32,NCNTY32011N32011,"Eureka County, NV",620,663,845,1103,1251,NV,1651
32,NCNTY32013N32013,"Humboldt County, NV",559,679,860,1029,1060,NV,16106
32,NCNTY32015N32015,"Lander County, NV",620,663,845,1103,1251,NV,5794
32,NCNTY32017N32017,"Lincoln County, NV",620,663,845,1103,1251,NV,4165
32,NCNTY32019N32019,"Lyon County, NV",569,701,861,1253,1351,NV,34501
32,NCNTY32021N32021,"Mineral County, NV",620,663,845,1103,1251,NV,5071
32,NCNTY32023N32023,"Nye County, NV",501,692,770,1122,1156,NV,32485
32,NCNTY32027N32027,"Pershing County, NV",620,663,845,1103,1251,NV,6693
32,NCNTY32033N32033,"White Pine County, NV",620,663,845,1103,1251,NV,9181
33,METRO14460MM1120,"Boston-Cambridge-Quincy, MA-NH HUD Metro FMR Area",1200,1275,1491,1835,2143,NH,8778
33,METRO14460MM4160,"Lawrence, MA-NH HUD Metro FMR Area",809,1017,1246,1488,1534,NH,131357
33,METRO14460MM4760,"Western Rockingham County, NH HUD Metro FMR Area",916,917,1105,1568,1616,NH,42848
33,METRO14460MM6450,"Portsmouth-Rochester, NH HUD Metro FMR Area",757,872,1077,1440,1616,NH,206609
33,METRO31700MM4760,"Manchester, NH HUD Metro FMR Area",755,927,1118,1336,1376,NH,149985
33,METRO31700MM5350,"Nashua, NH HUD Metro FMR Area",826,997,1248,1670,1803,NH,201863
33,METRO31700N33011,"Hillsborough County, NH (part) HUD Metro FMR Area",755,776,1019,1484,1789,NH,28993
33,NCNTY33001N33001,"Belknap County, NH",644,765,944,1307,1560,NH,56325
33,NCNTY33003N33003,"Carroll County, NH",676,729,960,1291,1683,NH,43666
33,NCNTY33005N33005,"Cheshire County, NH",740,816,1022,1243,1549,NH,73825
33,NCNTY33007N33007,"Coos County, NH",441,575,678,957,1095,NH,33111
33,NCNTY33009N33009,"Grafton County, NH",719,767,956,1328,1487,NH,81743
33,NCNTY33013N33013,"Merrimack County, NH",676,800,1043,1295,1682,NH,136225
33,NCNTY33019N33019,"Sullivan County, NH",567,714,874,1168,1248,NH,40458
34,METRO10900MM5640,"Warren County, NJ HUD Metro FMR Area",880,923,1115,1378,1419,NJ,102437
34,METRO12100M12100,"Atlantic City-Hammonton, NJ MSA",879,970,1158,1503,1685,NJ,252552
34,METRO35620MM0875,"Bergen-Passaic, NJ HUD Metro FMR Area",1188,1299,1485,1873,2268,NJ,1373167
34,METRO35620MM3640,"Jersey City, NJ HUD Metro FMR Area",1133,1176,1363,1638,1760,NJ,608975
34,METRO35620MM5015,"Middlesex-Somerset-Hunterdon, NJ HUD Metro FMR Area",1198,1247,1494,1950,2272,NJ,1169641
34,METRO35620MM5190,"Monmouth-Ocean, NJ HUD Metro FMR Area",943,1085,1345,1763,1952,NJ,1126217
34,METRO35620MM5640,"Newark, NJ HUD Metro FMR Area",926,1131,1291,1569,1804,NJ,1930552
34,METRO36140M36140,"Ocean City, NJ MSA",760,812,1007,1310,1353,NJ,102326
34,METRO37980M37980,"Philadelphia-Camden-Wilmington, PA-NJ-DE-MD MSA",803,915,1095,1339,1615,NJ,1251284
34,METRO45940M45940,"Trenton-Ewing, NJ MSA",922,1070,1288,1570,1705,NJ,350761
34,METRO47220M47220,"Vineland-Millville-Bridgeton, NJ MSA",864,867,1052,1275,1380,NJ,146438
35,METRO10740M10740,"Albuquerque, NM MSA",526,619,782,1139,1365,NM,729649
35,METRO22140M22140,"Farmington, NM MSA",548,552,659,888,969,NM,113801
35,METRO29740M29740,"Las Cruces, NM MSA",508,550,610,875,925,NM,174682
35,METRO42140M42140,"Santa Fe, NM MSA",718,846,1019,1419,1544,NM,129292
35,NCNTY35003N35003,"Catron County, NM",410,455,545,791,822,NM,3543
35,NCNTY35005N35005,"Chaves County, NM",460,461,575,747,771,NM,61382
35,NCNTY35006N35006,"Cibola County, NM",437,470,523,760,917,NM,25595
35,NCNTY35007N35007,"Colfax County, NM",517,546,621,750,772,NM,14189
35,NCNTY35009N35009,"Curry County, NM",466,481,559,758,986,NM,45044
35,NCNTY35011N35011,"De Baca County, NM",463,478,556,751,937,NM,2240
35,NCNTY35015N35015,"Eddy County, NM",351,469,541,709,948,NM,51658
35,NCNTY35017N35017,"Grant County, NM",470,497,593,817,841,NM,31002
35,NCNTY35019N35019,"Guadalupe County, NM",570,602,687,829,855,NM,4680
35,NCNTY35021N35021,"Harding County, NM",463,478,556,751,937,NM,810
35,NCNTY35023N35023,"Hidalgo County, NM",410,455,545,791,822,NM,5932
35,NCNTY35025N35025,"Lea County, NM",440,477,532,701,723,NM,55511
35,NCNTY35027N35027,"Lincoln County, NM",431,547,662,854,1163,NM,19411
35,NCNTY35028N35028,"Los Alamos County, NM",681,794,1043,1502,1547,NM,18343
35,NCNTY35029N35029,"Luna County, NM",433,470,523,754,774,NM,25016
35,NCNTY35031N35031,"McKinley County, NM",435,511,673,805,1003,NM,74798
35,NCNTY35033N35033,"Mora County, NM",570,602,687,829,855,NM,5180
35,NCNTY35035N35035,"Otero County, NM",458,510,563,822,989,NM,62298
35,NCNTY35037N35037,"Quay County, NM",463,478,556,751,937,NM,10155
35,NCNTY35039N35039,"Rio Arriba County, NM",508,509,610,798,824,NM,41190
35,NCNTY35041N35041,"Roosevelt County, NM",435,442,523,710,840,NM,18018
35,NCNTY35047N35047,"San Miguel County, NM",450,521,622,801,911,NM,30126
35,NCNTY35051N35051,"Sierra County, NM",370,451,569,806,954,NM,13270
35,NCNTY35053N35053,"Socorro County, NM",454,455,544,790,881,NM,18078
35,NCNTY35055N35055,"Taos County, NM",710,746,861,1031,1062,NM,29979
35,NCNTY35059N35059,"Union County, NM",463,478,556,751,937,NM,4174
36,METRO10580M10580,"Albany-Schenectady-Troy, NY MSA",727,770,926,1119,1224,NY,825875
36,METRO13780M13780,"Binghamton, NY MSA",636,639,766,999,1206,NY,252320
36,METRO15380M15380,"Buffalo-Niagara Falls, NY MSA",636,640,766,953,1062,NY,1170111
36,METRO21300M21300,"Elmira, NY MSA",696,696,836,1068,1186,NY,91070
36,METRO24020M24020,"Glens Falls, NY MSA",630,699,885,1107,1275,NY,124345
36,METRO27060M27060,"Ithaca, NY MSA",856,864,1032,1232,1448,NY,96501
36,METRO28740M28740,"Kingston, NY MSA",792,889,1063,1347,1627,NY,177749
36,METRO35620MM5380,"Nassau-Suffolk, NY HUD Metro FMR Area",1238,1425,1678,2265,2488,NY,2753913
36,METRO35620MM5600,"New York, NY HUD Metro FMR Area",1223,1322,1474,1847,1881,NY,8390776
36,METRO39100M39100,"Poughkeepsie-Newburgh-Middletown, NY MSA",845,981,1172,1479,1596,NY,621517
36,METRO40380M40380,"Rochester, NY MSA",624,695,847,1038,1091,NY,1037831
36,METRO45060M45060,"Syracuse, NY MSA",661,662,796,1026,1126,NY,650154
36,METRO46540M46540,"Utica-Rome, NY MSA",653,654,789,984,1108,NY,299896
36,METRO48325M48325,"Westchester County, NY Statutory Exception Area",1226,1449,1703,2139,2721,NY,923459
36,NCNTY36003N36003,"Allegany County, NY",617,620,741,894,1117,NY,49927
36,NCNTY36009N36009,"Cattaraugus County, NY",609,610,734,950,1086,NY,83955
36,NCNTY36011N36011,"Cayuga County, NY",656,675,788,1059,1235,NY,81963
36,NCNTY36013N36013,"Chautauqua County, NY",618,620,744,953,1040,NY,139750
36,NCNTY36017N36017,"Chenango County, NY",622,625,749,926,1315,NY,51401
36,NCNTY36019N36019,"Clinton County, NY",700,702,845,1064,1485,NY,79894
36,NCNTY36021N36021,"Columbia County, NY",756,772,909,1106,1204,NY,63094
36,NCNTY36023N36023,"Cortland County, NY",633,635,794,1050,1355,NY,48599
36,NCNTY36025N36025,"Delaware County, NY",632,634,762,930,1203,NY,48055
36,NCNTY36031N36031,"Essex County, NY",656,657,788,1047,1107,NY,38851
36,NCNTY36033N36033,"Franklin County, NY",595,596,712,918,1059,NY,51134
36,NCNTY36035N36035,"Fulton County, NY",507,629,781,936,999,NY,55073
36,NCNTY36037N36037,"Genesee County, NY",710,712,857,1092,1271,NY,60370
36,NCNTY36039N36039,"Greene County, NY",633,732,861,1170,1232,NY,48195
36,NCNTY36041N36041,"Hamilton County, NY",663,665,797,1019,1232,NY,5379
36,NCNTY36045N36045,"Jefferson County, NY",677,679,817,1071,1129,NY,111738
36,NCNTY36049N36049,"Lewis County, NY",602,604,723,905,1000,NY,26944
36,NCNTY36057N36057,"Montgomery County, NY",607,645,730,927,999,NY,49708
36,NCNTY36077N36077,"Otsego County, NY",655,667,788,1072,1125,NY,61676
36,NCNTY36089N36089,"St. Lawrence County, NY",611,612,736,934,1094,NY,111931
36,NCNTY36097N36097,"Schuyler County, NY",671,674,809,1060,1182,NY,19224
36,NCNTY36099N36099,"Seneca County, NY",706,707,849,1105,1412,NY,33342
36,NCNTY36101N36101,"Steuben County, NY",643,645,775,1010,1104,NY,98726
36,NCNTY36105N36105,"Sullivan County, NY",644,750,959,1243,1407,NY,73966
36,NCNTY36121N36121,"Wyoming County, NY",623,643,750,1093,1163,NY,43424
36,NCNTY36123N36123,"Yates County, NY",647,664,778,993,1022,NY,24621
37,METRO11700M11700,"Asheville, NC HUD Metro FMR Area",550,650,745,1024,1308,NC,315138
37,METRO11700N37087,"Haywood County, NC HUD Metro FMR Area",546,547,689,923,1208,NC,54033
37,METRO15500M15500,"Burlington, NC MSA",679,718,821,1095,1129,NC,130800
37,METRO16740M16740,"Charlotte-Gastonia-Concord, NC-SC HUD Metro FMR Area",715,777,861,1103,1380,NC,1140559
37,METRO16740N37007,"Anson County, NC HUD Metro FMR Area",490,531,588,821,845,NC,25275
37,METRO20500M20500,"Durham-Chapel Hill, NC HUD Metro FMR Area",596,795,901,1215,1388,NC,390870
37,METRO20500N37145,"Person County, NC HUD Metro FMR Area",553,554,668,866,1036,NC,35623
37,METRO22180M22180,"Fayetteville, NC HUD Metro FMR Area",617,670,744,1063,1253,NC,302963
37,METRO22180N37093,"Hoke County, NC HUD Metro FMR Area",563,618,684,982,1089,NC,33646
37,METRO24140M24140,"Goldsboro, NC MSA",466,590,671,861,1066,NC,113329
37,METRO24660M24660,"Greensboro-High Point, NC HUD Metro FMR Area",615,676,752,983,1036,NC,551502
37,METRO24660N37157,"Rockingham County, NC HUD Metro FMR Area",492,545,644,819,844,NC,91928
37,METRO24780M24780,"Greenville, NC HUD Metro FMR Area",563,567,711,1003,1035,NC,133798
37,METRO24780N37079,"Greene County, NC HUD Metro FMR Area",489,490,588,844,871,NC,18974
37,METRO25860M25860,"Hickory-Lenoir-Morganton, NC MSA",566,594,684,872,980,NC,341851
37,METRO27340M27340,"Jacksonville, NC MSA",571,599,689,972,1201,NC,150355
37,METRO39580M39580,"Raleigh-Cary, NC MSA",735,811,902,1170,1317,NC,797071
37,METRO40580M40580,"Rocky Mount, NC MSA",459,533,644,855,881,NC,143026
37,METRO47260M47260,"Virginia Beach-Norfolk-Newport News, VA-NC MSA",831,873,1002,1382,1730,NC,18190
37,METRO48900M48900,"Wilmington, NC HUD Metro FMR Area",647,720,870,1221,1256,NC,233450
37,METRO48900N37141,"Pender County, NC HUD Metro FMR Area",574,577,693,917,941,NC,41082
37,METRO49180M49180,"Winston-Salem, NC MSA",537,620,710,973,1178,NC,421961
37,NCNTY37005N37005,"Alleghany County, NC",430,513,588,776,799,NC,10677
37,NCNTY37009N37009,"Ashe County, NC",487,489,588,775,967,NC,24384
37,NCNTY37011N37011,"Avery County, NC",484,602,724,866,1068,NC,17167
37,NCNTY37013N37013,"Beaufort County, NC",409,499,629,754,791,NC,44958
37,NCNTY37015N37015,"Bertie County, NC",407,501,597,722,801,NC,19773
37,NCNTY37017N37017,"Bladen County, NC",489,489,588,850,873,NC,32278
37,NCNTY37029N37029,"Camden County, NC",476,603,734,979,1049,NC,6885
37,NCNTY37031N37031,"Carteret County, NC",567,568,684,995,1198,NC,59383
37,NCNTY37033N37033,"Caswell County, NC",534,535,644,824,849,NC,23501
37,NCNTY37039N37039,"Cherokee County, NC",382,491,588,855,1030,NC,24298
37,NCNTY37041N37041,"Chowan County, NC",476,603,734,979,1049,NC,14526
37,NCNTY37043N37043,"Clay County, NC",517,519,624,824,1008,NC,8775
37,NCNTY37045N37045,"Cleveland County, NC",608,610,734,968,1049,NC,96287
37,NCNTY37047N37047,"Columbus County, NC",422,530,588,729,751,NC,54749
37,NCNTY37049N37049,"Craven County, NC",509,619,694,991,1220,NC,91436
37,NCNTY37055N37055,"Dare County, NC",679,713,881,1178,1321,NC,29967
37,NCNTY37057N37057,"Davidson County, NC",520,522,627,835,921,NC,147246
37,NCNTY37061N37061,"Duplin County, NC",487,527,588,718,740,NC,49063
37,NCNTY37073N37073,"Gates County, NC",476,603,734,979,1049,NC,10516
37,NCNTY37075N37075,"Graham County, NC",517,519,624,824,1008,NC,7993
37,NCNTY37077N37077,"Granville County, NC",583,583,701,860,1044,NC,48498
37,NCNTY37083N37083,"Halifax County, NC",390,538,600,836,859,NC,57370
37,NCNTY37085N37085,"Harnett County, NC",547,596,660,906,1158,NC,91025
37,NCNTY37091N37091,"Hertford County, NC",428,570,660,805,827,NC,22601
37,NCNTY37095N37095,"Hyde County, NC",476,603,734,979,1049,NC,5826
37,NCNTY37097N37097,"Iredell County, NC",646,658,779,1009,1302,NC,122660
37,NCNTY37099N37099,"Jackson County, NC",548,561,666,853,880,NC,33121
37,NCNTY37103N37103,"Jones County, NC",566,603,681,992,1198,NC,10381
37,NCNTY37105N37105,"Lee County, NC",524,633,704,907,1235,NC,49040
37,NCNTY37107N37107,"Lenoir County, NC",457,485,628,770,1103,NC,59648
37,NCNTY37109N37109,"Lincoln County, NC",441,610,678,841,866,NC,63780
37,NCNTY37111N37111,"McDowell County, NC",434,558,669,842,866,NC,42151
37,NCNTY37113N37113,"Macon County, NC",460,535,679,821,1191,NC,29811
37,NCNTY37117N37117,"Martin County, NC",487,517,588,741,937,NC,25593
37,NCNTY37121N37121,"Mitchell County, NC",484,602,724,866,1068,NC,15687
37,NCNTY37123N37123,"Montgomery County, NC",487,527,588,741,1032,NC,26822
37,NCNTY37125N37125,"Moore County, NC",559,618,754,1095,1294,NC,74769
37,NCNTY37131N37131,"Northampton County, NC",495,527,609,795,820,NC,22086
37,NCNTY37137N37137,"Pamlico County, NC",408,503,622,771,801,NC,12934
37,NCNTY37139N37139,"Pasquotank County, NC",472,587,728,1048,1157,NC,34897
37,NCNTY37143N37143,"Perquimans County, NC",476,603,734,979,1049,NC,11368
37,NCNTY37149N37149,"Polk County, NC",608,609,750,930,960,NC,18324
37,NCNTY37153N37153,"Richmond County, NC",408,529,588,785,809,NC,46564
37,NCNTY37155N37155,"Robeson County, NC",468,557,617,741,821,NC,123339
37,NCNTY37159N37159,"Rowan County, NC",593,643,714,1012,1055,NC,130340
37,NCNTY37161N37161,"Rutherford County, NC",534,545,684,832,857,NC,62899
37,NCNTY37163N37163,"Sampson County, NC",489,525,588,818,1034,NC,60161
37,NCNTY37165N37165,"Scotland County, NC",494,535,666,849,1024,NC,35998
37,NCNTY37167N37167,"Stanly County, NC",567,569,684,871,1021,NC,58100
37,NCNTY37171N37171,"Surry County, NC",422,528,588,785,807,NC,71219
37,NCNTY37173N37173,"Swain County, NC",517,519,624,824,1008,NC,12968
37,NCNTY37175N37175,"Transylvania County, NC",540,754,834,1103,1139,NC,29334
37,NCNTY37177N37177,"Tyrrell County, NC",476,603,734,979,1049,NC,4149
37,NCNTY37181N37181,"Vance County, NC",514,536,619,756,779,NC,42954
37,NCNTY37185N37185,"Warren County, NC",530,540,638,802,884,NC,19972
37,NCNTY37187N37187,"Washington County, NC",436,575,670,833,856,NC,13723
37,NCNTY37189N37189,"Watauga County, NC",524,637,803,1130,1412,NC,42695
37,NCNTY37193N37193,"Wilkes County, NC",491,504,590,754,776,NC,65632
37,NCNTY37195N37195,"Wilson County, NC",580,581,734,879,914,NC,73814
37,NCNTY37199N37199,"Yancey County, NC",488,489,588,702,722,NC,17774
38,METRO13900M13900,"Bismarck, ND MSA",461,493,603,877,901,ND,94719
38,METRO22020M22020,"Fargo, ND-MN MSA",447,520,649,947,1097,ND,123138
38,METRO24220M24220,"Grand Forks, ND-MN MSA",433,535,668,859,1114,ND,66109
38,NCNTY38001N38001,"Adams County, ND",361,424,518,718,740,ND,2593
38,NCNTY38003N38003,"Barnes County, ND",414,417,518,719,873,ND,11775
38,NCNTY38005N38005,"Benson County, ND",407,410,518,706,857,ND,6964
38,NCNTY38007N38007,"Billings County, ND",361,424,518,718,740,ND,888
38,NCNTY38009N38009,"Bottineau County, ND",437,466,574,789,851,ND,7149
38,NCNTY38011N38011,"Bowman County, ND",361,424,518,718,740,ND,3242
38,NCNTY38013N38013,"Burke County, ND",437,466,574,789,851,ND,2242
38,NCNTY38019N38019,"Cavalier County, ND",407,410,518,706,857,ND,4831
38,NCNTY38021N38021,"Dickey County, ND",407,410,518,706,857,ND,5757
38,NCNTY38023N38023,"Divide County, ND",361,424,518,718,740,ND,2283
38,NCNTY38025N38025,"Dunn County, ND",361,424,518,718,740,ND,3600
38,NCNTY38027N38027,"Eddy County, ND",407,410,518,706,857,ND,2757
38,NCNTY38029N38029,"Emmons County, ND",437,466,574,789,851,ND,4331
38,NCNTY38031N38031,"Foster County, ND",407,410,518,706,857,ND,3759
38,NCNTY38033N38033,"Golden Valley County, ND",361,424,518,718,740,ND,1924
38,NCNTY38037N38037,"Grant County, ND",361,424,518,718,740,ND,2841
38,NCNTY38039N38039,"Griggs County, ND",407,410,518,706,857,ND,2754
38,NCNTY38041N38041,"Hettinger County, ND",361,424,518,718,740,ND,2715
38,NCNTY38043N38043,"Kidder County, ND",437,466,574,789,851,ND,2753
38,NCNTY38045N38045,"LaMoure County, ND",407,410,518,706,857,ND,4701
38,NCNTY38047N38047,"Logan County, ND",437,466,574,789,851,ND,2308
38,NCNTY38049N38049,"McHenry County, ND",437,466,574,789,851,ND,5987
38,NCNTY38051N38051,"McIntosh County, ND",437,466,574,789,851,ND,3390
38,NCNTY38053N38053,"McKenzie County, ND",361,424,518,718,740,ND,5737
38,NCNTY38055N38055,"McLean County, ND",437,466,574,789,851,ND,9311
38,NCNTY38057N38057,"Mercer County, ND",361,424,518,718,740,ND,8644
38,NCNTY38061N38061,"Mountrail County, ND",437,466,574,789,851,ND,6631
38,NCNTY38063N38063,"Nelson County, ND",437,525,642,851,1085,ND,3715
38,NCNTY38065N38065,"Oliver County, ND",361,424,518,718,740,ND,2065
38,NCNTY38067N38067,"Pembina County, ND",437,525,642,851,1085,ND,8585
38,NCNTY38069N38069,"Pierce County, ND",437,466,574,789,851,ND,4675
38,NCNTY38071N38071,"Ramsey County, ND",393,416,548,682,830,ND,12066
38,NCNTY38073N38073,"Ransom County, ND",407,410,518,706,857,ND,5890
38,NCNTY38075N38075,"Renville County, ND",437,466,574,789,851,ND,2610
38,NCNTY38077N38077,"Richland County, ND",361,445,554,758,832,ND,17998
38,NCNTY38079N38079,"Rolette County, ND",437,466,574,789,851,ND,13674
38,NCNTY38081N38081,"Sargent County, ND",407,410,518,706,857,ND,4366
38,NCNTY38083N38083,"Sheridan County, ND",437,466,574,789,851,ND,1710
38,NCNTY38085N38085,"Sioux County, ND",361,424,518,718,740,ND,4044
38,NCNTY38087N38087,"Slope County, ND",361,424,518,718,740,ND,767
38,NCNTY38089N38089,"Stark County, ND",368,443,518,754,912,ND,22636
38,NCNTY38091N38091,"Steele County, ND",437,525,642,851,1085,ND,2258
38,NCNTY38093N38093,"Stutsman County, ND",433,434,518,716,867,ND,21908
38,NCNTY38095N38095,"Towner County, ND",407,410,518,706,857,ND,2876
38,NCNTY38097N38097,"Traill County, ND",437,525,642,851,1085,ND,8477
38,NCNTY38099N38099,"Walsh County, ND",437,525,642,851,1085,ND,12389
38,NCNTY38101N38101,"Ward County, ND",388,451,547,770,927,ND,58795
38,NCNTY38103N38103,"Wells County, ND",407,410,518,706,857,ND,5102
38,NCNTY38105N38105,"Williams County, ND",337,415,518,673,704,ND,19761
39,METRO10420M10420,"Akron, OH MSA",542,628,813,1043,1076,OH,694960
39,METRO15940M15940,"Canton-Massillon, OH MSA",482,534,679,864,919,OH,406934
39,METRO17140M17140,"Cincinnati-Middleton, OH-KY-IN HUD Metro FMR Area",509,598,777,1053,1113,OH,1514470
39,METRO17140MM1220,"Brown County, OH HUD Metro FMR Area",441,490,647,816,996,OH,42285
39,METRO17460M17460,"Cleveland-Elyria-Mentor, OH MSA",557,635,773,1013,1088,OH,2148143
39,METRO18140M18140,"Columbus, OH HUD Metro FMR Area",550,633,796,1007,1138,OH,1571785
39,METRO18140N39159,"Union County, OH HUD Metro FMR Area",660,661,792,946,976,OH,40909
39,METRO19380M19380,"Dayton, OH HUD Metro FMR Area",527,606,745,994,1190,OH,805816
39,METRO19380N39135,"Preble County, OH HUD Metro FMR Area",544,562,676,923,950,OH,42337
39,METRO26580M26580,"Huntington-Ashland, WV-KY-OH MSA",434,518,624,776,840,OH,62319
39,METRO30620M30620,"Lima, OH MSA",489,512,637,780,815,OH,108473
39,METRO31900M31900,"Mansfield, OH MSA",413,503,637,836,940,OH,128852
39,METRO37620M37620,"Parkersburg-Marietta-Vienna, WV-OH MSA",464,486,616,825,894,OH,63251
39,METRO41780M41780,"Sandusky, OH MSA",452,555,695,927,970,OH,79551
39,METRO44220M44220,"Springfield, OH MSA",505,564,682,898,1138,OH,144742
39,METRO45780M45780,"Toledo, OH MSA",512,564,702,935,975,OH,659188
39,METRO48260M48260,"Weirton-Steubenville, WV-OH MSA",409,471,596,749,783,OH,73894
39,METRO48540M48540,"Wheeling, WV-OH MSA",381,465,588,753,880,OH,70226
39,METRO49660M49660,"Youngstown-Warren-Boardman, OH HUD Metro FMR Area",465,518,633,797,874,OH,482671
39,NCNTY39001N39001,"Adams County, OH",459,493,588,787,900,OH,27330
39,NCNTY39005N39005,"Ashland County, OH",451,528,695,878,964,OH,52523
39,NCNTY39007N39007,"Ashtabula County, OH",440,518,669,873,961,OH,102728
39,NCNTY39009N39009,"Athens County, OH",528,574,637,804,929,OH,62223
39,NCNTY39011N39011,"Auglaize County, OH",443,488,642,809,850,OH,46611
39,NCNTY39021N39021,"Champaign County, OH",422,537,651,810,846,OH,38890
39,NCNTY39027N39027,"Clinton County, OH",550,597,664,966,1090,OH,40543
39,NCNTY39029N39029,"Columbiana County, OH",526,526,637,771,951,OH,112075
39,NCNTY39031N39031,"Coshocton County, OH",491,493,592,728,932,OH,36655
39,NCNTY39033N39033,"Crawford County, OH",488,496,589,779,809,OH,46966
39,NCNTY39037N39037,"Darke County, OH",395,500,607,784,817,OH,53309
39,NCNTY39039N39039,"Defiance County, OH",458,531,640,841,998,OH,39500
39,NCNTY39047N39047,"Fayette County, OH",473,567,691,837,1202,OH,28433
39,NCNTY39053N39053,"Gallia County, OH",383,530,588,769,953,OH,31069
39,NCNTY39059N39059,"Guernsey County, OH",406,505,588,777,798,OH,40792
39,NCNTY39063N39063,"Hancock County, OH",458,543,702,965,994,OH,71295
39,NCNTY39065N39065,"Hardin County, OH",496,507,597,790,898,OH,31945
39,NCNTY39067N39067,"Harrison County, OH",400,474,616,769,791,OH,15856
39,NCNTY39069N39069,"Henry County, OH",413,520,636,845,871,OH,29210
39,NCNTY39071N39071,"Highland County, OH",511,529,617,812,894,OH,40875
39,NCNTY39073N39073,"Hocking County, OH",381,530,588,836,859,OH,28241
39,NCNTY39075N39075,"Holmes County, OH",489,490,588,764,787,OH,38943
39,NCNTY39077N39077,"Huron County, OH",445,536,677,935,1007,OH,59487
39,NCNTY39079N39079,"Jackson County, OH",528,530,635,798,822,OH,32641
39,NCNTY39083N39083,"Knox County, OH",548,551,670,856,932,OH,54500
39,NCNTY39091N39091,"Logan County, OH",569,570,685,862,888,OH,46005
39,NCNTY39101N39101,"Marion County, OH",454,565,699,877,1043,OH,66217
39,NCNTY39105N39105,"Meigs County, OH",497,540,597,799,823,OH,23072
39,NCNTY39107N39107,"Mercer County, OH",395,483,606,771,794,OH,40924
39,NCNTY39111N39111,"Monroe County, OH",481,482,588,739,783,OH,15180
39,NCNTY39115N39115,"Morgan County, OH",481,482,588,739,783,OH,14897
39,NCNTY39119N39119,"Muskingum County, OH",477,505,599,764,976,OH,84585
39,NCNTY39121N39121,"Noble County, OH",481,482,588,739,783,OH,14058
39,NCNTY39125N39125,"Paulding County, OH",424,474,592,768,792,OH,20293
39,NCNTY39127N39127,"Perry County, OH",503,504,606,767,790,OH,34078
39,NCNTY39131N39131,"Pike County, OH",413,523,635,759,782,OH,27695
39,NCNTY39137N39137,"Putnam County, OH",417,506,633,787,826,OH,34726
39,NCNTY39141N39141,"Ross County, OH",442,533,623,774,893,OH,73345
39,NCNTY39143N39143,"Sandusky County, OH",542,564,652,834,879,OH,61792
39,NCNTY39145N39145,"Scioto County, OH",455,490,588,784,1001,OH,79195
39,NCNTY39147N39147,"Seneca County, OH",439,493,610,768,820,OH,58683
39,NCNTY39149N39149,"Shelby County, OH",508,528,695,850,942,OH,47910
39,NCNTY39157N39157,"Tuscarawas County, OH",415,482,637,813,838,OH,90914
39,NCNTY39161N39161,"Van Wert County, OH",486,489,588,707,731,OH,29659
39,NCNTY39163N39163,"Vinton County, OH",412,530,588,809,961,OH,12806
39,NCNTY39169N39169,"Wayne County, OH",462,569,711,890,929,OH,111564
39,NCNTY39171N39171,"Williams County, OH",528,528,644,840,1065,OH,39188
39,NCNTY39175N39175,"Wyandot County, OH",489,490,588,769,824,OH,22908
40,METRO22900M22900,"Fort Smith, AR-OK HUD Metro FMR Area",409,463,583,788,871,OK,38972
40,METRO22900N40079,"Le Flore County, OK HUD Metro FMR Area",369,453,557,701,869,OK,48109
40,METRO30020M30020,"Lawton, OK MSA",481,519,641,935,1124,OK,114996
40,METRO36420M36420,"Oklahoma City, OK HUD Metro FMR Area",554,600,732,1007,1142,OK,1017825
40,METRO36420N40051,"Grady County, OK HUD Metro FMR Area",435,474,574,776,886,OK,45516
40,METRO36420N40081,"Lincoln County, OK HUD Metro FMR Area",466,468,583,750,774,OK,32080
40,METRO46140M46140,"Tulsa, OK HUD Metro FMR Area",566,612,762,1019,1113,OK,803235
40,METRO46140N40111,"Okmulgee County, OK HUD Metro FMR Area",373,435,574,782,805,OK,39685
40,METRO46140N40117,"Pawnee County, OK HUD Metro FMR Area",508,510,608,816,840,OK,16612
40,NCNTY40001N40001,"Adair County, OK",465,481,557,669,689,OK,21038
40,NCNTY40003N40003,"Alfalfa County, OK",444,465,557,760,783,OK,6105
40,NCNTY40005N40005,"Atoka County, OK",451,468,573,752,851,OK,13879
40,NCNTY40007N40007,"Beaver County, OK",444,465,557,760,783,OK,5857
40,NCNTY40009N40009,"Beckham County, OK",444,497,557,759,976,OK,19799
40,NCNTY40011N40011,"Blaine County, OK",444,465,557,760,783,OK,11976
40,NCNTY40013N40013,"Bryan County, OK",448,460,564,818,849,OK,36534
40,NCNTY40015N40015,"Caddo County, OK",364,423,557,666,828,OK,30150
40,NCNTY40019N40019,"Carter County, OK",525,549,634,803,1077,OK,45621
40,NCNTY40021N40021,"Cherokee County, OK",469,506,595,756,825,OK,42521
40,NCNTY40023N40023,"Choctaw County, OK",461,466,557,756,778,OK,15342
40,NCNTY40025N40025,"Cimarron County, OK",444,465,557,760,783,OK,3148
40,NCNTY40029N40029,"Coal County, OK",451,468,573,752,851,OK,6031
40,NCNTY40033N40033,"Cotton County, OK",465,495,613,893,1062,OK,6614
40,NCNTY40035N40035,"Craig County, OK",390,497,601,718,1056,OK,14950
40,NCNTY40039N40039,"Custer County, OK",423,424,557,812,836,OK,26142
40,NCNTY40041N40041,"Delaware County, OK",418,493,582,775,799,OK,37077
40,NCNTY40043N40043,"Dewey County, OK",444,465,557,760,783,OK,4743
40,NCNTY40045N40045,"Ellis County, OK",444,465,557,760,783,OK,4075
40,NCNTY40047N40047,"Garfield County, OK",480,507,624,890,915,OK,57813
40,NCNTY40049N40049,"Garvin County, OK",378,443,584,746,928,OK,27210
40,NCNTY40053N40053,"Grant County, OK",444,465,557,760,783,OK,5144
40,NCNTY40055N40055,"Greer County, OK",427,456,557,769,834,OK,6061
40,NCNTY40057N40057,"Harmon County, OK",427,456,557,769,834,OK,3283
40,NCNTY40059N40059,"Harper County, OK",444,465,557,760,783,OK,3562
40,NCNTY40061N40061,"Haskell County, OK",363,432,557,707,753,OK,11792
40,NCNTY40063N40063,"Hughes County, OK",485,546,655,847,870,OK,14154
40,NCNTY40065N40065,"Jackson County, OK",484,537,595,853,880,OK,28439
40,NCNTY40067N40067,"Jefferson County, OK",465,495,613,893,1062,OK,6818
40,NCNTY40069N40069,"Johnston County, OK",451,468,573,752,851,OK,10513
40,NCNTY40071N40071,"Kay County, OK",412,484,625,841,869,OK,48080
40,NCNTY40073N40073,"Kingfisher County, OK",444,465,557,782,804,OK,13926
40,NCNTY40075N40075,"Kiowa County, OK",427,456,557,769,834,OK,10227
40,NCNTY40077N40077,"Latimer County, OK",363,432,557,707,753,OK,10692
40,NCNTY40085N40085,"Love County, OK",451,468,573,752,851,OK,8831
40,NCNTY40089N40089,"McCurtain County, OK",360,430,557,724,748,OK,34402
40,NCNTY40091N40091,"McIntosh County, OK",439,492,588,763,829,OK,19456
40,NCNTY40093N40093,"Major County, OK",444,465,557,760,783,OK,7545
40,NCNTY40095N40095,"Marshall County, OK",451,468,573,752,851,OK,13184
40,NCNTY40097N40097,"Mayes County, OK",384,535,592,784,971,OK,38369
40,NCNTY40099N40099,"Murray County, OK",464,487,557,803,976,OK,12623
40,NCNTY40101N40101,"Muskogee County, OK",444,514,618,794,910,OK,69451
40,NCNTY40103N40103,"Noble County, OK",444,494,618,854,881,OK,11411
40,NCNTY40105N40105,"Nowata County, OK",439,467,585,790,858,OK,10569
40,NCNTY40107N40107,"Okfuskee County, OK",485,546,655,847,870,OK,11814
40,NCNTY40115N40115,"Ottawa County, OK",446,448,557,766,790,OK,33194
40,NCNTY40119N40119,"Payne County, OK",524,587,718,1026,1130,OK,68190
40,NCNTY40121N40121,"Pittsburg County, OK",430,476,625,780,904,OK,43953
40,NCNTY40123N40123,"Pontotoc County, OK",388,453,582,778,801,OK,35143
40,NCNTY40125N40125,"Pottawatomie County, OK",507,574,639,855,918,OK,65521
40,NCNTY40127N40127,"Pushmataha County, OK",363,432,557,707,753,OK,11667
40,NCNTY40129N40129,"Roger Mills County, OK",427,456,557,769,834,OK,3436
40,NCNTY40133N40133,"Seminole County, OK",367,470,565,699,720,OK,24894
40,NCNTY40137N40137,"Stephens County, OK",365,429,562,768,792,OK,43182
40,NCNTY40139N40139,"Texas County, OK",442,550,644,777,896,OK,20107
40,NCNTY40141N40141,"Tillman County, OK",465,495,613,893,1062,OK,9287
40,NCNTY40147N40147,"Washington County, OK",492,494,589,833,879,OK,48996
40,NCNTY40149N40149,"Washita County, OK",427,456,557,769,834,OK,11508
40,NCNTY40151N40151,"Woods County, OK",409,445,557,809,835,OK,9089
40,NCNTY40153N40153,"Woodward County, OK",487,486,584,767,791,OK,18486
41,METRO13460M13460,"Bend, OR MSA",588,684,805,1172,1226,OR,115367
41,METRO18700M18700,"Corvallis, OR MSA",574,662,830,1208,1453,OR,78153
41,METRO21660M21660,"Eugene-Springfield, OR MSA",520,635,801,1132,1286,OR,322959
41,METRO32780M32780,"Medford, OR MSA",560,649,805,1167,1241,OR,181269
41,METRO38900M38900,"Portland-Vancouver-Beaverton, OR-WA MSA",651,756,867,1261,1522,OR,1572771
41,METRO41420M41420,"Salem, OR MSA",530,595,710,1030,1244,OR,347214
41,NCNTY41001N41001,"Baker County, OR",439,514,676,984,1013,OR,16741
41,NCNTY41007N41007,"Clatsop County, OR",494,599,759,1086,1120,OR,35630
41,NCNTY41011N41011,"Coos County, OR",465,583,715,962,1100,OR,62779
41,NCNTY41013N41013,"Crook County, OR",478,586,735,945,1074,OR,19182
41,NCNTY41015N41015,"Curry County, OR",513,612,756,1030,1312,OR,21137
41,NCNTY41019N41019,"Douglas County, OR",455,540,701,933,1149,OR,100399
41,NCNTY41021N41021,"Gilliam County, OR",487,581,700,956,1086,OR,1915
41,NCNTY41023N41023,"Grant County, OR",487,581,700,956,1086,OR,7935
41,NCNTY41025N41025,"Harney County, OR",439,520,647,923,956,OR,7609
41,NCNTY41027N41027,"Hood River County, OR",490,605,753,1099,1130,OR,20411
41,NCNTY41031N41031,"Jefferson County, OR",566,614,685,981,1199,OR,19009
41,NCNTY41033N41033,"Josephine County, OR",550,614,733,1028,1118,OR,75726
41,NCNTY41035N41035,"Klamath County, OR",438,516,670,958,1016,OR,63775
41,NCNTY41037N41037,"Lake County, OR",439,520,647,923,956,OR,7422
41,NCNTY41041N41041,"Lincoln County, OR",585,661,810,1119,1222,OR,44479
41,NCNTY41043N41043,"Linn County, OR",535,659,783,1123,1341,OR,103069
41,NCNTY41045N41045,"Malheur County, OR",466,545,641,937,963,OR,31615
41,NCNTY41049N41049,"Morrow County, OR",487,581,700,956,1086,OR,10995
41,NCNTY41055N41055,"Sherman County, OR",487,581,700,956,1086,OR,1934
41,NCNTY41057N41057,"Tillamook County, OR",512,599,786,1111,1143,OR,24262
41,NCNTY41059N41059,"Umatilla County, OR",462,525,666,949,1046,OR,70548
41,NCNTY41061N41061,"Union County, OR",436,507,670,977,1036,OR,24530
41,NCNTY41063N41063,"Wallowa County, OR",438,504,666,967,1030,OR,7226
41,NCNTY41065N41065,"Wasco County, OR",503,564,700,1015,1233,OR,23791
41,NCNTY41069N41069,"Wheeler County, OR",487,581,700,956,1086,OR,1547
42,METRO10900M10900,"Allentown-Bethlehem-Easton, PA HUD Metro FMR Area",632,770,904,1187,1261,PA,637958
42,METRO11020M11020,"Altoona, PA MSA",475,535,655,857,884,PA,129144
42,METRO21500M21500,"Erie, PA MSA",486,551,715,876,940,PA,280843
42,METRO25420M25420,"Harrisburg-Carlisle, PA MSA",628,697,874,1107,1231,PA,509074
42,METRO27780M27780,"Johnstown, PA MSA",438,480,579,716,794,PA,152598
42,METRO29540M29540,"Lancaster, PA MSA",561,674,831,1045,1083,PA,470658
42,METRO30140M30140,"Lebanon, PA MSA",469,560,722,1000,1030,PA,120327
42,METRO35620MM5660,"Pike County, PA HUD Metro FMR Area",823,865,1075,1400,1748,PA,46302
42,METRO37980M37980,"Philadelphia-Camden-Wilmington, PA-NJ-DE-MD MSA",803,915,1095,1339,1615,PA,3849647
42,METRO38300M38300,"Pittsburgh, PA HUD Metro FMR Area",576,628,757,958,1024,PA,2358695
42,METRO38300N42005,"Armstrong County, PA HUD Metro FMR Area",490,519,588,770,966,PA,72392
42,METRO39740M39740,"Reading, PA MSA",590,655,818,1090,1126,PA,373638
42,METRO42540M42540,"Scranton--Wilkes-Barre, PA MSA",499,568,680,877,919,PA,560625
42,METRO44300M44300,"State College, PA MSA",660,753,910,1110,1143,PA,135758
42,METRO48700M48700,"Williamsport, PA MSA",473,550,673,876,929,PA,120044
42,METRO49620M49620,"York-Hanover, PA MSA",547,613,783,955,985,PA,381751
42,METRO49660MM7610,"Sharon, PA HUD Metro FMR Area",494,503,638,766,864,PA,120293
42,NCNTY42001N42001,"Adams County, PA",554,639,739,978,1135,PA,91292
42,NCNTY42009N42009,"Bedford County, PA",490,516,609,728,924,PA,49984
42,NCNTY42015N42015,"Bradford County, PA",396,534,608,776,967,PA,62761
42,NCNTY42023N42023,"Cameron County, PA",510,520,611,818,862,PA,5974
42,NCNTY42031N42031,"Clarion County, PA",482,523,579,761,783,PA,41765
42,NCNTY42033N42033,"Clearfield County, PA",429,491,579,816,954,PA,83382
42,NCNTY42035N42035,"Clinton County, PA",577,578,695,834,856,PA,37914
42,NCNTY42037N42037,"Columbia County, PA",475,548,663,867,964,PA,64151
42,NCNTY42039N42039,"Crawford County, PA",471,540,620,811,926,PA,90366
42,NCNTY42047N42047,"Elk County, PA",504,507,606,809,944,PA,35112
42,NCNTY42053N42053,"Forest County, PA",473,504,579,746,803,PA,4946
42,NCNTY42055N42055,"Franklin County, PA",486,540,695,914,1069,PA,129313
42,NCNTY42057N42057,"Fulton County, PA",436,507,592,735,888,PA,14261
42,NCNTY42059N42059,"Greene County, PA",506,527,608,728,750,PA,40672
42,NCNTY42061N42061,"Huntingdon County, PA",388,497,597,742,764,PA,45586
42,NCNTY42063N42063,"Indiana County, PA",544,565,655,782,859,PA,89605
42,NCNTY42065N42065,"Jefferson County, PA",391,475,600,791,816,PA,45932
42,NCNTY42067N42067,"Juniata County, PA",455,516,608,813,840,PA,22821
42,NCNTY42073N42073,"Lawrence County, PA",452,583,694,876,933,PA,94643
42,NCNTY42083N42083,"McKean County, PA",504,543,609,813,859,PA,45936
42,NCNTY42087N42087,"Mifflin County, PA",400,488,596,756,930,PA,46486
42,NCNTY42089N42089,"Monroe County, PA",609,773,938,1248,1361,PA,138687
42,NCNTY42093N42093,"Montour County, PA",560,623,742,886,913,PA,18236
42,NCNTY42097N42097,"Northumberland County, PA",411,537,601,764,790,PA,94556
42,NCNTY42105N42105,"Potter County, PA",508,550,611,810,833,PA,18080
42,NCNTY42107N42107,"Schuylkill County, PA",394,509,593,745,796,PA,150336
42,NCNTY42109N42109,"Snyder County, PA",421,551,647,818,854,PA,37546
42,NCNTY42111N42111,"Somerset County, PA",482,482,579,709,899,PA,80023
42,NCNTY42113N42113,"Sullivan County, PA",400,548,617,814,960,PA,6556
42,NCNTY42115N42115,"Susquehanna County, PA",471,531,638,765,836,PA,42238
42,NCNTY42117N42117,"Tioga County, PA",507,573,638,847,955,PA,41373
42,NCNTY42119N42119,"Union County, PA",575,603,692,907,1027,PA,41624
42,NCNTY42121N42121,"Venango County, PA",438,483,587,742,825,PA,57565
42,NCNTY42123N42123,"Warren County, PA",392,496,603,786,839,PA,43863
42,NCNTY42127N42127,"Wayne County, PA",567,585,739,950,1012,PA,47722
44,METRO39300M39300,"Providence-Fall River, RI-MA HUD Metro FMR Area",786,860,1003,1201,1530,RI,955549
44,METRO39300MM5520,"Westerly-Hopkinton-New Shoreham, RI HUD Metro FMR Area",722,872,1109,1327,1556,RI,31812
44,METRO39300N44005,"Newport-Middleton-Portsmouth, RI HUD Metro FMR Area",868,1055,1337,1893,2345,RI,60958
45,METRO11340M11340,"Anderson, SC MSA",425,581,654,855,935,SC,165740
45,METRO12260M12260,"Augusta-Richmond County, GA-SC MSA",558,621,697,958,1018,SC,167147
45,METRO16700M16700,"Charleston-North Charleston-Summerville, SC MSA",749,829,925,1218,1415,SC,549033
45,METRO16740M16740,"Charlotte-Gastonia-Concord, NC-SC HUD Metro FMR Area",715,777,861,1103,1380,SC,164614
45,METRO17900M17900,"Columbia, SC HUD Metro FMR Area",672,738,822,1047,1143,SC,594511
45,METRO17900N45055,"Kershaw County, SC HUD Metro FMR Area",432,599,669,835,921,SC,52647
45,METRO22500M22500,"Florence, SC HUD Metro FMR Area",452,518,607,734,928,SC,125761
45,METRO22500N45031,"Darlington County, SC HUD Metro FMR Area",360,465,554,693,715,SC,67394
45,METRO24860M24860,"Greenville-Mauldin-Easley, SC MSA",593,637,715,957,1031,SC,490373
45,METRO24860N45059,"Laurens County, SC HUD Metro FMR Area",517,561,623,781,968,SC,69567
45,METRO34820M34820,"Myrtle Beach-North Myrtle Beach-Conway, SC MSA",637,715,840,1066,1185,SC,196629
45,METRO43900M43900,"Spartanburg, SC MSA",581,600,701,876,901,SC,253791
45,METRO44940M44940,"Sumter, SC MSA",511,555,615,794,873,SC,104646
45,NCNTY45001N45001,"Abbeville County, SC",361,501,557,719,741,SC,26167
45,NCNTY45005N45005,"Allendale County, SC",460,500,554,693,935,SC,11211
45,NCNTY45009N45009,"Bamberg County, SC",460,461,554,732,753,SC,16658
45,NCNTY45011N45011,"Barnwell County, SC",465,503,561,676,912,SC,23478
45,NCNTY45013N45013,"Beaufort County, SC",686,853,950,1138,1207,SC,120937
45,NCNTY45021N45021,"Cherokee County, SC",486,517,586,742,1026,SC,52537
45,NCNTY45023N45023,"Chester County, SC",498,513,599,716,1053,SC,34068
45,NCNTY45025N45025,"Chesterfield County, SC",376,476,559,667,979,SC,42768
45,NCNTY45027N45027,"Clarendon County, SC",527,529,636,761,812,SC,32502
45,NCNTY45029N45029,"Colleton County, SC",359,434,554,784,946,SC,38264
45,NCNTY45033N45033,"Dillon County, SC",461,461,554,666,701,SC,30722
45,NCNTY45043N45043,"Georgetown County, SC",581,582,736,985,1292,SC,55797
45,NCNTY45047N45047,"Greenwood County, SC",520,541,624,894,1021,SC,66271
45,NCNTY45049N45049,"Hampton County, SC",460,475,554,718,757,SC,21386
45,NCNTY45053N45053,"Jasper County, SC",565,594,682,893,921,SC,20678
45,NCNTY45057N45057,"Lancaster County, SC",387,492,585,792,860,SC,61351
45,NCNTY45061N45061,"Lee County, SC",387,485,585,716,856,SC,20119
45,NCNTY45065N45065,"McCormick County, SC",501,537,603,813,839,SC,9958
45,NCNTY45067N45067,"Marion County, SC",441,460,554,678,697,SC,35466
45,NCNTY45069N45069,"Marlboro County, SC",461,462,554,720,891,SC,28818
45,NCNTY45071N45071,"Newberry County, SC",496,539,599,739,839,SC,36108
45,NCNTY45073N45073,"Oconee County, SC",386,460,593,761,1044,SC,66215
45,NCNTY45075N45075,"Orangeburg County, SC",460,499,554,682,895,SC,91582
45,NCNTY45087N45087,"Union County, SC",461,463,554,740,976,SC,29881
45,NCNTY45089N45089,"Williamsburg County, SC",527,529,636,761,812,SC,37217
46,METRO39660M39660,"Rapid City, SD HUD Metro FMR Area",555,603,765,1020,1050,SD,88565
46,METRO39660N46093,"Meade County, SD HUD Metro FMR Area",377,482,584,849,904,SD,24253
46,METRO43580M43580,"Sioux City, IA-NE-SD MSA",458,536,703,885,943,SD,12584
46,METRO43620M43620,"Sioux Falls, SD MSA",565,581,734,947,1113,SD,187093
46,NCNTY46003N46003,"Aurora County, SD",378,421,554,699,774,SD,3058
46,NCNTY46005N46005,"Beadle County, SD",446,460,536,781,877,SD,17023
46,NCNTY46007N46007,"Bennett County, SD",412,435,553,733,847,SD,3574
46,NCNTY46009N46009,"Bon Homme County, SD",378,421,554,699,774,SD,7260
46,NCNTY46011N46011,"Brookings County, SD",368,458,568,826,997,SD,28220
46,NCNTY46013N46013,"Brown County, SD",408,436,574,754,862,SD,35460
46,NCNTY46015N46015,"Brule County, SD",378,421,554,699,774,SD,5364
46,NCNTY46017N46017,"Buffalo County, SD",378,421,554,699,774,SD,2032
46,NCNTY46019N46019,"Butte County, SD",412,435,553,733,847,SD,9094
46,NCNTY46021N46021,"Campbell County, SD",406,420,553,742,852,SD,1782
46,NCNTY46023N46023,"Charles Mix County, SD",378,421,554,699,774,SD,9350
46,NCNTY46025N46025,"Clark County, SD",369,442,570,758,913,SD,4143
46,NCNTY46027N46027,"Clay County, SD",415,482,615,844,1077,SD,13537
46,NCNTY46029N46029,"Codington County, SD",418,487,643,817,871,SD,25897
46,NCNTY46031N46031,"Corson County, SD",412,435,553,733,847,SD,4181
46,NCNTY46033N46033,"Custer County, SD",412,435,553,733,847,SD,7275
46,NCNTY46035N46035,"Davison County, SD",400,469,615,805,829,SD,18741
46,NCNTY46037N46037,"Day County, SD",406,420,553,742,852,SD,6267
46,NCNTY46039N46039,"Deuel County, SD",369,442,570,758,913,SD,4498
46,NCNTY46041N46041,"Dewey County, SD",412,435,553,733,847,SD,5972
46,NCNTY46043N46043,"Douglas County, SD",378,421,554,699,774,SD,3458
46,NCNTY46045N46045,"Edmunds County, SD",406,420,553,742,852,SD,4367
46,NCNTY46047N46047,"Fall River County, SD",412,435,572,733,847,SD,7453
46,NCNTY46049N46049,"Faulk County, SD",406,420,553,742,852,SD,2640
46,NCNTY46051N46051,"Grant County, SD",369,442,570,758,913,SD,7847
46,NCNTY46053N46053,"Gregory County, SD",378,421,554,699,774,SD,4792
46,NCNTY46055N46055,"Haakon County, SD",412,435,553,733,847,SD,2196
46,NCNTY46057N46057,"Hamlin County, SD",369,442,570,758,913,SD,5540
46,NCNTY46059N46059,"Hand County, SD",406,420,553,742,852,SD,3741
46,NCNTY46061N46061,"Hanson County, SD",378,421,554,699,774,SD,3139
46,NCNTY46063N46063,"Harding County, SD",412,435,553,733,847,SD,1353
46,NCNTY46065N46065,"Hughes County, SD",415,460,569,718,741,SD,16481
46,NCNTY46067N46067,"Hutchinson County, SD",378,421,554,699,774,SD,8075
46,NCNTY46069N46069,"Hyde County, SD",378,421,554,699,774,SD,1671
46,NCNTY46071N46071,"Jackson County, SD",412,435,553,733,847,SD,2930
46,NCNTY46073N46073,"Jerauld County, SD",406,420,553,742,852,SD,2295
46,NCNTY46075N46075,"Jones County, SD",412,435,553,733,847,SD,1193
46,NCNTY46077N46077,"Kingsbury County, SD",369,442,570,758,913,SD,5815
46,NCNTY46079N46079,"Lake County, SD",369,442,570,758,913,SD,11276
46,NCNTY46081N46081,"Lawrence County, SD",396,475,605,813,854,SD,21802
46,NCNTY46085N46085,"Lyman County, SD",378,421,554,699,774,SD,3895
46,NCNTY46089N46089,"McPherson County, SD",406,420,553,742,852,SD,2904
46,NCNTY46091N46091,"Marshall County, SD",406,420,553,742,852,SD,4576
46,NCNTY46095N46095,"Mellette County, SD",412,435,553,733,847,SD,2083
46,NCNTY46097N46097,"Miner County, SD",369,442,570,758,913,SD,2884
46,NCNTY46101N46101,"Moody County, SD",369,442,570,758,913,SD,6595
46,NCNTY46105N46105,"Perkins County, SD",412,435,553,733,847,SD,3363
46,NCNTY46107N46107,"Potter County, SD",412,435,553,733,847,SD,2693
46,NCNTY46109N46109,"Roberts County, SD",406,420,553,742,852,SD,10016
46,NCNTY46111N46111,"Sanborn County, SD",378,421,554,699,774,SD,2675
46,NCNTY46113N46113,"Shannon County, SD",412,435,553,733,847,SD,12466
46,NCNTY46115N46115,"Spink County, SD",406,420,553,742,852,SD,7454
46,NCNTY46117N46117,"Stanley County, SD",378,421,554,699,774,SD,2772
46,NCNTY46119N46119,"Sully County, SD",378,421,554,699,774,SD,1556
46,NCNTY46121N46121,"Todd County, SD",412,435,553,733,847,SD,9050
46,NCNTY46123N46123,"Tripp County, SD",378,421,554,699,774,SD,6430
46,NCNTY46129N46129,"Walworth County, SD",406,420,553,742,852,SD,5974
46,NCNTY46135N46135,"Yankton County, SD",390,461,600,776,935,SD,21652
46,NCNTY46137N46137,"Ziebach County, SD",412,435,553,733,847,SD,2519
47,METRO16860M16860,"Chattanooga, TN-GA MSA",576,612,715,909,1011,TN,347042
47,METRO17300M17300,"Clarksville, TN-KY HUD Metro FMR Area",579,600,699,1014,1044,TN,134768
47,METRO17300N47161,"Stewart County, TN HUD Metro FMR Area",373,479,574,773,796,TN,12370
47,METRO17420M17420,"Cleveland, TN MSA",484,508,655,839,1064,TN,104015
47,METRO27180M27180,"Jackson, TN MSA",528,584,735,1014,1041,TN,107377
47,METRO27740M27740,"Johnson City, TN MSA",413,502,628,777,999,TN,181607
47,METRO28700M28700,"Kingsport-Bristol-Bristol, TN-VA MSA",484,482,603,830,1006,TN,206611
47,METRO28940M28940,"Knoxville, TN MSA",552,642,773,1060,1128,TN,616079
47,METRO32820M32820,"Memphis, TN-MS-AR HUD Metro FMR Area",702,761,847,1129,1186,TN,977549
47,METRO34100M34100,"Morristown, TN MSA",490,492,595,794,953,TN,123081
47,METRO34980M34980,"Nashville-Davidson--Murfreesboro--Franklin, TN MSA",681,760,875,1155,1237,TN,1251396
47,METRO34980N47081,"Hickman County, TN HUD Metro FMR Area",376,523,579,845,871,TN,22295
47,METRO34980N47111,"Macon County, TN HUD Metro FMR Area",369,448,569,678,731,TN,20386
47,METRO34980N47159,"Smith County, TN HUD Metro FMR Area",505,506,605,771,796,TN,17712
47,NCNTY47003N47003,"Bedford County, TN",583,607,703,883,910,TN,37586
47,NCNTY47005N47005,"Benton County, TN",468,469,566,704,751,TN,16537
47,NCNTY47007N47007,"Bledsoe County, TN",450,454,546,729,752,TN,12367
47,NCNTY47013N47013,"Campbell County, TN",458,460,551,749,801,TN,39854
47,NCNTY47017N47017,"Carroll County, TN",471,473,569,707,743,TN,29475
47,NCNTY47025N47025,"Claiborne County, TN",349,433,540,699,769,TN,29862
47,NCNTY47027N47027,"Clay County, TN",441,443,562,741,762,TN,7976
47,NCNTY47029N47029,"Cocke County, TN",352,463,539,661,925,TN,33565
47,NCNTY47031N47031,"Coffee County, TN",523,524,628,838,1104,TN,48014
47,NCNTY47033N47033,"Crockett County, TN",448,484,539,725,748,TN,14532
47,NCNTY47035N47035,"Cumberland County, TN",483,487,583,824,1023,TN,46802
47,NCNTY47039N47039,"Decatur County, TN",429,460,552,693,815,TN,11731
47,NCNTY47041N47041,"DeKalb County, TN",451,452,544,763,788,TN,17423
47,NCNTY47045N47045,"Dyer County, TN",512,514,618,823,887,TN,37279
47,NCNTY47049N47049,"Fentress County, TN",441,443,562,741,762,TN,16625
47,NCNTY47051N47051,"Franklin County, TN",395,464,610,874,1070,TN,39270
47,NCNTY47053N47053,"Gibson County, TN",465,466,561,692,771,TN,48152
47,NCNTY47055N47055,"Giles County, TN",400,469,619,741,877,TN,29447
47,NCNTY47059N47059,"Greene County, TN",369,456,568,748,767,TN,62909
47,NCNTY47061N47061,"Grundy County, TN",450,454,546,729,752,TN,14332
47,NCNTY47067N47067,"Hancock County, TN",451,452,544,687,790,TN,6786
47,NCNTY47069N47069,"Hardeman County, TN",357,493,546,689,960,TN,28105
47,NCNTY47071N47071,"Hardin County, TN",371,427,539,724,944,TN,25578
47,NCNTY47075N47075,"Haywood County, TN",532,535,641,767,819,TN,19797
47,NCNTY47077N47077,"Henderson County, TN",399,525,618,739,762,TN,25522
47,NCNTY47079N47079,"Henry County, TN",374,440,574,687,805,TN,31115
47,NCNTY47083N47083,"Houston County, TN",468,469,566,704,751,TN,8088
47,NCNTY47085N47085,"Humphreys County, TN",447,485,539,749,773,TN,17929
47,NCNTY47087N47087,"Jackson County, TN",441,443,562,741,762,TN,10984
47,NCNTY47091N47091,"Johnson County, TN",368,458,568,749,807,TN,17499
47,NCNTY47095N47095,"Lake County, TN",428,467,566,770,792,TN,7954
47,NCNTY47097N47097,"Lauderdale County, TN",506,508,610,755,780,TN,27101
47,NCNTY47099N47099,"Lawrence County, TN",364,442,553,680,750,TN,39926
47,NCNTY47101N47101,"Lewis County, TN",372,448,566,740,762,TN,11367
47,NCNTY47103N47103,"Lincoln County, TN",485,486,586,700,734,TN,31340
47,NCNTY47107N47107,"McMinn County, TN",506,519,610,759,927,TN,49015
47,NCNTY47109N47109,"McNairy County, TN",350,448,539,785,842,TN,24653
47,NCNTY47117N47117,"Marshall County, TN",515,517,658,789,988,TN,26767
47,NCNTY47119N47119,"Maury County, TN",480,606,741,967,996,TN,69498
47,NCNTY47121N47121,"Meigs County, TN",450,454,546,729,752,TN,11086
47,NCNTY47123N47123,"Monroe County, TN",432,447,577,691,834,TN,38961
47,NCNTY47127N47127,"Moore County, TN",489,490,615,817,852,TN,5740
47,NCNTY47129N47129,"Morgan County, TN",460,461,554,693,792,TN,19757
47,NCNTY47131N47131,"Obion County, TN",365,482,562,747,771,TN,32450
47,NCNTY47133N47133,"Overton County, TN",351,439,539,655,674,TN,20118
47,NCNTY47135N47135,"Perry County, TN",372,448,566,740,762,TN,7631
47,NCNTY47137N47137,"Pickett County, TN",441,443,562,741,762,TN,4945
47,NCNTY47141N47141,"Putnam County, TN",462,481,606,853,957,TN,62315
47,NCNTY47143N47143,"Rhea County, TN",350,427,539,722,743,TN,28400
47,NCNTY47145N47145,"Roane County, TN",500,534,602,793,939,TN,51910
47,NCNTY47151N47151,"Scott County, TN",426,453,539,693,950,TN,21127
47,NCNTY47155N47155,"Sevier County, TN",553,621,703,879,1231,TN,71170
47,NCNTY47175N47175,"Van Buren County, TN",441,443,562,741,762,TN,5508
47,NCNTY47177N47177,"Warren County, TN",448,471,602,790,926,TN,38276
47,NCNTY47181N47181,"Wayne County, TN",372,448,566,740,762,TN,16842
47,NCNTY47183N47183,"Weakley County, TN",394,490,556,814,981,TN,34895
47,NCNTY47185N47185,"White County, TN",386,443,546,763,784,TN,23102
48,METRO10180M10180,"Abilene, TX MSA",515,547,689,905,1151,TX,160245
48,METRO11100M11100,"Amarillo, TX MSA",555,572,716,990,1121,TX,226522
48,METRO12420M12420,"Austin-Round Rock, TX MSA",731,833,1017,1383,1600,TX,1249763
48,METRO13140M13140,"Beaumont-Port Arthur, TX MSA",552,615,733,938,992,TX,385090
48,METRO15180M15180,"Brownsville-Harlingen, TX MSA",534,584,668,847,991,TX,335227
48,METRO17780M17780,"College Station-Bryan, TX MSA",629,717,875,1203,1240,TX,184885
48,METRO18580M18580,"Corpus Christi, TX HUD Metro FMR Area",672,698,885,1219,1346,TX,380783
48,METRO18580N48007,"Aransas County, TX HUD Metro FMR Area",469,600,723,1006,1035,TX,22497
48,METRO19100M19100,"Dallas, TX HUD Metro FMR Area",704,784,952,1263,1531,TX,3451226
48,METRO19100MM2800,"Fort Worth-Arlington, TX HUD Metro FMR Area",703,752,926,1256,1411,TX,1661525
48,METRO19100N48497,"Wise County, TX HUD Metro FMR Area",584,585,704,893,920,TX,48793
48,METRO21340M21340,"El Paso, TX MSA",501,540,638,924,1079,TX,679622
48,METRO26420M26420,"Houston-Baytown-Sugar Land, TX HUD Metro FMR Area",661,735,892,1189,1495,TX,4450050
48,METRO26420MM1145,"Brazoria County, TX HUD Metro FMR Area",598,670,767,1052,1091,TX,241767
48,METRO26420N48015,"Austin County, TX HUD Metro FMR Area",581,583,701,991,1023,TX,23590
48,METRO28660M28660,"Killeen-Temple-Fort Hood, TX HUD Metro FMR Area",588,626,793,1155,1393,TX,312952
48,METRO28660N48281,"Lampasas County, TX HUD Metro FMR Area",398,508,611,891,1012,TX,17762
48,METRO29700M29700,"Laredo, TX MSA",539,600,713,990,1159,TX,193117
48,METRO30980M30980,"Longview, TX HUD Metro FMR Area",573,598,690,947,975,TX,146670
48,METRO30980N48401,"Rusk County, TX HUD Metro FMR Area",534,535,642,865,987,TX,47372
48,METRO31180M31180,"Lubbock, TX MSA",502,616,770,1096,1146,TX,249700
48,METRO32580M32580,"McAllen-Edinburg-Mission, TX MSA",574,616,721,870,999,TX,569463
48,METRO33260M33260,"Midland, TX MSA",634,672,886,1292,1554,TX,116009
48,METRO36220M36220,"Odessa, TX MSA",548,597,788,1124,1217,TX,121123
48,METRO41660M41660,"San Angelo, TX MSA",493,561,713,1021,1184,TX,105781
48,METRO41700M41700,"San Antonio, TX HUD Metro FMR Area",617,683,847,1128,1357,TX,1610028
48,METRO41700N48013,"Atascosa County, TX HUD Metro FMR Area",434,497,656,813,837,TX,38628
48,METRO41700N48259,"Kendall County, TX HUD Metro FMR Area",788,790,949,1383,1665,TX,23743
48,METRO41700N48325,"Medina County, TX HUD Metro FMR Area",589,607,709,849,1010,TX,39304
48,METRO43300M43300,"Sherman-Denison, TX MSA",651,659,784,1069,1152,TX,110595
48,METRO45500M45500,"Texarkana, TX-Texarkana, AR MSA",532,533,654,823,899,TX,89306
48,METRO46340M46340,"Tyler, TX MSA",577,662,780,1077,1115,TX,174706
48,METRO47020M47020,"Victoria, TX HUD Metro FMR Area",517,604,753,970,1090,TX,91016
48,METRO47020N48057,"Calhoun County, TX HUD Metro FMR Area",468,524,677,897,1084,TX,20647
48,METRO47380M47380,"Waco, TX MSA",626,627,785,1002,1035,TX,213517
48,METRO48660M48660,"Wichita Falls, TX MSA",552,590,707,993,1045,TX,151524
48,NCNTY48001N48001,"Anderson County, TX",569,602,685,928,1124,TX,55109
48,NCNTY48003N48003,"Andrews County, TX",489,522,588,791,887,TX,13004
48,NCNTY48005N48005,"Angelina County, TX",523,613,689,898,925,TX,80130
48,NCNTY48017N48017,"Bailey County, TX",440,510,588,764,934,TX,6594
48,NCNTY48023N48023,"Baylor County, TX",433,485,620,797,944,TX,4093
48,NCNTY48025N48025,"Bee County, TX",507,509,612,884,913,TX,32359
48,NCNTY48031N48031,"Blanco County, TX",528,541,678,894,1025,TX,8418
48,NCNTY48033N48033,"Borden County, TX",485,486,588,790,816,TX,729
48,NCNTY48035N48035,"Bosque County, TX",528,529,637,785,861,TX,17204
48,NCNTY48043N48043,"Brewster County, TX",446,462,604,724,788,TX,8866
48,NCNTY48045N48045,"Briscoe County, TX",485,488,588,792,817,TX,1790
48,NCNTY48047N48047,"Brooks County, TX",488,529,588,854,883,TX,7976
48,NCNTY48049N48049,"Brown County, TX",531,537,668,856,949,TX,37674
48,NCNTY48053N48053,"Burnet County, TX",572,598,786,1019,1048,TX,34147
48,NCNTY48063N48063,"Camp County, TX",507,509,657,882,911,TX,11549
48,NCNTY48067N48067,"Cass County, TX",382,529,588,844,925,TX,30438
48,NCNTY48069N48069,"Castro County, TX",485,488,588,792,817,TX,8285
48,NCNTY48073N48073,"Cherokee County, TX",480,560,619,834,859,TX,46659
48,NCNTY48075N48075,"Childress County, TX",485,488,588,792,817,TX,7688
48,NCNTY48079N48079,"Cochran County, TX",440,510,588,764,934,TX,3730
48,NCNTY48081N48081,"Coke County, TX",493,561,712,1027,1186,TX,3864
48,NCNTY48083N48083,"Coleman County, TX",528,541,678,894,1025,TX,9235
48,NCNTY48087N48087,"Collingsworth County, TX",485,488,588,792,817,TX,3206
48,NCNTY48089N48089,"Colorado County, TX",510,541,614,828,851,TX,20390
48,NCNTY48093N48093,"Comanche County, TX",491,558,655,848,961,TX,14026
48,NCNTY48095N48095,"Concho County, TX",485,486,588,790,816,TX,3966
48,NCNTY48097N48097,"Cooke County, TX",575,577,749,919,1027,TX,36363
48,NCNTY48101N48101,"Cottle County, TX",433,485,620,797,944,TX,1904
48,NCNTY48103N48103,"Crane County, TX",488,519,588,759,883,TX,3996
48,NCNTY48105N48105,"Crockett County, TX",485,486,588,790,816,TX,4099
48,NCNTY48109N48109,"Culberson County, TX",488,519,588,759,883,TX,2975
48,NCNTY48111N48111,"Dallam County, TX",482,496,654,782,802,TX,6222
48,NCNTY48115N48115,"Dawson County, TX",485,486,588,790,816,TX,14985
48,NCNTY48117N48117,"Deaf Smith County, TX",383,529,588,855,910,TX,18561
48,NCNTY48123N48123,"DeWitt County, TX",452,455,596,813,842,TX,20013
48,NCNTY48125N48125,"Dickens County, TX",440,510,588,764,934,TX,2762
48,NCNTY48127N48127,"Dimmit County, TX",503,521,604,819,1004,TX,10248
48,NCNTY48129N48129,"Donley County, TX",485,488,588,792,817,TX,3828
48,NCNTY48131N48131,"Duval County, TX",443,557,620,867,893,TX,13120
48,NCNTY48133N48133,"Eastland County, TX",491,558,655,848,961,TX,18297
48,NCNTY48137N48137,"Edwards County, TX",503,521,604,819,1004,TX,2162
48,NCNTY48143N48143,"Erath County, TX",486,556,684,882,908,TX,33001
48,NCNTY48145N48145,"Falls County, TX",419,562,642,831,860,TX,18576
48,NCNTY48147N48147,"Fannin County, TX",537,565,649,802,826,TX,31242
48,NCNTY48149N48149,"Fayette County, TX",521,590,729,921,949,TX,21804
48,NCNTY48151N48151,"Fisher County, TX",449,461,588,839,876,TX,4344
48,NCNTY48153N48153,"Floyd County, TX",440,510,588,764,934,TX,7771
48,NCNTY48155N48155,"Foard County, TX",433,485,620,797,944,TX,1622
48,NCNTY48159N48159,"Franklin County, TX",493,532,650,811,939,TX,9458
48,NCNTY48161N48161,"Freestone County, TX",419,562,642,829,860,TX,17867
48,NCNTY48163N48163,"Frio County, TX",577,619,749,975,1091,TX,16252
48,NCNTY48165N48165,"Gaines County, TX",489,524,588,757,891,TX,14467
48,NCNTY48169N48169,"Garza County, TX",440,510,588,764,934,TX,4872
48,NCNTY48171N48171,"Gillespie County, TX",516,602,792,1135,1169,TX,20814
48,NCNTY48173N48173,"Glasscock County, TX",485,486,588,790,816,TX,1406
48,NCNTY48177N48177,"Gonzales County, TX",382,453,588,854,878,TX,18628
48,NCNTY48179N48179,"Gray County, TX",451,452,596,746,769,TX,22744
48,NCNTY48185N48185,"Grimes County, TX",567,614,685,906,934,TX,23552
48,NCNTY48189N48189,"Hale County, TX",404,509,597,761,801,TX,36602
48,NCNTY48191N48191,"Hall County, TX",485,488,588,792,817,TX,3782
48,NCNTY48193N48193,"Hamilton County, TX",528,541,678,894,1025,TX,8229
48,NCNTY48195N48195,"Hansford County, TX",485,488,588,792,817,TX,5369
48,NCNTY48197N48197,"Hardeman County, TX",433,485,620,797,944,TX,4724
48,NCNTY48203N48203,"Harrison County, TX",480,533,656,833,857,TX,62110
48,NCNTY48205N48205,"Hartley County, TX",485,488,588,792,817,TX,5537
48,NCNTY48207N48207,"Haskell County, TX",449,461,588,839,876,TX,6093
48,NCNTY48211N48211,"Hemphill County, TX",485,488,588,792,817,TX,3351
48,NCNTY48213N48213,"Henderson County, TX",561,562,699,917,945,TX,73277
48,NCNTY48217N48217,"Hill County, TX",397,553,612,872,926,TX,32321
48,NCNTY48219N48219,"Hockley County, TX",442,482,600,812,1052,TX,22716
48,NCNTY48221N48221,"Hood County, TX",625,675,751,1094,1318,TX,41100
48,NCNTY48223N48223,"Hopkins County, TX",504,525,656,832,1151,TX,31960
48,NCNTY48225N48225,"Houston County, TX",606,639,743,914,1009,TX,23185
48,NCNTY48227N48227,"Howard County, TX",489,505,588,845,868,TX,33627
48,NCNTY48229N48229,"Hudspeth County, TX",488,519,588,759,883,TX,3344
48,NCNTY48233N48233,"Hutchinson County, TX",536,537,644,773,1031,TX,23857
48,NCNTY48237N48237,"Jack County, TX",433,485,620,797,944,TX,8763
48,NCNTY48239N48239,"Jackson County, TX",394,530,607,761,1068,TX,14391
48,NCNTY48241N48241,"Jasper County, TX",491,493,593,803,993,TX,35604
48,NCNTY48243N48243,"Jeff Davis County, TX",488,519,588,759,883,TX,2207
48,NCNTY48247N48247,"Jim Hogg County, TX",488,529,588,854,883,TX,5281
48,NCNTY48249N48249,"Jim Wells County, TX",392,542,604,809,835,TX,39326
48,NCNTY48255N48255,"Karnes County, TX",452,456,596,813,842,TX,15446
48,NCNTY48261N48261,"Kenedy County, TX",488,529,588,854,883,TX,414
48,NCNTY48263N48263,"Kent County, TX",449,461,588,839,876,TX,859
48,NCNTY48265N48265,"Kerr County, TX",609,668,752,1037,1073,TX,43653
48,NCNTY48267N48267,"Kimble County, TX",485,486,588,790,816,TX,4468
48,NCNTY48269N48269,"King County, TX",440,510,588,764,934,TX,356
48,NCNTY48271N48271,"Kinney County, TX",503,521,604,819,1004,TX,3379
48,NCNTY48273N48273,"Kleberg County, TX",555,576,668,960,1102,TX,31549
48,NCNTY48275N48275,"Knox County, TX",433,485,620,797,944,TX,4253
48,NCNTY48277N48277,"Lamar County, TX",454,543,676,873,925,TX,48499
48,NCNTY48279N48279,"Lamb County, TX",440,510,588,764,934,TX,14709
48,NCNTY48283N48283,"La Salle County, TX",503,521,604,819,1004,TX,5866
48,NCNTY48285N48285,"Lavaca County, TX",510,541,614,828,851,TX,19210
48,NCNTY48287N48287,"Lee County, TX",474,576,640,837,862,TX,15657
48,NCNTY48289N48289,"Leon County, TX",567,614,685,906,934,TX,15335
48,NCNTY48293N48293,"Limestone County, TX",403,560,619,772,795,TX,22051
48,NCNTY48295N48295,"Lipscomb County, TX",485,488,588,792,817,TX,3057
48,NCNTY48297N48297,"Live Oak County, TX",443,557,620,867,893,TX,12309
48,NCNTY48299N48299,"Llano County, TX",619,692,911,1090,1123,TX,17044
48,NCNTY48301N48301,"Loving County, TX",488,519,588,759,883,TX,67
48,NCNTY48305N48305,"Lynn County, TX",440,510,588,764,934,TX,6550
48,NCNTY48307N48307,"McCulloch County, TX",493,494,593,863,891,TX,8205
48,NCNTY48311N48311,"McMullen County, TX",443,557,620,867,893,TX,851
48,NCNTY48313N48313,"Madison County, TX",567,614,685,906,934,TX,12940
48,NCNTY48315N48315,"Marion County, TX",507,509,657,882,911,TX,10941
48,NCNTY48317N48317,"Martin County, TX",485,486,588,790,816,TX,4746
48,NCNTY48319N48319,"Mason County, TX",485,486,588,790,816,TX,3738
48,NCNTY48321N48321,"Matagorda County, TX",526,530,632,920,1108,TX,37957
48,NCNTY48323N48323,"Maverick County, TX",489,519,588,856,881,TX,47297
48,NCNTY48327N48327,"Menard County, TX",485,486,588,790,816,TX,2360
48,NCNTY48331N48331,"Milam County, TX",403,516,619,796,826,TX,24238
48,NCNTY48333N48333,"Mills County, TX",528,541,678,894,1025,TX,5151
48,NCNTY48335N48335,"Mitchell County, TX",449,461,588,839,876,TX,9698
48,NCNTY48337N48337,"Montague County, TX",556,604,673,867,1182,TX,19117
48,NCNTY48341N48341,"Moore County, TX",453,513,588,844,868,TX,20121
48,NCNTY48343N48343,"Morris County, TX",493,532,650,811,939,TX,13048
48,NCNTY48345N48345,"Motley County, TX",440,510,588,764,934,TX,1426
48,NCNTY48347N48347,"Nacogdoches County, TX",536,629,763,947,1170,TX,59203
48,NCNTY48349N48349,"Navarro County, TX",562,595,712,904,932,TX,45124
48,NCNTY48351N48351,"Newton County, TX",487,488,588,790,1030,TX,15072
48,NCNTY48353N48353,"Nolan County, TX",429,447,588,811,1032,TX,15802
48,NCNTY48357N48357,"Ochiltree County, TX",485,488,588,831,855,TX,9006
48,NCNTY48359N48359,"Oldham County, TX",485,488,588,792,817,TX,2185
48,NCNTY48363N48363,"Palo Pinto County, TX",511,545,657,929,955,TX,27026
48,NCNTY48365N48365,"Panola County, TX",489,527,588,712,1034,TX,22756
48,NCNTY48369N48369,"Parmer County, TX",485,488,588,792,817,TX,10016
48,NCNTY48371N48371,"Pecos County, TX",486,529,588,714,857,TX,16809
48,NCNTY48373N48373,"Polk County, TX",515,523,621,773,796,TX,41133
48,NCNTY48377N48377,"Presidio County, TX",488,519,588,759,883,TX,7304
48,NCNTY48379N48379,"Rains County, TX",509,510,657,884,911,TX,9139
48,NCNTY48383N48383,"Reagan County, TX",485,486,588,790,816,TX,3326
48,NCNTY48385N48385,"Real County, TX",503,521,604,819,1004,TX,3047
48,NCNTY48387N48387,"Red River County, TX",493,532,650,811,939,TX,14314
48,NCNTY48389N48389,"Reeves County, TX",489,524,588,742,891,TX,13137
48,NCNTY48391N48391,"Refugio County, TX",443,557,620,867,893,TX,7828
48,NCNTY48393N48393,"Roberts County, TX",485,488,588,792,817,TX,887
48,NCNTY48399N48399,"Runnels County, TX",485,486,588,790,816,TX,11495
48,NCNTY48403N48403,"Sabine County, TX",487,488,588,790,1030,TX,10469
48,NCNTY48405N48405,"San Augustine County, TX",487,488,588,790,1030,TX,8946
48,NCNTY48411N48411,"San Saba County, TX",528,541,678,894,1025,TX,6186
48,NCNTY48413N48413,"Schleicher County, TX",485,486,588,790,816,TX,2935
48,NCNTY48415N48415,"Scurry County, TX",385,465,588,856,900,TX,16361
48,NCNTY48417N48417,"Shackelford County, TX",449,461,588,839,876,TX,3302
48,NCNTY48419N48419,"Shelby County, TX",468,498,588,817,1030,TX,25224
48,NCNTY48421N48421,"Sherman County, TX",485,488,588,792,817,TX,3186
48,NCNTY48425N48425,"Somervell County, TX",491,558,655,852,961,TX,6809
48,NCNTY48427N48427,"Starr County, TX",489,520,588,858,1038,TX,53597
48,NCNTY48429N48429,"Stephens County, TX",440,451,588,823,860,TX,9674
48,NCNTY48431N48431,"Sterling County, TX",485,486,588,790,816,TX,1393
48,NCNTY48433N48433,"Stonewall County, TX",449,461,588,839,876,TX,1693
48,NCNTY48435N48435,"Sutton County, TX",485,486,588,790,816,TX,4077
48,NCNTY48437N48437,"Swisher County, TX",485,488,588,792,817,TX,8378
48,NCNTY48443N48443,"Terrell County, TX",488,519,588,759,883,TX,1081
48,NCNTY48445N48445,"Terry County, TX",440,510,588,763,934,TX,12761
48,NCNTY48447N48447,"Throckmorton County, TX",449,461,588,839,876,TX,1850
48,NCNTY48449N48449,"Titus County, TX",472,574,671,825,1178,TX,28118
48,NCNTY48455N48455,"Trinity County, TX",606,639,743,914,1009,TX,13779
48,NCNTY48457N48457,"Tyler County, TX",516,517,619,800,1018,TX,20871
48,NCNTY48461N48461,"Upton County, TX",485,486,588,790,816,TX,3404
48,NCNTY48463N48463,"Uvalde County, TX",417,557,640,817,1038,TX,25926
48,NCNTY48465N48465,"Val Verde County, TX",432,545,650,841,1011,TX,44856
48,NCNTY48467N48467,"Van Zandt County, TX",555,557,668,932,960,TX,48140
48,NCNTY48471N48471,"Walker County, TX",632,651,786,1023,1283,TX,61758
48,NCNTY48475N48475,"Ward County, TX",489,514,588,753,876,TX,10909
48,NCNTY48477N48477,"Washington County, TX",573,702,806,1073,1107,TX,30373
48,NCNTY48481N48481,"Wharton County, TX",482,559,620,784,808,TX,41188
48,NCNTY48483N48483,"Wheeler County, TX",485,488,588,792,817,TX,5284
48,NCNTY48487N48487,"Wilbarger County, TX",382,473,588,734,806,TX,14676
48,NCNTY48489N48489,"Willacy County, TX",488,529,588,854,883,TX,20082
48,NCNTY48495N48495,"Winkler County, TX",488,519,588,759,883,TX,7173
48,NCNTY48499N48499,"Wood County, TX",457,518,683,968,1200,TX,36752
48,NCNTY48501N48501,"Yoakum County, TX",440,510,588,764,934,TX,7322
48,NCNTY48503N48503,"Young County, TX",406,471,622,822,1067,TX,17943
48,NCNTY48505N48505,"Zapata County, TX",488,529,588,854,883,TX,12182
48,NCNTY48507N48507,"Zavala County, TX",503,521,604,819,1004,TX,11600
49,METRO30860M30860,"Logan, UT-ID MSA",523,558,687,938,1156,UT,91391
49,METRO36260M36260,"Ogden-Clearfield, UT MSA",533,657,788,1078,1303,UT,442656
49,METRO39340M39340,"Provo-Orem, UT MSA",589,634,735,1069,1287,UT,376774
49,METRO41100M41100,"St. George, UT MSA",595,613,747,1072,1265,UT,90354
49,METRO41620M41620,"Salt Lake City, UT HUD Metro FMR Area",671,738,873,1248,1460,UT,898387
49,METRO41620N49043,"Summit County, UT HUD Metro FMR Area",721,1002,1113,1623,1952,UT,29736
49,METRO41620N49045,"Tooele County, UT HUD Metro FMR Area",549,637,741,947,1269,UT,40735
49,NCNTY49001N49001,"Beaver County, UT",565,567,681,991,1113,UT,6005
49,NCNTY49003N49003,"Box Elder County, UT",432,539,666,970,999,UT,42745
49,NCNTY49007N49007,"Carbon County, UT",497,498,599,812,892,UT,20422
49,NCNTY49009N49009,"Daggett County, UT",525,577,640,850,1123,UT,921
49,NCNTY49013N49013,"Duchesne County, UT",662,726,806,1070,1414,UT,14371
49,NCNTY49015N49015,"Emery County, UT",525,577,640,850,1123,UT,10860
49,NCNTY49017N49017,"Garfield County, UT",565,567,681,991,1113,UT,4735
49,NCNTY49019N49019,"Grand County, UT",526,578,640,851,1124,UT,8485
49,NCNTY49021N49021,"Iron County, UT",507,534,615,896,1079,UT,33779
49,NCNTY49025N49025,"Kane County, UT",565,567,681,991,1111,UT,6046
49,NCNTY49027N49027,"Millard County, UT",565,567,681,991,1113,UT,12405
49,NCNTY49031N49031,"Piute County, UT",565,567,681,991,1113,UT,1435
49,NCNTY49033N49033,"Rich County, UT",526,561,690,942,1137,UT,1961
49,NCNTY49037N49037,"San Juan County, UT",525,577,640,850,1123,UT,14413
49,NCNTY49039N49039,"Sanpete County, UT",565,567,681,991,1113,UT,22763
49,NCNTY49041N49041,"Sevier County, UT",565,567,681,991,1113,UT,18842
49,NCNTY49047N49047,"Uintah County, UT",560,608,676,881,963,UT,25224
49,NCNTY49051N49051,"Wasatch County, UT",569,708,877,1045,1358,UT,15215
49,NCNTY49055N49055,"Wayne County, UT",565,567,681,991,1113,UT,2509
50,METRO15540M15540,"Burlington-South Burlington, VT MSA",833,929,1177,1543,1858,VT,198889
50,NCNTY50001N50001,"Addison County, VT",607,764,909,1205,1594,VT,35974
50,NCNTY50003N50003,"Bennington County, VT",594,761,909,1154,1302,VT,36994
50,NCNTY50005N50005,"Caledonia County, VT",554,583,748,960,988,VT,29702
50,NCNTY50009N50009,"Essex County, VT",573,672,821,1055,1245,VT,6459
50,NCNTY50015N50015,"Lamoille County, VT",637,728,868,1190,1524,VT,23233
50,NCNTY50017N50017,"Orange County, VT",629,733,838,1219,1258,VT,28226
50,NCNTY50019N50019,"Orleans County, VT",438,585,675,905,1019,VT,26277
50,NCNTY50021N50021,"Rutland County, VT",546,709,838,1130,1435,VT,63400
50,NCNTY50023N50023,"Washington County, VT",590,698,908,1222,1311,VT,58039
50,NCNTY50025N50025,"Windham County, VT",694,755,960,1179,1215,VT,44216
50,NCNTY50027N50027,"Windsor County, VT",674,750,915,1221,1385,VT,57418
51,METRO13980N51071,"Giles County, VA HUD Metro FMR Area",372,513,571,749,1004,VA,16657
51,METRO13980N51121,"Blacksburg-Christiansburg-Radford, VA HUD Metro FMR Area",600,651,723,1004,1269,VA,99488
51,METRO13980N51155,"Pulaski County, VA HUD Metro FMR Area",435,455,571,835,858,VA,35127
51,METRO16820M16820,"Charlottesville, VA MSA",683,820,951,1252,1582,VA,174021
51,METRO19260M19260,"Danville, VA MSA",493,495,640,798,822,VA,110156
51,METRO25500M25500,"Harrisonburg, VA MSA",529,607,723,1041,1125,VA,108193
51,METRO28700M28700,"Kingsport-Bristol-Bristol, TN-VA MSA",484,482,603,830,1006,VA,91873
51,METRO31340M31340,"Lynchburg, VA MSA",551,554,665,858,978,VA,228616
51,METRO40060M40060,"Richmond, VA HUD Metro FMR Area",768,832,930,1241,1481,VA,1071330
51,METRO40060N51109,"Louisa County, VA HUD Metro FMR Area",625,752,836,1002,1031,VA,25627
51,METRO40220M40220,"Roanoke, VA HUD Metro FMR Area",568,573,745,995,1082,VA,241023
51,METRO40220N51067,"Franklin County, VA HUD Metro FMR Area",371,440,571,693,718,VA,47286
51,METRO47260M47260,"Virginia Beach-Norfolk-Newport News, VA-NC MSA",831,873,1002,1382,1730,VA,1558180
51,METRO47900M47900,"Washington-Arlington-Alexandria, DC-VA-MD HUD Metro FMR Area",1156,1318,1494,1927,2522,VA,2085108
51,METRO47900MM8820,"Warren County, VA HUD Metro FMR Area",577,702,871,1251,1529,VA,31584
51,METRO49020M49020,"Winchester, VA-WV MSA",568,609,804,1118,1151,VA,82794
51,NCNTY51001N51001,"Accomack County, VA",439,594,676,808,913,VA,38305
51,NCNTY51005N51005,"Alleghany County-Clifton Forge city-Covington city, VA HUD Nonmetro FMR Area",383,495,587,727,748,VA,23518
51,NCNTY51015N51015,"Augusta County-Staunton city-Waynesboro city, VA HUD Nonmetro FMR Area",507,541,695,1013,1171,VA,108988
51,NCNTY51017N51017,"Bath County, VA",503,538,672,946,1106,VA,5048
51,NCNTY51021N51021,"Bland County, VA",474,495,571,726,838,VA,6871
51,NCNTY51025N51025,"Brunswick County, VA",501,545,623,809,1060,VA,18419
51,NCNTY51027N51027,"Buchanan County, VA",474,495,571,726,838,VA,26978
51,NCNTY51029N51029,"Buckingham County, VA",508,533,610,767,924,VA,15623
51,NCNTY51035N51035,"Carroll County-Galax city, VA HUD Nonmetro FMR Area",476,516,571,682,751,VA,36082
51,NCNTY51037N51037,"Charlotte County, VA",508,533,610,767,924,VA,12472
51,NCNTY51047N51047,"Culpeper County, VA",681,699,854,1035,1079,VA,34262
51,NCNTY51051N51051,"Dickenson County, VA",476,497,571,723,745,VA,16395
51,NCNTY51057N51057,"Essex County, VA",523,602,733,1009,1042,VA,9989
51,NCNTY51063N51063,"Floyd County, VA",567,618,684,952,1203,VA,13874
51,NCNTY51077N51077,"Grayson County, VA",474,495,571,726,838,VA,17917
51,NCNTY51081N51081,"Greensville County-Emporia city, VA HUD Nonmetro FMR Area",501,549,610,741,1071,VA,17225
51,NCNTY51083N51083,"Halifax County, VA",372,516,571,753,994,VA,37355
51,NCNTY51089N51089,"Henry County-Martinsville city, VA HUD Nonmetro FMR Area",476,476,571,737,873,VA,73346
51,NCNTY51091N51091,"Highland County, VA",503,538,672,946,1106,VA,2536
51,NCNTY51099N51099,"King George County, VA",680,681,817,1176,1211,VA,16803
51,NCNTY51103N51103,"Lancaster County, VA",525,603,733,915,973,VA,11567
51,NCNTY51105N51105,"Lee County, VA",369,485,571,756,777,VA,23589
51,NCNTY51111N51111,"Lunenburg County, VA",501,545,623,809,1060,VA,13146
51,NCNTY51113N51113,"Madison County, VA",531,605,717,1015,1158,VA,12520
51,NCNTY51117N51117,"Mecklenburg County, VA",396,491,609,749,946,VA,32380
51,NCNTY51119N51119,"Middlesex County, VA",525,603,733,913,973,VA,9932
51,NCNTY51131N51131,"Northampton County, VA",525,603,733,913,973,VA,13093
51,NCNTY51133N51133,"Northumberland County, VA",525,603,733,913,973,VA,12259
51,NCNTY51135N51135,"Nottoway County, VA",508,533,610,856,924,VA,15725
51,NCNTY51137N51137,"Orange County, VA",474,651,727,1058,1257,VA,25881
51,NCNTY51139N51139,"Page County, VA",407,475,625,818,842,VA,23177
51,NCNTY51141N51141,"Patrick County, VA",474,516,571,695,834,VA,19407
51,NCNTY51147N51147,"Prince Edward County, VA",582,583,700,839,1079,VA,19720
51,NCNTY51157N51157,"Rappahannock County, VA",531,605,717,1015,1158,VA,6983
51,NCNTY51159N51159,"Richmond County, VA",525,603,733,913,973,VA,8809
51,NCNTY51163N51163,"Rockbridge County-Buena Vista city-Lexington city, VA HUD Nonmetro FMR Area",448,525,614,861,1078,VA,34024
51,NCNTY51167N51167,"Russell County, VA",372,481,571,698,719,VA,30308
51,NCNTY51171N51171,"Shenandoah County, VA",479,539,642,880,923,VA,35075
51,NCNTY51173N51173,"Smyth County, VA",472,513,571,713,903,VA,33081
51,NCNTY51175N51175,"Southampton County-Franklin city, VA HUD Nonmetro FMR Area",443,611,677,835,1192,VA,25828
51,NCNTY51185N51185,"Tazewell County, VA",475,476,571,725,843,VA,44598
51,NCNTY51193N51193,"Westmoreland County, VA",524,603,789,1057,1087,VA,16718
51,NCNTY51195N51195,"Wise County-Norton city, VA HUD Nonmetro FMR Area",475,475,571,713,870,VA,44027
51,NCNTY51197N51197,"Wythe County, VA",389,491,596,779,1050,VA,27599
53,METRO13380M13380,"Bellingham, WA MSA",613,678,849,1240,1465,WA,166814
53,METRO14740M14740,"Bremerton-Silverdale, WA MSA",724,777,945,1347,1496,WA,231969
53,METRO28420M28420,"Kennewick-Pasco-Richland, WA MSA",550,605,752,1029,1197,WA,191822
53,METRO30300M30300,"Lewiston, ID-WA MSA",523,543,685,945,1140,WA,20551
53,METRO31020M31020,"Longview, WA MSA",485,607,695,1013,1141,WA,92948
53,METRO34580M34580,"Mount Vernon-Anacortes, WA MSA",671,758,961,1332,1579,WA,102979
53,METRO36500M36500,"Olympia, WA MSA",653,737,918,1322,1613,WA,207355
53,METRO38900M38900,"Portland-Vancouver-Beaverton, OR-WA MSA",651,756,867,1261,1522,WA,355110
53,METRO42660MM7600,"Seattle-Bellevue, WA HUD Metro FMR Area",818,933,1124,1602,1974,WA,2343058
53,METRO42660MM8200,"Tacoma, WA HUD Metro FMR Area",665,776,968,1410,1587,WA,700820
53,METRO44060M44060,"Spokane, WA MSA",480,557,734,999,1171,WA,417939
53,METRO48300M48300,"Wenatchee-East Wenatchee, WA MSA",562,607,752,1035,1219,WA,99219
53,METRO49420M49420,"Yakima, WA MSA",527,622,787,1050,1192,WA,222581
53,NCNTY53001N53001,"Adams County, WA",462,533,673,890,946,WA,16428
53,NCNTY53009N53009,"Clallam County, WA",561,635,835,1219,1288,WA,64525
53,NCNTY53013N53013,"Columbia County, WA",461,533,690,958,1116,WA,4064
53,NCNTY53019N53019,"Ferry County, WA",462,530,673,890,946,WA,7260
53,NCNTY53023N53023,"Garfield County, WA",461,533,690,958,1116,WA,2397
53,NCNTY53025N53025,"Grant County, WA",477,549,690,944,969,WA,74698
53,NCNTY53027N53027,"Grays Harbor County, WA",452,548,695,1013,1042,WA,67194
53,NCNTY53029N53029,"Island County, WA",786,788,997,1451,1751,WA,71558
53,NCNTY53031N53031,"Jefferson County, WA",574,680,883,1287,1324,WA,25953
53,NCNTY53037N53037,"Kittitas County, WA",505,588,775,1052,1083,WA,33362
53,NCNTY53039N53039,"Klickitat County, WA",590,594,712,980,1252,WA,19161
53,NCNTY53041N53041,"Lewis County, WA",513,625,749,1011,1067,WA,68600
53,NCNTY53043N53043,"Lincoln County, WA",462,530,673,890,946,WA,10184
53,NCNTY53045N53045,"Mason County, WA",638,649,769,1067,1269,WA,49405
53,NCNTY53047N53047,"Okanogan County, WA",483,579,660,923,977,WA,39564
53,NCNTY53049N53049,"Pacific County, WA",502,528,695,947,1023,WA,20984
53,NCNTY53051N53051,"Pend Oreille County, WA",462,530,673,890,946,WA,11732
53,NCNTY53055N53055,"San Juan County, WA",676,743,942,1343,1581,WA,14077
53,NCNTY53065N53065,"Stevens County, WA",437,511,672,915,1050,WA,40066
53,NCNTY53069N53069,"Wahkiakum County, WA",492,605,701,1023,1166,WA,3824
53,NCNTY53071N53071,"Walla Walla County, WA",452,528,695,1001,1033,WA,55180
53,NCNTY53075N53075,"Whitman County, WA",479,539,689,970,1206,WA,40740
54,METRO16620M16620,"Charleston, WV HUD Metro FMR Area",551,553,678,893,929,WV,284100
54,METRO16620N54005,"Boone County, WV HUD Metro FMR Area",354,451,543,670,724,WV,25535
54,METRO19060M19060,"Cumberland, MD-WV MSA",461,523,625,824,1034,WV,27078
54,METRO25180MM0877,"Martinsburg, WV HUD Metro FMR Area",601,640,777,1031,1185,WV,90848
54,METRO26580M26580,"Huntington-Ashland, WV-KY-OH MSA",434,518,624,776,840,WV,139687
54,METRO34060M34060,"Morgantown, WV MSA",502,547,657,881,965,WV,111200
54,METRO37620M37620,"Parkersburg-Marietta-Vienna, WV-OH MSA",464,486,616,825,894,WV,101373
54,METRO47900MM3630,"Jefferson County, WV HUD Metro FMR Area",536,714,822,1201,1444,WV,42190
54,METRO48260M48260,"Weirton-Steubenville, WV-OH MSA",409,471,596,749,783,WV,58114
54,METRO48540M48540,"Wheeling, WV-OH MSA",381,465,588,753,880,WV,82946
54,METRO49020M49020,"Winchester, VA-WV MSA",568,609,804,1118,1151,WV,20203
54,NCNTY54001N54001,"Barbour County, WV",398,441,550,716,787,WV,15557
54,NCNTY54007N54007,"Braxton County, WV",398,441,550,716,787,WV,14702
54,NCNTY54013N54013,"Calhoun County, WV",403,504,604,795,902,WV,7582
54,NCNTY54017N54017,"Doddridge County, WV",420,507,597,737,841,WV,7403
54,NCNTY54019N54019,"Fayette County, WV",467,469,571,723,769,WV,47579
54,NCNTY54021N54021,"Gilmer County, WV",398,441,550,716,787,WV,7160
54,NCNTY54023N54023,"Grant County, WV",512,574,657,902,1080,WV,11299
54,NCNTY54025N54025,"Greenbrier County, WV",434,521,577,694,878,WV,34453
54,NCNTY54031N54031,"Hardy County, WV",512,574,657,902,1080,WV,12669
54,NCNTY54033N54033,"Harrison County, WV",488,489,587,767,797,WV,68652
54,NCNTY54035N54035,"Jackson County, WV",403,504,604,795,902,WV,28000
54,NCNTY54041N54041,"Lewis County, WV",412,473,543,671,690,WV,16919
54,NCNTY54045N54045,"Logan County, WV",377,480,556,681,699,WV,37710
54,NCNTY54047N54047,"McDowell County, WV",446,462,543,736,911,WV,27329
54,NCNTY54049N54049,"Marion County, WV",411,523,631,760,902,WV,56598
54,NCNTY54053N54053,"Mason County, WV",450,451,543,675,785,WV,25957
54,NCNTY54055N54055,"Mercer County, WV",435,464,548,755,938,WV,62980
54,NCNTY54059N54059,"Mingo County, WV",353,482,543,689,913,WV,28253
54,NCNTY54063N54063,"Monroe County, WV",467,508,563,722,744,WV,14583
54,NCNTY54067N54067,"Nicholas County, WV",464,481,559,729,752,WV,26562
54,NCNTY54071N54071,"Pendleton County, WV",511,573,663,902,1080,WV,8196
54,NCNTY54075N54075,"Pocahontas County, WV",469,490,564,718,813,WV,9131
54,NCNTY54081N54081,"Raleigh County, WV",479,518,576,756,781,WV,79220
54,NCNTY54083N54083,"Randolph County, WV",430,442,582,734,756,WV,28262
54,NCNTY54085N54085,"Ritchie County, WV",403,504,604,795,902,WV,10343
54,NCNTY54087N54087,"Roane County, WV",403,504,604,795,902,WV,15446
54,NCNTY54089N54089,"Summers County, WV",467,508,563,722,744,WV,12999
54,NCNTY54091N54091,"Taylor County, WV",420,507,597,730,841,WV,16089
54,NCNTY54093N54093,"Tucker County, WV",398,441,550,716,787,WV,7321
54,NCNTY54095N54095,"Tyler County, WV",403,504,604,795,902,WV,9592
54,NCNTY54097N54097,"Upshur County, WV",372,468,572,760,784,WV,23404
54,NCNTY54101N54101,"Webster County, WV",469,490,564,718,813,WV,9719
54,NCNTY54103N54103,"Wetzel County, WV",367,441,563,678,709,WV,17693
54,NCNTY54109N54109,"Wyoming County, WV",446,462,543,736,911,WV,25708
55,METRO11540M11540,"Appleton, WI MSA",544,568,721,1051,1082,WI,201602
55,METRO16980MM3800,"Kenosha County, WI HUD Metro FMR Area",710,713,888,1205,1376,WI,149577
55,METRO20260M20260,"Duluth, MN-WI MSA",447,539,685,870,1054,WI,43287
55,METRO20740M20740,"Eau Claire, WI MSA",495,522,663,923,1038,WI,148337
55,METRO22540M22540,"Fond du Lac, WI MSA",524,570,682,877,956,WI,97296
55,METRO24580M24580,"Green Bay, WI HUD Metro FMR Area",568,592,740,1046,1078,WI,246965
55,METRO24580N55083,"Oconto County, WI HUD Metro FMR Area",463,551,610,789,815,WI,35634
55,METRO27500M27500,"Janesville, WI MSA",552,610,765,997,1024,WI,152307
55,METRO29100M29100,"La Crosse, WI-MN MSA",436,508,670,911,1175,WI,107120
55,METRO31540M31540,"Madison, WI HUD Metro FMR Area",647,802,951,1316,1646,WI,426526
55,METRO31540N55021,"Columbia County, WI HUD Metro FMR Area",526,625,810,1118,1153,WI,52468
55,METRO31540N55049,"Iowa County, WI HUD Metro FMR Area",518,604,795,951,979,WI,22780
55,METRO33340M33340,"Milwaukee-Waukesha-West Allis, WI MSA",602,718,858,1081,1114,WI,1500741
55,METRO33460M33460,"Minneapolis-St. Paul-Bloomington, MN-WI MSA",659,772,939,1243,1403,WI,99959
55,METRO36780M36780,"Oshkosh-Neenah, WI MSA",505,574,679,909,1151,WI,156763
55,METRO39540M39540,"Racine, WI MSA",523,629,780,973,1050,WI,188831
55,METRO43100M43100,"Sheboygan, WI MSA",461,559,662,846,1021,WI,112646
55,METRO48140M48140,"Wausau, WI MSA",464,554,675,902,987,WI,125834
55,NCNTY55001N55001,"Adams County, WI",465,512,635,829,855,WI,18643
55,NCNTY55003N55003,"Ashland County, WI",440,455,588,763,972,WI,16866
55,NCNTY55005N55005,"Barron County, WI",438,501,598,784,806,WI,44963
55,NCNTY55007N55007,"Bayfield County, WI",424,483,588,760,807,WI,15013
55,NCNTY55011N55011,"Buffalo County, WI",452,499,631,804,826,WI,13804
55,NCNTY55013N55013,"Burnett County, WI",421,479,589,754,800,WI,15674
55,NCNTY55019N55019,"Clark County, WI",382,470,588,813,837,WI,33557
55,NCNTY55023N55023,"Crawford County, WI",489,520,588,737,864,WI,17243
55,NCNTY55027N55027,"Dodge County, WI",606,607,747,930,1015,WI,85897
55,NCNTY55029N55029,"Door County, WI",447,607,687,912,1010,WI,27961
55,NCNTY55033N55033,"Dunn County, WI",472,505,634,924,949,WI,39858
55,NCNTY55037N55037,"Florence County, WI",423,501,615,779,834,WI,5088
55,NCNTY55041N55041,"Forest County, WI",465,512,635,829,855,WI,10024
55,NCNTY55043N55043,"Grant County, WI",489,490,588,787,1031,WI,49597
55,NCNTY55045N55045,"Green County, WI",441,488,646,812,960,WI,33647
55,NCNTY55047N55047,"Green Lake County, WI",440,519,603,851,1002,WI,19105
55,NCNTY55051N55051,"Iron County, WI",424,483,588,760,807,WI,6861
55,NCNTY55053N55053,"Jackson County, WI",452,499,631,804,826,WI,19100
55,NCNTY55055N55055,"Jefferson County, WI",538,630,830,994,1195,WI,74021
55,NCNTY55057N55057,"Juneau County, WI",409,508,628,825,851,WI,24316
55,NCNTY55065N55065,"Lafayette County, WI",474,477,617,797,974,WI,16137
55,NCNTY55067N55067,"Langlade County, WI",467,482,588,776,809,WI,20740
55,NCNTY55069N55069,"Lincoln County, WI",505,507,606,882,908,WI,29641
55,NCNTY55071N55071,"Manitowoc County, WI",421,490,647,774,968,WI,82887
55,NCNTY55075N55075,"Marinette County, WI",489,530,588,776,800,WI,43384
55,NCNTY55077N55077,"Marquette County, WI",504,539,649,846,903,WI,15832
55,NCNTY55078N55078,"Menominee County, WI",504,539,649,846,903,WI,4562
55,NCNTY55081N55081,"Monroe County, WI",422,492,648,827,949,WI,40899
55,NCNTY55085N55085,"Oneida County, WI",441,537,658,867,1156,WI,36776
55,NCNTY55091N55091,"Pepin County, WI",452,499,631,804,826,WI,7213
55,NCNTY55095N55095,"Polk County, WI",465,543,713,915,967,WI,41319
55,NCNTY55097N55097,"Portage County, WI",541,545,656,874,899,WI,67182
55,NCNTY55099N55099,"Price County, WI",424,483,588,760,807,WI,15822
55,NCNTY55103N55103,"Richland County, WI",423,475,593,764,787,WI,17924
55,NCNTY55107N55107,"Rusk County, WI",424,483,588,760,807,WI,15347
55,NCNTY55111N55111,"Sauk County, WI",469,626,722,980,1011,WI,55225
55,NCNTY55113N55113,"Sawyer County, WI",424,501,588,760,807,WI,16196
55,NCNTY55115N55115,"Shawano County, WI",431,480,593,773,831,WI,40664
55,NCNTY55119N55119,"Taylor County, WI",424,483,588,760,807,WI,19680
55,NCNTY55121N55121,"Trempealeau County, WI",487,489,588,807,832,WI,27010
55,NCNTY55123N55123,"Vernon County, WI",449,462,588,728,768,WI,28056
55,NCNTY55125N55125,"Vilas County, WI",464,512,654,851,876,WI,21033
55,NCNTY55127N55127,"Walworth County, WI",543,655,834,1025,1075,WI,93759
55,NCNTY55129N55129,"Washburn County, WI",424,483,588,760,807,WI,16036
55,NCNTY55135N55135,"Waupaca County, WI",417,529,639,825,849,WI,51731
55,NCNTY55137N55137,"Waushara County, WI",504,539,649,846,903,WI,23154
55,NCNTY55141N55141,"Wood County, WI",440,499,623,769,801,WI,75555
56,METRO16220M16220,"Casper, WY MSA",514,557,704,1025,1236,WY,66533
56,METRO16940M16940,"Cheyenne, WY MSA",580,622,779,1112,1367,WY,81607
56,NCNTY56001N56001,"Albany County, WY",553,619,782,1086,1117,WY,32014
56,NCNTY56003N56003,"Big Horn County, WY",539,566,679,898,1044,WY,11461
56,NCNTY56005N56005,"Campbell County, WY",602,647,726,987,1138,WY,33698
56,NCNTY56007N56007,"Carbon County, WY",416,495,639,812,1123,WY,15639
56,NCNTY56009N56009,"Converse County, WY",390,478,597,871,1053,WY,12052
56,NCNTY56011N56011,"Crook County, WY",539,566,679,898,1044,WY,5887
56,NCNTY56013N56013,"Fremont County, WY",517,519,672,842,1062,WY,35804
56,NCNTY56015N56015,"Goshen County, WY",510,511,617,764,1023,WY,12538
56,NCNTY56017N56017,"Hot Springs County, WY",539,566,679,898,1044,WY,4882
56,NCNTY56019N56019,"Johnson County, WY",538,564,686,897,1041,WY,7075
56,NCNTY56023N56023,"Lincoln County, WY",622,647,749,968,1225,WY,14573
56,NCNTY56027N56027,"Niobrara County, WY",539,566,679,898,1044,WY,2407
56,NCNTY56029N56029,"Park County, WY",491,581,694,894,1212,WY,25786
56,NCNTY56031N56031,"Platte County, WY",539,566,679,898,1044,WY,8807
56,NCNTY56033N56033,"Sheridan County, WY",528,589,735,955,1166,WY,26560
56,NCNTY56035N56035,"Sublette County, WY",623,647,750,968,1225,WY,5920
56,NCNTY56037N56037,"Sweetwater County, WY",533,679,824,1076,1153,WY,37613
56,NCNTY56039N56039,"Teton County, WY",943,1018,1313,1711,1763,WY,18251
56,NCNTY56041N56041,"Uinta County, WY",511,654,768,1058,1189,WY,19742
56,NCNTY56043N56043,"Washakie County, WY",539,566,679,898,1044,WY,8289
56,NCNTY56045N56045,"Weston County, WY",539,566,679,898,1044,WY,6644
66,NCNTY66010N66010,Pacific Islands,858,929,1112,1621,1954,GU,154805
72,METRO10380M10380,"Aguadilla-Isabela-San Sebastián, PR MSA",342,370,411,522,640,PR,312602
72,METRO21940M21940,"Fajardo, PR MSA",428,466,516,751,876,PR,78533
72,METRO25020M25020,"Guayama, PR MSA",406,436,487,672,857,PR,83570
72,METRO32420M32420,"Mayagüez, PR MSA",387,419,466,557,770,PR,115048
72,METRO38660M38660,"Ponce, PR MSA",438,474,526,750,849,PR,264919
72,METRO41900M41900,"San Germán-Cabo Rojo, PR MSA",352,383,425,558,583,PR,136212
72,METRO41980MM0470,"Arecibo, PR HUD Metro FMR Area",354,386,428,580,667,PR,174300
72,METRO41980MM1310,"Caguas, PR HUD Metro FMR Area",404,438,487,644,761,PR,308365
72,METRO41980MM7440,"San Juan-Guaynabo, PR HUD Metro FMR Area",488,530,590,780,940,PR,1889094
72,METRO41980N72923,"Barranquitas-Aibonito-Quebradillas, PR HUD Metro FMR Area",342,368,410,526,597,PR,137248
72,METRO49500M49500,"Yauco, PR MSA",348,367,419,514,635,PR,118063
72,NCNTY72923N72923,Puerto Rico HUD Nonmetro Area,378,408,454,601,642,PR,190656
78,NCNTY78010N78010,"St. Croix Island, VI",625,656,785,1013,1201,VI,53234
78,NCNTY78923N78923,"St. John/St. Thomas, VI",706,844,1088,1381,1423,VI,55378
