hud_area_code,hud_areaname,rent_50_0,rent_50_1,rent_50_2,rent_50_3,rent_50_4
METRO10180M10180,"Abilene, TX MSA",1006,1013,1287,1675,2025
METRO10380M10380,"Aguadilla-Isabela, PR MSA",515,518,592,720,802
METRO10420M10420,"Akron, OH MSA",860,948,1218,1505,1620
METRO10500M10500,"Albany, GA MSA",999,1027,1165,1576,1894
METRO10540M10540,"Albany, OR MSA",1059,1273,1544,2071,2425
METRO10580M10580,"Albany-Schenectady-Troy, NY MSA",1162,1331,1609,1939,2133
METRO10740M10740,"Albuquerque, NM MSA",987,1173,1440,2018,2389
METRO10780M10780,"Alexandria, LA MSA",754,809,1062,1438,1606
METRO10900M10900,"Allentown-Bethlehem-Easton, PA HUD Metro FMR Area",1121,1316,1635,2088,2176
METRO10900MM5640,"Warren County, NJ HUD Metro FMR Area",1511,1519,1839,2355,2752
METRO11020M11020,"Altoona, PA MSA",786,952,1146,1443,1652
METRO11100M11100,"Amarillo, TX HUD Metro FMR Area",876,1026,1248,1716,1991
METRO11100N48359,"Oldham County, TX HUD Metro FMR Area",854,1000,1216,1515,1940
METRO11180M11180,"Ames, IA HUD Metro FMR Area",939,1021,1133,1583,1903
METRO11180M19015,"Boone County, IA HUD Metro FMR Area",740,744,963,1349,1362
METRO11260M11260,"Anchorage, AK HUD Metro FMR Area",1157,1265,1660,2326,2788
METRO11260N02170,"Matanuska-Susitna Borough, AK HUD Metro FMR Area",1075,1114,1461,2047,2453
METRO11460M11460,"Ann Arbor, MI MSA",1433,1453,1735,2090,2300
METRO11500M11500,"Anniston-Oxford-Jacksonville, AL MSA",771,776,1001,1377,1483
METRO11540M11540,"Appleton, WI MSA",827,930,1188,1642,1679
METRO11640M11640,"Arecibo, PR MSA",488,491,561,772,855
METRO11700M11700,"Asheville, NC HUD Metro FMR Area",1286,1453,1609,2006,2702
METRO11700N37087,"Haywood County, NC HUD Metro FMR Area",1075,1202,1331,1604,1890
METRO12020M12020,"Athens-Clarke County, GA MSA",1163,1208,1337,1776,1883
METRO12060M12060,"Atlanta-Sandy Springs-Roswell, GA HUD Metro FMR Area",1745,1813,2007,2418,2910
METRO12060N13035,"Butts County, GA HUD Metro FMR Area",1045,1052,1255,1688,2007
METRO12060N13143,"Haralson County, GA HUD Metro FMR Area",860,866,1136,1479,1908
METRO12060N13171,"Lamar County, GA HUD Metro FMR Area",848,854,1120,1479,1485
METRO12060N13199,"Meriwether County, GA HUD Metro FMR Area",872,878,1152,1614,1653
METRO12060N13211,"Morgan County, GA HUD Metro FMR Area",1060,1067,1400,1687,2351
METRO12100M12100,"Atlantic City-Hammonton, NJ MSA",1369,1561,1898,2660,2930
METRO12220M12220,"Auburn-Opelika, AL MSA",898,1073,1242,1624,1735
METRO12260M12260,"Augusta-Richmond County, GA-SC HUD Metro FMR Area",932,1115,1261,1658,2028
METRO12260N13181,"Lincoln County, GA HUD Metro FMR Area",733,754,989,1268,1311
METRO12420M12420,"Austin-Round Rock, TX MSA",1674,1783,2106,2684,3114
METRO12540M12540,"Bakersfield, CA MSA",1141,1149,1489,2086,2500
METRO12580M12580,"Baltimore-Columbia-Towson, MD MSA",1534,1749,2142,2757,3080
METRO12620MM0730,"Bangor, ME HUD Metro FMR Area",1088,1172,1498,1920,1989
METRO12620N23019,"Penobscot County, ME (part) HUD Metro FMR Area",908,954,1251,1576,1867
METRO12700M12700,"Barnstable Town, MA MSA",1858,1910,2506,3075,3534
METRO12940M12940,"Baton Rouge, LA HUD Metro FMR Area",1148,1168,1320,1650,2185
METRO12940M22007,"Assumption Parish, LA HUD Metro FMR Area",836,862,961,1347,1590
METRO12940N22047,"Iberville Parish, LA HUD Metro FMR Area",785,816,903,1265,1516
METRO12980M12980,"Battle Creek, MI MSA",833,964,1169,1408,1600
METRO13020M13020,"Bay City, MI MSA",835,841,1067,1427,1537
METRO13140M13140,"Beaumont-Port Arthur, TX MSA",975,981,1187,1558,1787
METRO13220N54019,"Fayette County, WV HUD Metro FMR Area",632,703,922,1227,1548
METRO13220N54081,"Raleigh County, WV HUD Metro FMR Area",744,749,983,1351,1464
METRO13380M13380,"Bellingham, WA MSA",1435,1470,1748,2449,2935
METRO13460M13460,"Bend-Redmond, OR MSA",1389,1424,1802,2525,3026
METRO13740M13740,"Billings, MT HUD Metro FMR Area",977,1025,1325,1822,2050
METRO13740M30095,"Stillwater County, MT HUD Metro FMR Area",815,863,1132,1585,1901
METRO13780M13780,"Binghamton, NY MSA",926,1002,1267,1635,1868
METRO13820M13820,"Birmingham-Hoover, AL HUD Metro FMR Area",1094,1254,1389,1736,1964
METRO13820N01021,"Chilton County, AL HUD Metro FMR Area",746,751,970,1325,1330
METRO13900M13900,"Bismarck, ND MSA",883,978,1091,1529,1832
METRO13980M13980,"Blacksburg-Christiansburg-Radford, VA HUD Metro FMR Area",1003,1049,1335,1786,2242
METRO13980N51071,"Giles County, VA HUD Metro FMR Area",791,902,999,1245,1586
METRO13980N51155,"Pulaski County, VA HUD Metro FMR Area",793,904,1001,1366,1681
METRO14010M14010,"Bloomington, IL MSA",820,890,1150,1519,1525
METRO14020MM1020,"Bloomington, IN HUD Metro FMR Area",1032,1164,1318,1744,2076
METRO14020N18119,"Owen County, IN HUD Metro FMR Area",762,767,1006,1249,1669
METRO14100N42037,"Columbia County, PA HUD Metro FMR Area",772,921,1126,1357,1591
METRO14100N42093,"Montour County, PA HUD Metro FMR Area",924,1095,1348,1889,2234
METRO14260M14260,"Boise City, ID HUD Metro FMR Area",1390,1640,1965,2753,3293
METRO14260N16045,"Gem County, ID HUD Metro FMR Area",981,1067,1400,1883,2214
METRO14460MM1120,"Boston-Cambridge-Quincy, MA-NH HUD Metro FMR Area",2380,2517,2983,3594,3955
METRO14460MM1200,"Brockton, MA HUD Metro FMR Area",1741,1789,2335,2958,3199
METRO14460MM4160,"Lawrence, MA-NH HUD Metro FMR Area",1461,1625,2130,2566,2824
METRO14460MM4560,"Lowell, MA HUD Metro FMR Area",1662,1847,2423,2919,3212
METRO14460MM4760,"Western Rockingham County, NH HUD Metro FMR Area",1645,1656,2172,3044,3164
METRO14460MM6450,"Portsmouth-Rochester, NH HUD Metro FMR Area",1608,1653,2137,2647,2995
METRO14500M14500,"Boulder, CO MSA",1576,1830,2214,2908,3325
METRO14540M14540,"Bowling Green, KY HUD Metro FMR Area",927,1045,1234,1487,1886
METRO14540N21003,"Allen County, KY HUD Metro FMR Area",793,809,1062,1279,1581
METRO14540N21031,"Butler County, KY HUD Metro FMR Area",648,661,867,1215,1368
METRO14740M14740,"Bremerton-Silverdale, WA MSA",1518,1688,2214,2890,3325
METRO14860MM1160,"Bridgeport, CT HUD Metro FMR Area",1462,1704,2132,2644,3076
METRO14860MM1930,"Danbury, CT HUD Metro FMR Area",1644,2015,2397,3045,3302
METRO14860MM8040,"Stamford-Norwalk, CT HUD Metro FMR Area",1963,2382,2862,3483,3883
METRO15180M15180,"Brownsville-Harlingen, TX MSA",709,806,1010,1347,1395
METRO15260M15260,"Brunswick, GA MSA",1071,1167,1370,1704,2106
METRO15380M15380,"Buffalo-Cheektowaga-Niagara Falls, NY MSA",1031,1066,1253,1532,1732
METRO15500M15500,"Burlington, NC MSA",937,1186,1313,1652,1948
METRO15540M15540,"Burlington-South Burlington, VT MSA",1490,1593,2090,2690,2771
METRO15680M15680,"California-Lexington Park, MD MSA",1604,1744,1966,2453,3026
METRO15940M15940,"Canton-Massillon, OH MSA",704,793,1027,1290,1362
METRO15980M15980,"Cape Coral-Fort Myers, FL MSA",1601,1611,1996,2623,2914
METRO16020M16020,"Cape Girardeau, MO-IL MSA",802,853,1058,1483,1777
METRO16060M17087,"Johnson County, IL HUD Metro FMR Area",648,775,945,1257,1587
METRO16060N17077,"Jackson County, IL HUD Metro FMR Area",719,827,1049,1370,1393
METRO16060N17199,"Williamson County, IL HUD Metro FMR Area",827,845,1109,1526,1656
METRO16180M16180,"Carson City, NV MSA",1088,1222,1562,2189,2623
METRO16220M16220,"Casper, WY MSA",800,919,1125,1576,1868
METRO16300M16300,"Cedar Rapids, IA HUD Metro FMR Area",736,819,1074,1505,1804
METRO16300N19011,"Benton County, IA HUD Metro FMR Area",636,707,927,1205,1357
METRO16300N19105,"Jones County, IA HUD Metro FMR Area",601,696,877,1158,1163
METRO16540M16540,"Chambersburg-Waynesboro, PA MSA",1030,1065,1298,1731,1962
METRO16580M16580,"Champaign-Urbana, IL MSA",959,965,1146,1491,1519
METRO16620M16620,"Charleston, WV HUD Metro FMR Area",763,903,1113,1432,1476
METRO16620M54035,"Jackson County, WV HUD Metro FMR Area",616,726,889,1176,1213
METRO16620M54043,"Lincoln County, WV HUD Metro FMR Area",648,772,935,1126,1240
METRO16620N54005,"Boone County, WV HUD Metro FMR Area",615,742,888,1225,1491
METRO16700M16700,"Charleston-North Charleston, SC MSA",1722,1788,1980,2453,2886
METRO16740M16740,"Charlotte-Concord-Gastonia, NC-SC HUD Metro FMR Area",1733,1800,1993,2458,3117
METRO16740M37007,"Anson County, NC HUD Metro FMR Area",881,979,1285,1548,1826
METRO16740N37097,"Iredell County, NC HUD Metro FMR Area",1338,1390,1539,2117,2584
METRO16740N37109,"Lincoln County, NC HUD Metro FMR Area",1105,1148,1271,1761,1879
METRO16740N37159,"Rowan County, NC HUD Metro FMR Area",1109,1116,1365,1796,2292
METRO16740N45023,"Chester County, SC HUD Metro FMR Area",911,917,1147,1607,1757
METRO16740N45057,"Lancaster County, SC HUD Metro FMR Area",1049,1075,1207,1649,1815
METRO16820M16820,"Charlottesville, VA MSA",1565,1658,1927,2402,2921
METRO16860M16860,"Chattanooga, TN-GA MSA",1326,1383,1536,1935,2092
METRO16940M16940,"Cheyenne, WY MSA",836,964,1219,1708,2047
METRO16980M16980,"Chicago-Joliet-Naperville, IL HUD Metro FMR Area",1611,1723,1945,2498,2935
METRO16980MM2050,"DeKalb County, IL HUD Metro FMR Area",1013,1127,1478,2013,2482
METRO16980MM2960,"Gary, IN HUD Metro FMR Area",925,1059,1287,1586,1706
METRO16980MM3170,"Grundy County, IL HUD Metro FMR Area",1103,1214,1593,2108,2116
METRO16980MM3780,"Kendall County, IL HUD Metro FMR Area",1624,1635,2145,3006,3105
METRO16980MM3800,"Kenosha County, WI HUD Metro FMR Area",1186,1193,1554,2088,2380
METRO16980N18073,"Jasper County, IN HUD Metro FMR Area",915,922,1209,1583,1603
METRO17020M17020,"Chico, CA MSA",1147,1209,1573,2204,2641
METRO17140M17140,"Cincinnati, OH-KY-IN  HUD Metro FMR Area",957,1075,1394,1848,2042
METRO17140M18047,"Franklin County, IN HUD Metro FMR Area",761,840,1102,1456,1461
METRO17140MM1220,"Brown County, OH HUD Metro FMR Area",785,790,1024,1376,1674
METRO17140MM3020,"Grant County, KY HUD Metro FMR Area",789,882,1142,1376,1663
METRO17140N18161,"Union County, IN HUD Metro FMR Area",759,837,1098,1438,1757
METRO17300M17300,"Clarksville, TN-KY HUD Metro FMR Area",971,1035,1303,1826,2188
METRO17300M47161,"Stewart County, TN HUD Metro FMR Area",649,752,947,1327,1583
METRO17420M17420,"Cleveland, TN MSA",888,987,1295,1689,1717
METRO17460M17460,"Cleveland-Elyria, OH MSA",936,1058,1284,1651,1772
METRO17660M17660,"Coeur d'Alene, ID MSA",1097,1343,1600,2242,2687
METRO17780M17780,"College Station-Bryan, TX MSA",1110,1170,1295,1815,2001
METRO17820M17820,"Colorado Springs, CO HUD Metro FMR Area",1315,1588,1918,2688,3071
METRO17820N08119,"Teller County, CO HUD Metro FMR Area",1090,1435,1589,2227,2668
METRO17860M17860,"Columbia, MO HUD Metro FMR Area",728,910,1062,1434,1689
METRO17860M29053,"Cooper County, MO HUD Metro FMR Area",595,662,868,1081,1455
METRO17860M29089,"Howard County, MO HUD Metro FMR Area",640,712,934,1125,1238
METRO17900M17900,"Columbia, SC HUD Metro FMR Area",1152,1270,1406,1794,2156
METRO17900N45055,"Kershaw County, SC HUD Metro FMR Area",836,841,1038,1251,1412
METRO17980M13259,"Stewart County, GA HUD Metro FMR Area",790,838,989,1192,1311
METRO17980M13263,"Talbot County, GA HUD Metro FMR Area",951,1009,1191,1669,1909
METRO17980M17980,"Columbus, GA-AL HUD Metro FMR Area",952,1010,1194,1577,1919
METRO18020M18020,"Columbus, IN MSA",1183,1229,1361,1650,1907
METRO18140M18140,"Columbus, OH HUD Metro FMR Area",1188,1285,1555,1873,2087
METRO18140N39073,"Hocking County, OH HUD Metro FMR Area",730,735,964,1310,1314
METRO18140N39127,"Perry County, OH HUD Metro FMR Area",760,765,1003,1216,1340
METRO18140N39159,"Union County, OH HUD Metro FMR Area",1158,1177,1512,1822,2005
METRO18580M18580,"Corpus Christi, TX MSA",1119,1200,1479,1932,2255
METRO18700M18700,"Corvallis, OR MSA",1291,1376,1767,2476,2677
METRO18880M18880,"Crestview-Fort Walton Beach-Destin, FL HUD Metro FMR Area",1319,1514,1702,2366,2858
METRO18880N12131,"Walton County, FL HUD Metro FMR Area",1117,1282,1419,1988,2383
METRO19060M19060,"Cumberland, MD-WV MSA",677,771,964,1267,1434
METRO19100M19100,"Dallas, TX HUD Metro FMR Area",1659,1741,2042,2559,3287
METRO19100MM2800,"Fort Worth-Arlington, TX HUD Metro FMR Area",1482,1580,1843,2439,2975
METRO19100N48497,"Wise County, TX HUD Metro FMR Area",1044,1079,1282,1796,2048
METRO19140M19140,"Dalton, GA HUD Metro FMR Area",798,887,1164,1518,1762
METRO19140N13213,"Murray County, GA HUD Metro FMR Area",729,872,1051,1473,1579
METRO19180M19180,"Danville, IL MSA",723,804,1055,1288,1424
METRO19300M19300,"Daphne-Fairhope-Foley, AL MSA",1079,1158,1381,1721,2192
METRO19340M19340,"Davenport-Moline-Rock Island, IA-IL MSA",752,883,1090,1421,1679
METRO19430M19430,"Dayton-Kettering, OH MSA",835,904,1153,1488,1645
METRO19460M19460,"Decatur, AL MSA",763,794,969,1275,1528
METRO19500M19500,"Decatur, IL MSA",800,839,1045,1378,1628
METRO19660M19660,"Deltona-Daytona Beach-Ormond Beach, FL HUD Metro FMR Area",1264,1507,1844,2425,2602
METRO19660M37380,"Palm Coast, FL HUD Metro FMR Area",1447,1457,1852,2537,2963
METRO19740M19740,"Denver-Aurora-Lakewood, CO MSA",1760,1922,2299,3002,3360
METRO19780M19099,"Jasper County, IA HUD Metro FMR Area",759,764,988,1359,1388
METRO19780M19780,"Des Moines-West Des Moines, IA HUD Metro FMR Area",1029,1097,1312,1761,1767
METRO19820M19820,"Detroit-Warren-Livonia, MI HUD Metro FMR Area",1064,1171,1480,1813,1962
METRO19820MM0440,"Livingston County, MI HUD Metro FMR Area",1032,1297,1505,2104,2359
METRO20020M20020,"Dothan, AL HUD Metro FMR Area",772,777,964,1316,1489
METRO20020N01067,"Henry County, AL HUD Metro FMR Area",638,642,842,1127,1209
METRO20100M20100,"Dover, DE MSA",1252,1260,1592,2219,2431
METRO20220M20220,"Dubuque, IA MSA",768,811,1059,1399,1778
METRO20260M20260,"Duluth, MN-WI HUD Metro FMR Area",839,961,1223,1650,2054
METRO20260M27075,"Lake County, MN HUD Metro FMR Area",893,993,1303,1570,2188
METRO20500M20500,"Durham-Chapel Hill, NC HUD Metro FMR Area",1681,1777,2032,2533,3047
METRO20500M37077,"Granville County, NC HUD Metro FMR Area",1240,1310,1450,1898,2053
METRO20500N37145,"Person County, NC HUD Metro FMR Area",841,846,1097,1537,1578
METRO20700M20700,"East Stroudsburg, PA MSA",1256,1284,1684,2217,2581
METRO20740M20740,"Eau Claire, WI MSA",882,944,1159,1599,1678
METRO20940M20940,"El Centro, CA MSA",1003,1126,1462,1998,2439
METRO21060M21060,"Elizabethtown, KY HUD Metro FMR Area",905,911,1136,1592,1908
METRO21060N21163,"Meade County, KY HUD Metro FMR Area",864,870,1141,1548,1916
METRO21140M21140,"Elkhart-Goshen, IN MSA",907,925,1122,1462,1488
METRO21300M21300,"Elmira, NY MSA",1037,1056,1385,1757,1856
METRO21340M21340,"El Paso, TX HUD Metro FMR Area",883,1098,1283,1773,2154
METRO21340N48229,"Hudspeth County, TX HUD Metro FMR Area",784,975,1139,1372,1913
METRO21420M21420,"Enid, OK MSA",793,801,1051,1356,1393
METRO21500M21500,"Erie, PA MSA",838,923,1199,1492,1622
METRO21660M21660,"Eugene-Springfield, OR MSA",1144,1230,1614,2262,2710
METRO21780M21780,"Evansville, IN-KY MSA",819,862,1107,1365,1547
METRO21820M21820,"Fairbanks, AK MSA",1201,1335,1752,2455,2942
METRO22020M22020,"Fargo, ND-MN MSA",741,893,1080,1513,1814
METRO22140M22140,"Farmington, NM MSA",886,901,1090,1527,1657
METRO22180M22180,"Fayetteville, NC HUD Metro FMR Area",1168,1183,1343,1817,2255
METRO22180M37085,"Harnett County, NC HUD Metro FMR Area",865,870,1142,1600,1918
METRO22180N37093,"Hoke County, NC HUD Metro FMR Area",797,802,1052,1474,1767
METRO22220M22220,"Fayetteville-Springdale-Rogers, AR MSA",914,991,1190,1667,1926
METRO22380M22380,"Flagstaff, AZ MSA",1715,1879,2129,2608,2922
METRO22420M22420,"Flint, MI MSA",742,865,1059,1305,1500
METRO22500M22500,"Florence, SC HUD Metro FMR Area",927,933,1152,1470,1580
METRO22500N45031,"Darlington County, SC HUD Metro FMR Area",886,892,1142,1376,1583
METRO22520M22520,"Florence-Muscle Shoals, AL MSA",721,794,1041,1278,1519
METRO22540M22540,"Fond du Lac, WI MSA",788,925,1149,1492,1551
METRO22660M22660,"Fort Collins, CO MSA",1545,1554,1826,2559,2721
METRO22900M05047,"Franklin County, AR HUD Metro FMR Area",642,646,848,1060,1424
METRO22900M22900,"Fort Smith, AR-OK HUD Metro FMR Area",705,710,931,1264,1530
METRO23060M23060,"Fort Wayne, IN MSA",1007,1058,1280,1614,1742
METRO23420M23420,"Fresno, CA MSA",1299,1307,1616,2264,2594
METRO23460M23460,"Gadsden, AL MSA",694,870,1012,1223,1348
METRO23540M12075,"Levy County, FL HUD Metro FMR Area",789,928,1073,1390,1474
METRO23540M23540,"Gainesville, FL HUD Metro FMR Area",1277,1420,1718,2188,2278
METRO23580M23580,"Gainesville, GA MSA",1222,1445,1600,1928,2174
METRO23900M23900,"Gettysburg, PA MSA",972,1127,1396,1853,2003
METRO24020M24020,"Glens Falls, NY MSA",1105,1147,1437,1862,1905
METRO24140M24140,"Goldsboro, NC MSA",989,995,1306,1606,2116
METRO24220M24220,"Grand Forks, ND-MN MSA",835,841,1058,1483,1777
METRO24260N31079,"Hall County, NE HUD Metro FMR Area",820,970,1196,1519,1951
METRO24260N31093,"Howard County, NE HUD Metro FMR Area",730,877,1065,1283,1412
METRO24260N31121,"Merrick County, NE HUD Metro FMR Area",628,759,916,1124,1502
METRO24300M24300,"Grand Junction, CO MSA",923,1017,1317,1845,2212
METRO24340M24340,"Grand Rapids-Wyoming, MI HUD Metro FMR Area",1265,1314,1569,2045,2236
METRO24340M26067,"Ionia County, MI HUD Metro FMR Area",856,952,1249,1519,1885
METRO24340M26100,"Holland-Grand Haven, MI HUD Metro FMR Area",1018,1278,1456,1869,2125
METRO24340N26117,"Montcalm County, MI HUD Metro FMR Area",784,935,1120,1373,1485
METRO24420M24420,"Grants Pass, OR MSA",971,1079,1416,1984,2053
METRO24500M24500,"Great Falls, MT MSA",851,894,1173,1644,1864
METRO24540M24540,"Greeley, CO MSA",1194,1297,1648,2309,2635
METRO24580M24580,"Green Bay, WI HUD Metro FMR Area",890,971,1213,1609,1643
METRO24580N55083,"Oconto County, WI HUD Metro FMR Area",712,791,973,1228,1290
METRO24660M24660,"Greensboro-High Point, NC HUD Metro FMR Area",1075,1118,1238,1575,1772
METRO24660N37157,"Rockingham County, NC HUD Metro FMR Area",756,841,1103,1395,1588
METRO24780M24780,"Greenville, NC MSA",947,953,1182,1600,1985
METRO24860M11340,"Anderson, SC HUD Metro FMR Area",877,882,1055,1342,1741
METRO24860M24860,"Greenville-Mauldin-Easley, SC HUD Metro FMR Area",1240,1288,1426,1746,2087
METRO24860N45059,"Laurens County, SC HUD Metro FMR Area",731,736,965,1174,1362
METRO25020M25020,"Guayama, PR MSA",437,440,515,680,683
METRO25060M25060,"Gulfport-Biloxi, MS HUD Metro FMR Area",821,960,1197,1550,1650
METRO25060M28131,"Stone County, MS HUD Metro FMR Area",726,745,977,1177,1426
METRO25060M37700,"Pascagoula, MS HUD Metro FMR Area",972,1025,1154,1546,1923
METRO25180M54065,"Morgan County, WV HUD Metro FMR Area",674,753,983,1339,1651
METRO25180MM0877,"Martinsburg, WV HUD Metro FMR Area",896,1040,1306,1814,2193
METRO25180MM3180,"Hagerstown, MD HUD Metro FMR Area",918,1021,1339,1845,2051
METRO25220M25220,"Hammond, LA MSA",900,906,1170,1452,1551
METRO25260M25260,"Hanford-Corcoran, CA MSA",1242,1250,1559,2185,2618
METRO25420M25420,"Harrisburg-Carlisle, PA MSA",1026,1199,1476,1898,1957
METRO25500M25500,"Harrisonburg, VA MSA",1157,1164,1490,2015,2477
METRO25540M25540,"Hartford-West Hartford-East Hartford, CT HUD Metro FMR Area",1212,1397,1768,2130,2528
METRO25540MM5480,"Southern Middlesex County, CT HUD Metro FMR Area",1373,1382,1794,2341,3013
METRO25620M25620,"Hattiesburg, MS HUD Metro FMR Area",920,1030,1237,1575,1640
METRO25620M28031,"Covington County, MS HUD Metro FMR Area",656,783,933,1232,1237
METRO25860M25860,"Hickory-Lenoir-Morganton, NC MSA",876,913,1121,1430,1680
METRO25940N45013,"Beaufort County, SC HUD Metro FMR Area",1736,1804,1997,2406,3073
METRO25940N45053,"Jasper County, SC HUD Metro FMR Area",1441,1497,1657,2322,2515
METRO25980M25980,"Hinesville, GA HUD Metro FMR Area",1329,1381,1529,2064,2568
METRO25980N13183,"Long County, GA HUD Metro FMR Area",968,1005,1113,1410,1869
METRO26140M26140,"Homosassa Springs, FL MSA",1024,1031,1298,1819,2180
METRO26300M26300,"Hot Springs, AR MSA",855,861,1109,1402,1739
METRO26380M26380,"Houma-Thibodaux, LA MSA",832,989,1214,1464,1610
METRO26420M26420,"Houston-The Woodlands-Sugar Land, TX HUD Metro FMR Area",1332,1390,1661,2214,2789
METRO26420MM1145,"Brazoria County, TX HUD Metro FMR Area",1029,1231,1363,1820,2289
METRO26420N48015,"Austin County, TX HUD Metro FMR Area",929,1031,1159,1624,1894
METRO26580M21043,"Carter County, KY HUD Metro FMR Area",657,661,867,1215,1301
METRO26580M26580,"Huntington-Ashland, WV-KY-OH HUD Metro FMR Area",895,901,1029,1334,1547
METRO26580M54079,"Putnam County, WV HUD Metro FMR Area",903,909,1192,1633,1885
METRO26620M26620,"Huntsville, AL MSA",1003,1157,1348,1738,2122
METRO26820M26820,"Idaho Falls, ID HUD Metro FMR Area",1091,1145,1381,1935,2319
METRO26820N16023,"Butte County, ID HUD Metro FMR Area",1073,1143,1379,1932,2316
METRO26900M11300,"Anderson, IN HUD Metro FMR Area",806,853,1119,1464,1484
METRO26900M26900,"Indianapolis-Carmel, IN HUD Metro FMR Area",1029,1183,1383,1799,2186
METRO26900N18133,"Putnam County, IN HUD Metro FMR Area",767,849,1091,1453,1701
METRO26980MM3500,"Iowa City, IA HUD Metro FMR Area",880,994,1192,1670,2002
METRO26980N19183,"Washington County, IA HUD Metro FMR Area",694,707,925,1156,1230
METRO27060M27060,"Ithaca, NY MSA",1457,1643,1878,2263,2596
METRO27100M27100,"Jackson, MI MSA",835,968,1185,1571,1752
METRO27140M27140,"Jackson, MS HUD Metro FMR Area",1137,1143,1340,1614,1777
METRO27140M28051,"Holmes County, MS HUD Metro FMR Area",811,843,933,1232,1237
METRO27140N28127,"Simpson County, MS HUD Metro FMR Area",647,814,943,1321,1584
METRO27140N28163,"Yazoo County, MS HUD Metro FMR Area",831,837,1098,1337,1456
METRO27180M27180,"Jackson, TN HUD Metro FMR Area",911,1012,1328,1792,1798
METRO27180M47053,"Gibson County, TN HUD Metro FMR Area",746,787,1004,1407,1684
METRO27180N47033,"Crockett County, TN HUD Metro FMR Area",860,902,1157,1406,1749
METRO27260M27260,"Jacksonville, FL HUD Metro FMR Area",1504,1584,1885,2357,2984
METRO27260N12003,"Baker County, FL HUD Metro FMR Area",976,1031,1223,1650,2054
METRO27340M27340,"Jacksonville, NC MSA",954,960,1227,1719,2060
METRO27500M27500,"Janesville-Beloit, WI MSA",865,925,1213,1588,1610
METRO27620M27620,"Jefferson City, MO HUD Metro FMR Area",726,731,956,1340,1418
METRO27620N29027,"Callaway County, MO HUD Metro FMR Area",817,822,1079,1300,1535
METRO27620N29135,"Moniteau County, MO HUD Metro FMR Area",701,706,926,1266,1393
METRO27740M27740,"Johnson City, TN MSA",960,967,1208,1499,1686
METRO27780M27780,"Johnstown, PA MSA",819,824,1022,1378,1503
METRO27860MM3700,"Jonesboro, AR HUD Metro FMR Area",737,858,1029,1379,1614
METRO27860N05111,"Poinsett County, AR HUD Metro FMR Area",588,654,858,1133,1138
METRO27900M27900,"Joplin, MO MSA",878,884,1096,1404,1493
METRO27980M27980,"Kahului-Wailuku-Lahaina, HI MSA",1912,1925,2522,3389,3914
METRO28020M28020,"Kalamazoo-Portage, MI MSA",896,1074,1278,1693,1808
METRO28100M28100,"Kankakee, IL MSA",913,1015,1332,1762,1768
METRO28140M28140,"Kansas City, MO-KS HUD Metro FMR Area",1159,1277,1452,1894,2241
METRO28140N29013,"Bates County, MO HUD Metro FMR Area",714,719,943,1243,1584
METRO28420M28420,"Kennewick-Richland, WA MSA",1164,1306,1589,2118,2450
METRO28660M28660,"Killeen-Temple, TX HUD Metro FMR Area",987,993,1251,1741,2101
METRO28660N48281,"Lampasas County, TX HUD Metro FMR Area",824,829,1088,1434,1827
METRO28700M28700,"Kingsport-Bristol-Bristol, TN-VA MSA",786,878,1112,1432,1640
METRO28740M28740,"Kingston, NY MSA",1507,1508,1978,2505,2711
METRO28940M28940,"Knoxville, TN HUD Metro FMR Area",1364,1372,1681,2160,2536
METRO28940N47013,"Campbell County, TN HUD Metro FMR Area",772,777,1020,1347,1352
METRO28940N47129,"Morgan County, TN HUD Metro FMR Area",775,781,1024,1353,1358
METRO28940N47145,"Roane County, TN HUD Metro FMR Area",957,958,1143,1463,1919
METRO29020M29020,"Kokomo, IN MSA",841,847,1062,1337,1493
METRO29100M29100,"La Crosse-Onalaska, WI-MN MSA",872,970,1272,1678,2115
METRO29180M29180,"Lafayette, LA HUD Metro FMR Area",790,994,1124,1413,1855
METRO29180N22001,"Acadia Parish, LA HUD Metro FMR Area",640,711,933,1124,1237
METRO29180N22045,"Iberia Parish, LA HUD Metro FMR Area",763,782,983,1254,1651
METRO29180N22113,"Vermilion Parish, LA HUD Metro FMR Area",619,816,903,1193,1197
METRO29200M18171,"Warren County, IN HUD Metro FMR Area",669,829,934,1309,1484
METRO29200M29140,"Lafayette-West Lafayette, IN HUD Metro FMR Area",877,1025,1225,1476,1847
METRO29200N18015,"Carroll County, IN HUD Metro FMR Area",696,709,928,1191,1230
METRO29340M29340,"Lake Charles, LA MSA",948,954,1244,1504,1649
METRO29420M29420,"Lake Havasu City-Kingman, AZ MSA",1119,1119,1445,2006,2227
METRO29460M29460,"Lakeland-Winter Haven, FL MSA",1184,1191,1458,1959,2448
METRO29540M29540,"Lancaster, PA MSA",1064,1194,1503,1963,1993
METRO29620M26155,"Shiawassee County, MI HUD Metro FMR Area",762,767,1006,1349,1465
METRO29620M29620,"Lansing-East Lansing, MI HUD Metro FMR Area",936,974,1213,1577,1608
METRO29700M29700,"Laredo, TX MSA",1011,1017,1244,1583,1650
METRO29740M29740,"Las Cruces, NM MSA",785,996,1103,1533,1701
METRO29820M29820,"Las Vegas-Henderson-Paradise, NV MSA",1424,1598,1894,2654,3075
METRO29940M29940,"Lawrence, KS MSA",913,1031,1229,1722,2064
METRO30020M30020,"Lawton, OK HUD Metro FMR Area",810,815,1045,1464,1755
METRO30020N40033,"Cotton County, OK HUD Metro FMR Area",728,732,938,1130,1244
METRO30140M30140,"Lebanon, PA MSA",981,1068,1357,1723,1833
METRO30300M30300,"Lewiston, ID-WA MSA",990,997,1308,1833,2196
METRO30340M30340,"Lewiston-Auburn, ME MSA",935,1035,1320,1731,1921
METRO30460M30460,"Lexington-Fayette, KY MSA",860,1057,1254,1704,1917
METRO30620M30620,"Lima, OH MSA",854,860,1128,1369,1552
METRO30700M30700,"Lincoln, NE HUD Metro FMR Area",877,979,1211,1697,1814
METRO30700N31159,"Seward County, NE HUD Metro FMR Area",719,753,988,1384,1549
METRO30780M30780,"Little Rock-North Little Rock-Conway, AR HUD Metro FMR Area",944,949,1098,1464,1732
METRO30780N05053,"Grant County, AR HUD Metro FMR Area",745,749,898,1159,1417
METRO30860M30860,"Logan, UT-ID MSA",979,985,1252,1754,2102
METRO30980M30980,"Longview, TX HUD Metro FMR Area",1061,1067,1280,1740,1834
METRO30980M48203,"Harrison County, TX HUD Metro FMR Area",857,953,1250,1506,1657
METRO30980N48401,"Rusk County, TX HUD Metro FMR Area",893,901,1182,1497,1597
METRO31020M31020,"Longview, WA MSA",1027,1264,1497,2098,2514
METRO31080MM4480,"Los Angeles-Long Beach-Glendale, CA HUD Metro FMR Area",2026,2272,2866,3642,4038
METRO31080MM5945,"Santa Ana-Anaheim-Irvine, CA HUD Metro FMR Area",2523,2632,3113,4212,5033
METRO31140M31140,"Louisville, KY-IN HUD Metro FMR Area",1078,1175,1429,1842,2137
METRO31140N18175,"Washington County, IN HUD Metro FMR Area",795,800,1049,1264,1391
METRO31140N21211,"Shelby County, KY HUD Metro FMR Area",978,1087,1210,1525,1731
METRO31180M31180,"Lubbock, TX HUD Metro FMR Area",890,1078,1276,1775,2085
METRO31180N48305,"Lynn County, TX HUD Metro FMR Area",742,845,1062,1444,1783
METRO31340M31340,"Lynchburg, VA MSA",1104,1124,1270,1743,1889
METRO31420M31420,"Macon-Bibb County, GA HUD Metro FMR Area",1084,1157,1339,1613,1775
METRO31420N13207,"Monroe County, GA HUD Metro FMR Area",951,1012,1164,1402,1955
METRO31460M31460,"Madera, CA MSA",1184,1191,1544,2164,2470
METRO31540M31540,"Madison, WI HUD Metro FMR Area",1171,1390,1596,2098,2343
METRO31540N55021,"Columbia County, WI HUD Metro FMR Area",792,880,1155,1614,1769
METRO31540N55045,"Green County, WI HUD Metro FMR Area",727,802,1052,1267,1395
METRO31540N55049,"Iowa County, WI HUD Metro FMR Area",756,841,1103,1433,1599
METRO31700MM4760,"Manchester, NH HUD Metro FMR Area",1436,1596,2094,2523,2776
METRO31700MM5350,"Nashua, NH HUD Metro FMR Area",1559,1733,2274,3021,3208
METRO31700N33011,"Hillsborough County, NH (part) HUD Metro FMR Area",1254,1262,1656,2029,2547
METRO31740M20061,"Geary County, KS HUD Metro FMR Area",799,804,1055,1478,1772
METRO31740M31740,"Manhattan, KS HUD Metro FMR Area",870,876,1072,1464,1800
METRO31860M31860,"Mankato-North Mankato, MN MSA",1051,1057,1281,1795,2151
METRO31900M31900,"Mansfield, OH MSA",691,787,985,1349,1559
METRO32420M32420,"Mayagüez, PR MSA",525,545,604,770,892
METRO32580M32580,"McAllen-Edinburg-Mission, TX MSA",849,854,1062,1381,1531
METRO32780M32780,"Medford, OR MSA",1053,1200,1536,2152,2536
METRO32820M32820,"Memphis, TN-MS-AR HUD Metro FMR Area",1192,1303,1462,1922,2251
METRO32820N28093,"Marshall County, MS HUD Metro FMR Area",922,928,1217,1466,1898
METRO32820N28137,"Tate County, MS HUD Metro FMR Area",878,884,1160,1432,1764
METRO32820N28143,"Tunica County, MS HUD Metro FMR Area",1054,1159,1302,1569,1726
METRO32900M32900,"Merced, CA MSA",1142,1307,1608,2217,2700
METRO33100MM2680,"Fort Lauderdale, FL HUD Metro FMR Area",1900,2073,2566,3543,4309
METRO33100MM5000,"Miami-Miami Beach-Kendall, FL HUD Metro FMR Area",1853,2056,2523,3259,3820
METRO33100MM8960,"West Palm Beach-Boca Raton, FL HUD Metro FMR Area",1786,1994,2383,3112,3721
METRO33140M33140,"Michigan City-La Porte, IN MSA",743,895,1082,1369,1582
METRO33220M33220,"Midland, MI MSA",916,919,1198,1551,1611
METRO33260M33260,"Midland, TX HUD Metro FMR Area",1714,1724,2023,2598,3210
METRO33260N48317,"Martin County, TX HUD Metro FMR Area",1710,1721,2023,2547,3275
METRO33340M33340,"Milwaukee-Waukesha-West Allis, WI MSA",1022,1149,1368,1696,1851
METRO33460M33460,"Minneapolis-St. Paul-Bloomington, MN-WI HUD Metro FMR Area",1317,1491,1820,2424,2714
METRO33460N27079,"Le Sueur County, MN HUD Metro FMR Area",855,861,1129,1582,1848
METRO33460N27095,"Mille Lacs County, MN HUD Metro FMR Area",879,885,1161,1413,1950
METRO33540M33540,"Missoula, MT MSA",981,1172,1404,1967,2358
METRO33660M01129,"Washington County, AL HUD Metro FMR Area",872,977,1176,1545,1571
METRO33660M33660,"Mobile, AL HUD Metro FMR Area",874,978,1178,1551,1576
METRO33700M33700,"Modesto, CA MSA",1204,1288,1669,2339,2717
METRO33740M22067,"Morehouse Parish, LA HUD Metro FMR Area",684,688,903,1188,1302
METRO33740M33740,"Monroe, LA HUD Metro FMR Area",823,824,1069,1371,1417
METRO33780M33780,"Monroe, MI MSA",920,1022,1341,1666,2133
METRO33860M33860,"Montgomery, AL MSA",922,965,1147,1462,1810
METRO34060M34060,"Morgantown, WV MSA",886,892,1126,1357,1891
METRO34100M34100,"Morristown, TN HUD Metro FMR Area",880,886,1147,1504,1878
METRO34100M47057,"Grainger County, TN HUD Metro FMR Area",703,708,929,1227,1232
METRO34580M34580,"Mount Vernon-Anacortes, WA MSA",1257,1401,1833,2568,2793
METRO34620M34620,"Muncie, IN MSA",773,842,1031,1353,1566
METRO34740M34740,"Muskegon, MI MSA",852,939,1232,1505,1633
METRO34820M34820,"Myrtle Beach-North Myrtle Beach-Conway, SC HUD Metro FMR Area",1218,1289,1511,1903,2219
METRO34820M48900,"Brunswick County, NC HUD Metro FMR Area",1182,1294,1433,2008,2406
METRO34900M34900,"Napa, CA MSA",2065,2295,3011,3921,4469
METRO34940M34940,"Naples-Immokalee-Marco Island, FL MSA",1465,1716,2000,2637,2863
METRO34980M34980,"Nashville-Davidson--Murfreesboro--Franklin, TN HUD Metro FMR Area",1718,1785,1976,2496,3072
METRO34980N47111,"Macon County, TN HUD Metro FMR Area",976,1014,1123,1412,1724
METRO34980N47119,"Maury County, TN HUD Metro FMR Area",1287,1295,1657,2099,2197
METRO34980N47159,"Smith County, TN HUD Metro FMR Area",851,857,1124,1485,1490
METRO35100N37049,"Craven County, NC HUD Metro FMR Area",1053,1060,1391,1870,2336
METRO35100N37103,"Jones County, NC HUD Metro FMR Area",751,756,930,1303,1562
METRO35100N37137,"Pamlico County, NC HUD Metro FMR Area",956,963,1263,1522,1674
METRO35300MM1160,"Milford-Ansonia-Seymour, CT HUD Metro FMR Area",1405,1696,2049,2469,3441
METRO35300MM5480,"New Haven-Meriden, CT HUD Metro FMR Area",1513,1629,1989,2470,2790
METRO35300MM8880,"Waterbury, CT HUD Metro FMR Area",1058,1272,1543,2019,2446
METRO35380M35380,"New Orleans-Metairie, LA HUD Metro FMR Area",1138,1314,1571,2008,2357
METRO35380N22093,"St. James Parish, LA HUD Metro FMR Area",813,855,1122,1572,1683
METRO35620MM0875,"Bergen-Passaic, NJ HUD Metro FMR Area",1679,1950,2236,2752,3480
METRO35620MM3640,"Jersey City, NJ HUD Metro FMR Area",2196,2228,2525,3100,3534
METRO35620MM5015,"Middlesex-Somerset-Hunterdon, NJ HUD Metro FMR Area",1652,1857,2335,2814,3096
METRO35620MM5190,"Monmouth-Ocean, NJ HUD Metro FMR Area",1587,1782,2197,2926,3256
METRO35620MM5380,"Nassau-Suffolk, NY HUD Metro FMR Area",2010,2438,2814,3648,3908
METRO35620MM5600,"New York, NY HUD Metro FMR Area",2462,2569,2845,3546,3825
METRO35620MM5640,"Newark, NJ HUD Metro FMR Area",1694,1931,2337,2943,3347
METRO35620MM5660,"Pike County, PA HUD Metro FMR Area",1339,1347,1746,2268,2903
METRO35660M35660,"Niles-Benton Harbor, MI MSA",831,924,1212,1565,1607
METRO35840M35840,"North Port-Sarasota-Bradenton, FL MSA",1384,1727,2018,2651,3173
METRO35980M35980,"Norwich-New London, CT HUD Metro FMR Area",1195,1423,1743,2260,2920
METRO35980MM3280,"Colchester-Lebanon, CT HUD Metro FMR Area",1303,1448,1900,2509,3147
METRO36100M36100,"Ocala, FL MSA",1096,1182,1430,1827,1972
METRO36140M36140,"Ocean City, NJ MSA",1323,1346,1766,2361,2369
METRO36220M36220,"Odessa, TX MSA",1366,1375,1772,2135,2505
METRO36260M36260,"Ogden-Clearfield, UT HUD Metro FMR Area",1248,1333,1651,2215,2682
METRO36260N49003,"Box Elder County, UT HUD Metro FMR Area",756,948,1102,1544,1851
METRO36420M36420,"Oklahoma City, OK HUD Metro FMR Area",946,1026,1260,1682,1835
METRO36420N40051,"Grady County, OK HUD Metro FMR Area",686,763,1001,1312,1681
METRO36420N40081,"Lincoln County, OK HUD Metro FMR Area",786,791,910,1244,1284
METRO36500M36500,"Olympia-Tumwater, WA MSA",1506,1714,1992,2731,3345
METRO36540M36540,"Omaha-Council Bluffs, NE-IA HUD Metro FMR Area",1061,1128,1352,1796,1999
METRO36540N31155,"Saunders County, NE HUD Metro FMR Area",829,916,1055,1316,1557
METRO36740M36740,"Orlando-Kissimmee-Sanford, FL MSA",1778,1877,2128,2702,3217
METRO36780M36780,"Oshkosh-Neenah, WI MSA",841,864,1122,1501,1682
METRO36980M36980,"Owensboro, KY MSA",906,912,1196,1584,1586
METRO37100M37100,"Oxnard-Thousand Oaks-Ventura, CA MSA",2043,2345,2805,3827,4454
METRO37340M37340,"Palm Bay-Melbourne-Titusville, FL MSA",1299,1519,1765,2401,2748
METRO37460M37460,"Panama City, FL MSA",1484,1493,1747,2320,2934
METRO37620M37620,"Parkersburg-Vienna, WV MSA",819,824,991,1330,1385
METRO37860M37860,"Pensacola-Ferry Pass-Brent, FL MSA",1320,1473,1738,2324,2863
METRO37900M17057,"Fulton County, IL HUD Metro FMR Area",678,683,896,1236,1304
METRO37900M37900,"Peoria, IL HUD Metro FMR Area",766,843,1070,1387,1456
METRO37980M37980,"Philadelphia-Camden-Wilmington, PA-NJ-DE-MD MSA",1486,1638,1952,2352,2674
METRO38060M38060,"Phoenix-Mesa-Scottsdale, AZ MSA",1661,1822,2117,2848,3185
METRO38220M38220,"Pine Bluff, AR MSA",683,739,948,1232,1257
METRO38300M38300,"Pittsburgh, PA HUD Metro FMR Area",1088,1164,1395,1779,1917
METRO38300N42005,"Armstrong County, PA HUD Metro FMR Area",745,829,1087,1382,1590
METRO38340M38340,"Pittsfield, MA HUD Metro FMR Area",1160,1328,1691,2170,2331
METRO38340N25003,"Berkshire County, MA (part) HUD Metro FMR Area",1211,1346,1766,2139,2966
METRO38540M16077,"Power County, ID HUD Metro FMR Area",742,825,1082,1516,1817
METRO38540M38540,"Pocatello, ID HUD Metro FMR Area",825,917,1203,1686,2015
METRO38660M38660,"Ponce, PR MSA",549,570,631,884,958
METRO38860MM6400,"Portland, ME HUD Metro FMR Area",1487,1686,2169,2657,2980
METRO38860MM6450,"York-Kittery-South Berwick, ME HUD Metro FMR Area",1444,1633,2106,2727,3537
METRO38860N23005,"Cumberland County, ME (part) HUD Metro FMR Area",1271,1413,1854,2328,2834
METRO38860N23023,"Sagadahoc County, ME HUD Metro FMR Area",1099,1238,1521,2131,2554
METRO38860N23031,"York County, ME (part) HUD Metro FMR Area",1225,1383,1704,2251,2479
METRO38900M38900,"Portland-Vancouver-Hillsboro, OR-WA MSA",1759,1891,2158,2960,3476
METRO38940M38940,"Port St. Lucie, FL MSA",1431,1488,1773,2466,2682
METRO39100M39100,"Poughkeepsie-Newburgh-Middletown, NY MSA",1423,1624,2075,2647,2863
METRO39150M39150,"Prescott Valley-Prescott, AZ MSA",1212,1424,1768,2440,2805
METRO39300M39300,"Providence-Fall River, RI-MA HUD Metro FMR Area",1327,1421,1738,2094,2541
METRO39300MM1120,"Taunton-Mansfield-Norton, MA HUD Metro FMR Area",1437,1598,2096,2655,2779
METRO39300MM1200,"Easton-Raynham, MA HUD Metro FMR Area",1957,1970,2584,3113,3773
METRO39300MM5400,"New Bedford, MA HUD Metro FMR Area",1151,1253,1541,1857,2222
METRO39300MM5520,"Westerly-Hopkinton-New Shoreham, RI HUD Metro FMR Area",1376,1385,1690,2113,2459
METRO39300N44005,"Newport-Middleton-Portsmouth, RI HUD Metro FMR Area",1786,1798,2359,3149,3568
METRO39340M39340,"Provo-Orem, UT MSA",1248,1255,1453,2036,2440
METRO39380M39380,"Pueblo, CO MSA",922,1024,1344,1738,1913
METRO39460M39460,"Punta Gorda, FL MSA",1237,1244,1567,2196,2409
METRO39540M39540,"Racine, WI MSA",831,950,1212,1572,1914
METRO39580M39580,"Raleigh, NC MSA",1664,1729,1914,2380,3214
METRO39660M39660,"Rapid City, SD HUD Metro FMR Area",830,926,1210,1611,1922
METRO39660N46093,"Meade County, SD HUD Metro FMR Area",797,886,1163,1599,1953
METRO39740M39740,"Reading, PA MSA",1005,1164,1465,1829,1942
METRO39820M39820,"Redding, CA MSA",1239,1324,1737,2434,2917
METRO39900M39900,"Reno, NV MSA",1273,1478,1857,2570,3007
METRO40060M40060,"Richmond, VA MSA",1616,1679,1859,2354,2909
METRO40060M51097,"King and Queen County, VA HUD Metro FMR Area",1189,1235,1368,1699,2142
METRO40140M40140,"Riverside-San Bernardino-Ontario, CA MSA",1953,2038,2537,3388,4121
METRO40220M40220,"Roanoke, VA HUD Metro FMR Area",950,1010,1215,1700,2007
METRO40220N51067,"Franklin County, VA HUD Metro FMR Area",748,845,943,1321,1584
METRO40340M40340,"Rochester, MN HUD Metro FMR Area",1084,1207,1470,2060,2469
METRO40340N27045,"Fillmore County, MN HUD Metro FMR Area",750,755,990,1387,1461
METRO40340N27157,"Wabasha County, MN HUD Metro FMR Area",841,873,967,1263,1621
METRO40380M40380,"Rochester, NY HUD Metro FMR Area",1091,1227,1524,1837,2021
METRO40380N36123,"Yates County, NY HUD Metro FMR Area",811,901,1182,1455,1879
METRO40420M40420,"Rockford, IL MSA",856,952,1249,1651,1695
METRO40580M40580,"Rocky Mount, NC MSA",937,943,1175,1604,1856
METRO40660M40660,"Rome, GA MSA",886,967,1269,1600,1849
METRO40900M40900,"Sacramento--Roseville--Arden-Arcade, CA HUD Metro FMR Area",1825,1931,2397,3252,3754
METRO40900MM9270,"Yolo, CA HUD Metro FMR Area",1761,1772,2325,3235,3624
METRO40980M40980,"Saginaw, MI MSA",754,838,1099,1423,1457
METRO41060M41060,"St. Cloud, MN MSA",912,942,1227,1610,1917
METRO41100M41100,"St. George, UT MSA",1220,1242,1581,2104,2655
METRO41140M41140,"St. Joseph, MO-KS MSA",746,829,1088,1382,1548
METRO41180M41180,"St. Louis, MO-IL HUD Metro FMR Area",1030,1066,1316,1700,1956
METRO41180N17005,"Bond County, IL HUD Metro FMR Area",608,800,886,1079,1208
METRO41180N17117,"Macoupin County, IL HUD Metro FMR Area",754,759,996,1277,1534
METRO41420M41420,"Salem, OR MSA",1219,1274,1640,2283,2481
METRO41500M41500,"Salinas, CA MSA",2557,2626,3159,4264,4643
METRO41540M41540,"Salisbury, MD HUD Metro FMR Area",1219,1227,1610,2127,2135
METRO41540N10005,"Sussex County, DE HUD Metro FMR Area",1140,1178,1546,1949,2430
METRO41540N24039,"Somerset County, MD HUD Metro FMR Area",1034,1040,1365,1762,1843
METRO41540N24047,"Worcester County, MD HUD Metro FMR Area",1230,1275,1415,1983,2169
METRO41620M41620,"Salt Lake City, UT HUD Metro FMR Area",1327,1551,1866,2507,2850
METRO41620N49045,"Tooele County, UT HUD Metro FMR Area",919,979,1284,1760,2156
METRO41660M41660,"San Angelo, TX HUD Metro FMR Area",926,1070,1350,1814,2230
METRO41660M48431,"Sterling County, TX HUD Metro FMR Area",926,1071,1350,1810,2230
METRO41700M41700,"San Antonio-New Braunfels, TX HUD Metro FMR Area",1201,1326,1616,2053,2415
METRO41700N48013,"Atascosa County, TX HUD Metro FMR Area",911,1106,1225,1536,1624
METRO41700N48259,"Kendall County, TX HUD Metro FMR Area",1346,1476,1811,2392,2401
METRO41700N48325,"Medina County, TX HUD Metro FMR Area",951,975,1279,1689,1696
METRO41740M41740,"San Diego-Carlsbad, CA MSA",2334,2534,3135,4191,5103
METRO41860MM5775,"Oakland-Fremont, CA HUD Metro FMR Area",2110,2398,2922,3739,4442
METRO41860MM7360,"San Francisco, CA HUD Metro FMR Area",2584,3158,3769,4701,4997
METRO41900M41900,"San German, PR MSA",457,459,572,726,762
METRO41940M41940,"San Jose-Sunnyvale-Santa Clara, CA HUD Metro FMR Area",2857,3260,3776,4905,5345
METRO41940N06069,"San Benito County, CA HUD Metro FMR Area",1849,2056,2697,3758,4160
METRO41980M21940,"Fajardo, PR HUD Metro FMR Area",543,546,635,798,889
METRO41980MM1310,"Caguas, PR HUD Metro FMR Area",513,517,605,848,1016
METRO41980MM7440,"San Juan-Guaynabo, PR HUD Metro FMR Area",597,615,709,931,1117
METRO41980N72923,"Barranquitas-Aibonito, PR HUD Metro FMR Area",443,443,510,620,725
METRO42020M42020,"San Luis Obispo-Paso Robles-Arroyo Grande, CA MSA",1585,1762,2311,3086,3496
METRO42100M42100,"Santa Cruz-Watsonville, CA MSA",3182,3354,4398,5474,5838
METRO42140M42140,"Santa Fe, NM MSA",1355,1501,1785,2257,2367
METRO42200M42200,"Santa Maria-Santa Barbara, CA MSA",2097,2386,2695,3597,4076
METRO42220M42220,"Santa Rosa, CA MSA",1676,1863,2444,3338,3532
METRO42340M42340,"Savannah, GA MSA",1427,1542,1707,2297,2650
METRO42540M42540,"Scranton--Wilkes-Barre, PA MSA",835,995,1204,1568,1711
METRO42660MM7600,"Seattle-Bellevue, WA HUD Metro FMR Area",2366,2425,2824,3723,4339
METRO42660MM8200,"Tacoma, WA HUD Metro FMR Area",1596,1806,2221,3112,3554
METRO42680M42680,"Sebastian-Vero Beach, FL MSA",1322,1330,1672,2078,2776
METRO42700M42700,"Sebring, FL MSA",903,1010,1317,1619,2110
METRO43100M43100,"Sheboygan, WI MSA",775,912,1130,1424,1562
METRO43300M43300,"Sherman-Denison, TX MSA",1129,1177,1419,1980,2383
METRO43340M43340,"Shreveport-Bossier City, LA MSA",836,972,1109,1436,1520
METRO43420M43420,"Sierra Vista-Douglas, AZ MSA",910,1156,1280,1794,2149
METRO43580M43580,"Sioux City, IA-NE-SD MSA",758,868,1106,1333,1466
METRO43620M43620,"Sioux Falls, SD MSA",792,935,1091,1495,1832
METRO43780M43780,"South Bend-Mishawaka, IN HUD Metro FMR Area",804,1003,1173,1447,1555
METRO43780N26027,"Cass County, MI HUD Metro FMR Area",785,907,1004,1276,1672
METRO43900M43900,"Spartanburg, SC MSA",1125,1169,1294,1596,1743
METRO44060M44060,"Spokane, WA HUD Metro FMR Area",1064,1197,1539,2128,2493
METRO44060N53065,"Stevens County, WA HUD Metro FMR Area",858,863,1095,1534,1839
METRO44100M44100,"Springfield, IL MSA",824,978,1202,1624,1661
METRO44140M25011,"Franklin County, MA HUD Metro FMR Area",1149,1277,1675,2018,2252
METRO44140M44140,"Springfield, MA HUD Metro FMR Area",1120,1293,1605,1956,2186
METRO44180M44180,"Springfield, MO HUD Metro FMR Area",836,841,1056,1451,1629
METRO44180N29059,"Dallas County, MO HUD Metro FMR Area",679,684,824,1155,1384
METRO44180N29167,"Polk County, MO HUD Metro FMR Area",718,723,888,1242,1491
METRO44220M44220,"Springfield, OH MSA",773,859,1127,1373,1569
METRO44300M44300,"State College, PA MSA",1327,1334,1548,1886,2052
METRO44420M44420,"Staunton-Waynesboro, VA MSA",1182,1188,1368,1917,2232
METRO44700M44700,"Stockton-Lodi, CA MSA",1378,1504,1916,2685,3217
METRO44940M44940,"Sumter, SC HUD Metro FMR Area",928,1052,1354,1631,1902
METRO44940M45027,"Clarendon County, SC HUD Metro FMR Area",707,711,933,1244,1453
METRO45060M45060,"Syracuse, NY MSA",1037,1156,1422,1740,1961
METRO45220M45220,"Tallahassee, FL HUD Metro FMR Area",1147,1274,1425,1795,1977
METRO45220N12129,"Wakulla County, FL HUD Metro FMR Area",959,1065,1183,1561,1655
METRO45300M45300,"Tampa-St. Petersburg-Clearwater, FL MSA",1705,1835,2153,2757,3355
METRO45460M18121,"Parke County, IN HUD Metro FMR Area",807,813,1066,1408,1413
METRO45460M45460,"Terre Haute, IN HUD Metro FMR Area",837,842,1064,1282,1490
METRO45460N18153,"Sullivan County, IN HUD Metro FMR Area",673,748,981,1182,1522
METRO45500M45500,"Texarkana, TX-Texarkana, AR HUD Metro FMR Area",904,909,1142,1415,1789
METRO45500N05081,"Little River County, AR HUD Metro FMR Area",642,646,848,1123,1243
METRO45540M45540,"The Villages, FL MSA",1156,1163,1526,1898,2270
METRO45780M39123,"Ottawa County, OH HUD Metro FMR Area",719,799,1048,1263,1509
METRO45780M45780,"Toledo, OH HUD Metro FMR Area",794,858,1125,1461,1535
METRO45820M45820,"Topeka, KS MSA",798,803,1053,1369,1444
METRO45940M45940,"Trenton, NJ MSA",1542,1779,2248,2708,3045
METRO46060M46060,"Tucson, AZ MSA",1010,1128,1473,2064,2394
METRO46140M46140,"Tulsa, OK HUD Metro FMR Area",945,1008,1252,1652,1908
METRO46140N40111,"Okmulgee County, OK HUD Metro FMR Area",739,743,919,1241,1252
METRO46140N40117,"Pawnee County, OK HUD Metro FMR Area",674,785,983,1292,1651
METRO46220M01063,"Greene County, AL HUD Metro FMR Area",813,819,1074,1294,1424
METRO46220M46220,"Tuscaloosa, AL HUD Metro FMR Area",984,990,1222,1557,1620
METRO46220N01107,"Pickens County, AL HUD Metro FMR Area",615,619,774,1061,1304
METRO46300N16053,"Jerome County, ID HUD Metro FMR Area",807,940,1177,1621,1976
METRO46300N16083,"Twin Falls County, ID HUD Metro FMR Area",932,1036,1359,1904,2282
METRO46340M46340,"Tyler, TX MSA",1070,1165,1433,1910,2162
METRO46520M46520,"Urban Honolulu, HI MSA",2032,2209,2893,4054,4858
METRO46540M46540,"Utica-Rome, NY MSA",985,992,1239,1493,1765
METRO46660M46660,"Valdosta, GA MSA",936,942,1222,1632,1893
METRO46700M46700,"Vallejo-Fairfield, CA MSA",1877,2062,2634,3519,3987
METRO47020M47020,"Victoria, TX MSA",1165,1172,1485,1790,1969
METRO47220M47220,"Vineland-Bridgeton, NJ MSA",1272,1342,1675,2277,2301
METRO47260M37029,"Camden County, NC HUD Metro FMR Area",1024,1033,1178,1651,1978
METRO47260M47260,"Virginia Beach-Norfolk-Newport News, VA-NC HUD Metro FMR Area",1585,1594,1823,2538,3019
METRO47260N37073,"Gates County, NC HUD Metro FMR Area",1087,1097,1250,1680,2071
METRO47260N51175,"Southampton County-Franklin city, VA HUD Metro FMR Area",924,930,1220,1560,2049
METRO47300M47300,"Visalia-Porterville, CA MSA",1168,1175,1542,2123,2451
METRO47380M47380,"Waco, TX HUD Metro FMR Area",1014,1188,1479,1907,1961
METRO47380N48145,"Falls County, TX HUD Metro FMR Area",640,711,933,1307,1567
METRO47460M47460,"Walla Walla, WA MSA",1085,1207,1583,2181,2658
METRO47580M47580,"Warner Robins, GA HUD Metro FMR Area",1154,1283,1421,1901,2229
METRO47580N13225,"Peach County, GA HUD Metro FMR Area",808,1065,1179,1472,1563
METRO47900M47900,"Washington-Arlington-Alexandria, DC-VA-MD HUD Metro FMR Area",2164,2211,2489,3112,3671
METRO47900M51113,"Madison County, VA HUD Metro FMR Area",960,965,1159,1439,1702
METRO47900MM3630,"Jefferson County, WV HUD Metro FMR Area",1002,1008,1323,1854,2222
METRO47900MM8820,"Warren County, VA HUD Metro FMR Area",1059,1066,1398,1879,2348
METRO47900N51047,"Culpeper County, VA HUD Metro FMR Area",1250,1251,1548,2050,2217
METRO47900N51157,"Rappahannock County, VA HUD Metro FMR Area",1252,1301,1440,1735,2418
METRO47940M47940,"Waterloo-Cedar Falls, IA HUD Metro FMR Area",729,810,1063,1388,1785
METRO47940N19017,"Bremer County, IA HUD Metro FMR Area",713,763,1001,1302,1327
METRO48060M48060,"Watertown-Fort Drum, NY MSA",948,1043,1368,1857,2276
METRO48140M48140,"Wausau, WI HUD Metro FMR Area",771,857,1124,1471,1490
METRO48140M55069,"Lincoln County, WI HUD Metro FMR Area",706,725,933,1307,1391
METRO48260M48260,"Weirton-Steubenville, WV-OH MSA",751,756,956,1273,1438
METRO48300M48300,"Wenatchee, WA MSA",1104,1227,1610,2235,2644
METRO48540M48540,"Wheeling, WV-OH MSA",687,826,1002,1289,1448
METRO48620M48620,"Wichita, KS HUD Metro FMR Area",735,810,1060,1391,1698
METRO48620N20191,"Sumner County, KS HUD Metro FMR Area",690,761,998,1202,1323
METRO48660M48660,"Wichita Falls, TX MSA",875,953,1172,1602,1817
METRO48700M48700,"Williamsport, PA MSA",822,1005,1199,1574,1736
METRO48900M48900,"Wilmington, NC HUD Metro FMR Area",1173,1544,1710,2259,2690
METRO48900N37141,"Pender County, NC HUD Metro FMR Area",820,1080,1196,1676,2008
METRO49020M49020,"Winchester, VA-WV MSA",1184,1355,1696,2110,2848
METRO49180M49180,"Winston-Salem, NC HUD Metro FMR Area",1015,1067,1250,1640,1928
METRO49180N37057,"Davidson County, NC HUD Metro FMR Area",838,861,990,1320,1630
METRO49340M49340,"Worcester, MA HUD Metro FMR Area",1546,1556,2006,2451,2698
METRO49340MM1120,"Eastern Worcester County, MA HUD Metro FMR Area",1518,1687,2213,3101,3554
METRO49340MM2600,"Fitchburg-Leominster, MA HUD Metro FMR Area",1210,1414,1764,2299,2629
METRO49340N09015,"Windham County, CT HUD Metro FMR Area",1198,1287,1688,2066,2473
METRO49340N25027,"Western Worcester County, MA HUD Metro FMR Area",1100,1214,1536,2152,2579
METRO49420M49420,"Yakima, WA MSA",1086,1093,1434,2009,2117
METRO49500M49500,"Yauco, PR MSA",469,487,539,712,715
METRO49620M49620,"York-Hanover, PA MSA",1029,1162,1450,1965,2035
METRO49660M49660,"Youngstown-Warren-Boardman, OH HUD Metro FMR Area",660,702,884,1159,1230
METRO49660MM7610,"Sharon, PA HUD Metro FMR Area",727,731,921,1275,1393
METRO49700M49700,"Yuba City, CA MSA",1282,1285,1633,2288,2742
METRO49740M49740,"Yuma, AZ MSA",1123,1130,1483,2022,2490
NCNTY01005N01005,"Barbour County, AL",587,662,778,1016,1031
NCNTY01011N01011,"Bullock County, AL",606,738,817,1077,1229
NCNTY01013N01013,"Butler County, AL",620,684,836,1007,1126
NCNTY01017N01017,"Chambers County, AL",739,816,1071,1317,1420
NCNTY01019N01019,"Cherokee County, AL",650,723,877,1057,1319
NCNTY01023N01023,"Choctaw County, AL",602,636,812,1071,1309
NCNTY01025N01025,"Clarke County, AL",614,648,828,1160,1390
NCNTY01027N01027,"Clay County, AL",565,630,772,1058,1133
NCNTY01029N01029,"Cleburne County, AL",631,649,851,1068,1280
NCNTY01031N01031,"Coffee County, AL",698,718,942,1320,1418
NCNTY01035N01035,"Conecuh County, AL",578,600,772,1088,1155
NCNTY01037N01037,"Coosa County, AL",604,638,815,985,1226
NCNTY01039N01039,"Covington County, AL",584,587,772,1020,1285
NCNTY01041N01041,"Crenshaw County, AL",578,587,772,933,1027
NCNTY01043N01043,"Cullman County, AL",730,735,964,1242,1443
NCNTY01045N01045,"Dale County, AL",669,714,810,1135,1360
NCNTY01047N01047,"Dallas County, AL",625,655,859,1129,1139
NCNTY01049N01049,"DeKalb County, AL",578,587,772,1044,1293
NCNTY01053N01053,"Escambia County, AL",578,657,778,985,1148
NCNTY01057N01057,"Fayette County, AL",578,687,772,1068,1155
NCNTY01059N01059,"Franklin County, AL",578,688,772,971,1189
NCNTY01071N01071,"Jackson County, AL",638,733,860,1074,1375
NCNTY01075N01075,"Lamar County, AL",645,648,772,1088,1155
NCNTY01087N01087,"Macon County, AL",626,643,844,1020,1372
NCNTY01091N01091,"Marengo County, AL",600,731,809,1051,1244
NCNTY01093N01093,"Marion County, AL",523,587,772,982,1309
NCNTY01095N01095,"Marshall County, AL",616,620,814,1088,1092
NCNTY01099N01099,"Monroe County, AL",578,687,772,1088,1199
NCNTY01105N01105,"Perry County, AL",610,645,823,1085,1238
NCNTY01109N01109,"Pike County, AL",761,783,1027,1237,1362
NCNTY01111N01111,"Randolph County, AL",578,713,790,1097,1155
NCNTY01119N01119,"Sumter County, AL",702,742,947,1149,1424
NCNTY01121N01121,"Talladega County, AL",595,708,867,1215,1220
NCNTY01123N01123,"Tallapoosa County, AL",645,668,870,1061,1153
NCNTY01127N01127,"Walker County, AL",611,662,824,1155,1303
NCNTY01131N01131,"Wilcox County, AL",702,728,936,1205,1401
NCNTY01133N01133,"Winston County, AL",578,587,772,1058,1123
NCNTY02013N02013,"Aleutians East Borough, AK",1021,1290,1428,1720,2257
NCNTY02016N02016,"Aleutians West Census Area, AK",1514,1614,2118,2571,2808
NCNTY02050N02050,"Bethel Census Area, AK",1804,1815,2090,2518,2771
NCNTY02060N02060,"Bristol Bay Borough, AK",940,1028,1315,1843,2079
NCNTY02063N02063,"Chugach Census Area, AK",1080,1182,1511,2026,2389
NCNTY02066N02066,"Copper River Census Area, AK",821,898,1148,1539,1815
NCNTY02068N02068,"Denali Borough, AK",896,975,1271,1663,1944
NCNTY02070N02070,"Dillingham Census Area, AK",982,1241,1374,1893,2172
NCNTY02100N02100,"Haines Borough, AK",1140,1247,1595,2139,2521
NCNTY02105N02105,"Hoonah-Angoon Census Area, AK",989,1100,1443,1739,1913
NCNTY02110N02110,"Juneau City and Borough, AK",1296,1441,1890,2648,2742
NCNTY02122N02122,"Kenai Peninsula Borough, AK",1009,1015,1332,1866,2237
NCNTY02130N02130,"Ketchikan Gateway Borough, AK",1125,1251,1641,2281,2756
NCNTY02150N02150,"Kodiak Island Borough, AK",1377,1531,2008,2470,2662
NCNTY02158N02158,Kusilvak Census Area,678,741,948,1271,1499
NCNTY02164N02164,"Lake and Peninsula Borough, AK",728,867,1018,1426,1609
NCNTY02180N02180,"Nome Census Area, AK",1350,1429,1666,2334,2634
NCNTY02185N02185,"North Slope Borough, AK",1332,1480,1942,2340,2575
NCNTY02188N02188,"Northwest Arctic Borough, AK",1365,1518,1991,2710,3147
NCNTY02195N02195,Petersburg Borough,1060,1177,1483,1787,2112
NCNTY02198N02198,"Prince of Wales-Hyder Census Area, AK",938,1018,1127,1497,1554
NCNTY02220N02220,"Sitka City and Borough, AK",1124,1338,1607,2252,2699
NCNTY02230N02230,"Skagway Municipality, AK",1184,1316,1726,2079,2728
NCNTY02240N02240,"Southeast Fairbanks Census Area, AK",977,1226,1366,1914,2159
NCNTY02275N02275,"Wrangell City and Borough, AK",810,864,1133,1588,1791
NCNTY02282N02282,"Yakutat City and Borough, AK",961,1051,1344,1695,2125
NCNTY02290N02290,"Yukon-Koyukuk Census Area, AK",1071,1113,1232,1701,1948
NCNTY04001N04001,"Apache County, AZ",837,935,1221,1640,1730
NCNTY04007N04007,"Gila County, AZ",1046,1167,1525,2084,2169
NCNTY04009N04009,"Graham County, AZ",1031,1041,1318,1783,2213
NCNTY04011N04011,"Greenlee County, AZ",843,1111,1230,1482,1631
NCNTY04012N04012,"La Paz County, AZ",979,1003,1316,1844,2210
NCNTY04017N04017,"Navajo County, AZ",1087,1148,1506,1862,1997
NCNTY04023N04023,"Santa Cruz County, AZ",794,883,1158,1623,1632
NCNTY05001N05001,"Arkansas County, AR",658,720,944,1164,1585
NCNTY05003N05003,"Ashley County, AR",642,646,848,1022,1424
NCNTY05005N05005,"Baxter County, AR",742,747,980,1269,1299
NCNTY05009N05009,"Boone County, AR",595,662,868,1216,1345
NCNTY05011N05011,"Bradley County, AR",618,671,848,1188,1193
NCNTY05013N05013,"Calhoun County, AR",785,822,1078,1299,1517
NCNTY05015N05015,"Carroll County, AR",658,742,960,1157,1273
NCNTY05017N05017,"Chicot County, AR",654,742,898,1258,1508
NCNTY05019N05019,"Clark County, AR",721,744,875,1218,1377
NCNTY05021N05021,"Clay County, AR",642,646,848,1134,1193
NCNTY05023N05023,"Cleburne County, AR",712,745,978,1233,1297
NCNTY05027N05027,"Columbia County, AR",669,673,883,1166,1171
NCNTY05029N05029,"Conway County, AR",581,646,848,1188,1317
NCNTY05037N05037,"Cross County, AR",623,652,855,1198,1436
NCNTY05039N05039,"Dallas County, AR",618,646,848,1188,1193
NCNTY05041N05041,"Desha County, AR",642,646,848,1154,1424
NCNTY05043N05043,"Drew County, AR",705,738,968,1204,1283
NCNTY05049N05049,"Fulton County, AR",618,646,848,1144,1279
NCNTY05055N05055,"Greene County, AR",687,810,943,1321,1324
NCNTY05057N05057,"Hempstead County, AR",663,694,910,1199,1486
NCNTY05059N05059,"Hot Spring County, AR",663,672,881,1172,1479
NCNTY05061N05061,"Howard County, AR",647,677,888,1070,1229
NCNTY05063N05063,"Independence County, AR",697,701,920,1215,1220
NCNTY05065N05065,"Izard County, AR",618,713,848,1138,1424
NCNTY05067N05067,"Jackson County, AR",645,675,886,1067,1175
NCNTY05071N05071,"Johnson County, AR",647,677,888,1113,1249
NCNTY05073N05073,"Lafayette County, AR",618,646,848,1022,1193
NCNTY05075N05075,"Lawrence County, AR",618,647,849,1088,1296
NCNTY05077N05077,"Lee County, AR",654,684,898,1258,1263
NCNTY05083N05083,"Logan County, AR",583,766,848,1188,1283
NCNTY05089N05089,"Marion County, AR",693,714,937,1162,1318
NCNTY05093N05093,"Mississippi County, AR",659,693,902,1191,1196
NCNTY05095N05095,"Monroe County, AR",598,646,848,1022,1193
NCNTY05097N05097,"Montgomery County, AR",618,766,848,1091,1243
NCNTY05099N05099,"Nevada County, AR",706,739,969,1167,1363
NCNTY05101N05101,"Newton County, AR",596,766,848,1022,1424
NCNTY05103N05103,"Ouachita County, AR",683,687,855,1112,1205
NCNTY05107N05107,"Phillips County, AR",618,646,848,1188,1398
NCNTY05109N05109,"Pike County, AR",618,729,848,1154,1174
NCNTY05113N05113,"Polk County, AR",673,727,924,1113,1225
NCNTY05115N05115,"Pope County, AR",652,725,951,1311,1316
NCNTY05117N05117,"Prairie County, AR",683,750,937,1129,1318
NCNTY05121N05121,"Randolph County, AR",618,686,848,1188,1424
NCNTY05123N05123,"St. Francis County, AR",683,738,938,1235,1263
NCNTY05127N05127,"Scott County, AR",648,678,890,1149,1252
NCNTY05129N05129,"Searcy County, AR",618,646,848,1104,1193
NCNTY05133N05133,"Sevier County, AR",642,646,848,1077,1219
NCNTY05135N05135,"Sharp County, AR",632,646,848,1108,1347
NCNTY05137N05137,"Stone County, AR",646,676,887,1243,1248
NCNTY05139N05139,"Union County, AR",765,770,974,1236,1370
NCNTY05141N05141,"Van Buren County, AR",618,646,848,1115,1138
NCNTY05145N05145,"White County, AR",672,776,938,1217,1289
NCNTY05147N05147,"Woodruff County, AR",618,718,848,1139,1193
NCNTY05149N05149,"Yell County, AR",618,651,848,1188,1193
NCNTY06003N06003,"Alpine County, CA",1088,1195,1568,2197,2600
NCNTY06005N06005,"Amador County, CA",1335,1343,1591,2221,2672
NCNTY06009N06009,"Calaveras County, CA",1091,1199,1573,2204,2423
NCNTY06011N06011,"Colusa County, CA",983,989,1298,1747,1753
NCNTY06015N06015,"Del Norte County, CA",928,1158,1337,1873,2245
NCNTY06021N06021,"Glenn County, CA",898,999,1310,1741,2200
NCNTY06023N06023,"Humboldt County, CA",1139,1210,1581,2215,2655
NCNTY06027N06027,"Inyo County, CA",1085,1392,1583,1924,2625
NCNTY06033N06033,"Lake County, CA",1165,1173,1539,2157,2584
NCNTY06035N06035,"Lassen County, CA",872,970,1272,1782,2136
NCNTY06043N06043,"Mariposa County, CA",983,1185,1417,1986,2380
NCNTY06045N06045,"Mendocino County, CA",1254,1305,1712,2399,2875
NCNTY06049N06049,"Modoc County, CA",788,955,1136,1369,1884
NCNTY06051N06051,"Mono County, CA",1154,1502,1663,2330,2758
NCNTY06057N06057,"Nevada County, CA",1440,1450,1902,2665,3194
NCNTY06063N06063,"Plumas County, CA",974,1083,1421,1991,2031
NCNTY06091N06091,"Sierra County, CA",1088,1195,1568,2197,2600
NCNTY06093N06093,"Siskiyou County, CA",964,971,1253,1756,1914
NCNTY06103N06103,"Tehama County, CA",994,1105,1450,1909,2392
NCNTY06105N06105,"Trinity County, CA",821,902,1183,1658,1804
NCNTY06109N06109,"Tuolumne County, CA",1081,1230,1576,2071,2647
NCNTY08003N08003,"Alamosa County, CO",839,844,1036,1402,1720
NCNTY08007N08007,"Archuleta County, CO",1132,1179,1364,1911,2291
NCNTY08009N08009,"Baca County, CO",727,777,933,1307,1492
NCNTY08011N08011,"Bent County, CO",781,787,1032,1330,1651
NCNTY08015N08015,"Chaffee County, CO",1135,1143,1499,2100,2398
NCNTY08017N08017,"Cheyenne County, CO",825,831,1090,1348,1743
NCNTY08021N08021,"Conejos County, CO",727,825,933,1256,1261
NCNTY08023N08023,"Costilla County, CO",707,711,934,1307,1503
NCNTY08025N08025,"Crowley County, CO",1088,1095,1437,1731,2298
NCNTY08027N08027,"Custer County, CO",980,986,1294,1653,2070
NCNTY08029N08029,"Delta County, CO",893,900,1146,1567,1924
NCNTY08033N08033,"Dolores County, CO",867,1005,1113,1422,1780
NCNTY08037N08037,"Eagle County, CO",1585,1762,2311,2784,3064
NCNTY08043N08043,"Fremont County, CO",948,954,1252,1619,1740
NCNTY08045N08045,"Garfield County, CO",1356,1365,1791,2510,2759
NCNTY08049N08049,"Grand County, CO",1132,1317,1458,1757,2448
NCNTY08051N08051,"Gunnison County, CO",1029,1156,1416,1984,2378
NCNTY08053N08053,"Hinsdale County, CO",892,899,1145,1463,1831
NCNTY08055N08055,"Huerfano County, CO",731,800,1034,1246,1654
NCNTY08057N08057,"Jackson County, CO",707,711,933,1192,1492
NCNTY08061N08061,"Kiowa County, CO",850,855,1122,1434,1795
NCNTY08063N08063,"Kit Carson County, CO",887,893,1172,1412,1783
NCNTY08065N08065,"Lake County, CO",1249,1257,1649,2107,2637
NCNTY08067N08067,"La Plata County, CO",1305,1316,1727,2127,2762
NCNTY08071N08071,"Las Animas County, CO",802,901,1170,1425,1551
NCNTY08073N08073,"Lincoln County, CO",834,834,1070,1399,1711
NCNTY08075N08075,"Logan County, CO",765,845,1107,1551,1669
NCNTY08079N08079,"Mineral County, CO",1409,1419,1861,2378,2977
NCNTY08081N08081,"Moffat County, CO",907,913,1198,1443,1604
NCNTY08083N08083,"Montezuma County, CO",975,981,1287,1579,2161
NCNTY08085N08085,"Montrose County, CO",942,948,1244,1743,2089
NCNTY08087N08087,"Morgan County, CO",854,949,1245,1631,2000
NCNTY08089N08089,"Otero County, CO",749,754,989,1374,1661
NCNTY08091N08091,"Ouray County, CO",1318,1326,1740,2386,2783
NCNTY08095N08095,"Phillips County, CO",827,832,1092,1395,1747
NCNTY08097N08097,"Pitkin County, CO",1766,2171,2404,3072,3845
NCNTY08099N08099,"Prowers County, CO",728,763,961,1158,1544
NCNTY08103N08103,"Rio Blanco County, CO",789,794,1042,1289,1548
NCNTY08105N08105,"Rio Grande County, CO",834,914,1070,1289,1711
NCNTY08107N08107,"Routt County, CO",1659,1737,2029,2445,3245
NCNTY08109N08109,"Saguache County, CO",796,801,1049,1265,1391
NCNTY08111N08111,"San Juan County, CO",1060,1229,1361,1640,2177
NCNTY08113N08113,"San Miguel County, CO",1469,1479,1940,2718,3103
NCNTY08115N08115,"Sedgwick County, CO",727,843,933,1124,1492
NCNTY08117N08117,"Summit County, CO",1686,1874,2459,3355,3600
NCNTY08121N08121,"Washington County, CO",874,904,1122,1400,1488
NCNTY08125N08125,"Yuma County, CO",871,877,1150,1386,1525
NCNTY09005N09005,"Litchfield County, CT",1109,1309,1618,2023,2311
NCNTY12007N12007,"Bradford County, FL",836,868,961,1269,1614
NCNTY12013N12013,"Calhoun County, FL",811,843,933,1242,1247
NCNTY12023N12023,"Columbia County, FL",865,870,1142,1385,1514
NCNTY12027N12027,"DeSoto County, FL",889,895,1042,1376,1381
NCNTY12029N12029,"Dixie County, FL",738,743,975,1248,1303
NCNTY12037N12037,"Franklin County, FL",965,971,1117,1487,1493
NCNTY12043N12043,"Glades County, FL",917,922,1061,1281,1418
NCNTY12045N12045,"Gulf County, FL",1169,1177,1544,1860,2047
NCNTY12047N12047,"Hamilton County, FL",806,811,933,1242,1247
NCNTY12049N12049,"Hardee County, FL",836,841,1071,1426,1431
NCNTY12051N12051,"Hendry County, FL",957,962,1101,1457,1793
NCNTY12059N12059,"Holmes County, FL",811,831,933,1232,1237
NCNTY12063N12063,"Jackson County, FL",640,712,934,1200,1238
NCNTY12067N12067,"Lafayette County, FL",898,903,1039,1252,1388
NCNTY12077N12077,"Liberty County, FL",806,811,933,1209,1567
NCNTY12079N12079,"Madison County, FL",755,838,964,1191,1380
NCNTY12087N12087,"Monroe County, FL",1759,2139,2556,3402,3759
NCNTY12093N12093,"Okeechobee County, FL",909,915,1201,1473,1682
NCNTY12107N12107,"Putnam County, FL",831,836,1097,1391,1454
NCNTY12121N12121,"Suwannee County, FL",840,845,973,1228,1399
NCNTY12123N12123,"Taylor County, FL",806,811,933,1298,1539
NCNTY12125N12125,"Union County, FL",731,736,965,1194,1289
NCNTY12133N12133,"Washington County, FL",847,880,974,1212,1636
NCNTY13001N13001,"Appling County, GA",710,715,905,1246,1520
NCNTY13003N13003,"Atkinson County, GA",728,733,905,1155,1300
NCNTY13005N13005,"Bacon County, GA",629,715,905,1268,1300
NCNTY13007N13007,"Baker County, GA",710,715,905,1268,1300
NCNTY13009N13009,"Baldwin County, GA",794,914,1044,1258,1633
NCNTY13011N13011,"Banks County, GA",773,817,905,1261,1520
NCNTY13017N13017,"Ben Hill County, GA",752,756,905,1118,1520
NCNTY13019N13019,"Berrien County, GA",685,690,905,1268,1489
NCNTY13023N13023,"Bleckley County, GA",685,690,905,1222,1477
NCNTY13031N13031,"Bulloch County, GA",910,916,1202,1460,1594
NCNTY13037N13037,"Calhoun County, GA",685,690,905,1195,1270
NCNTY13039N13039,"Camden County, GA",1040,1099,1217,1705,2039
NCNTY13043N13043,"Candler County, GA",710,715,905,1268,1377
NCNTY13049N13049,"Charlton County, GA",717,721,905,1107,1300
NCNTY13055N13055,"Chattooga County, GA",652,726,905,1268,1485
NCNTY13061N13061,"Clay County, GA",710,715,905,1137,1300
NCNTY13065N13065,"Clinch County, GA",710,715,905,1268,1300
NCNTY13069N13069,"Coffee County, GA",722,727,905,1129,1322
NCNTY13071N13071,"Colquitt County, GA",725,729,957,1192,1564
NCNTY13075N13075,"Cook County, GA",710,715,905,1220,1326
NCNTY13081N13081,"Crisp County, GA",817,822,986,1188,1307
NCNTY13087N13087,"Decatur County, GA",793,803,912,1196,1209
NCNTY13091N13091,"Dodge County, GA",685,690,905,1090,1200
NCNTY13093N13093,"Dooly County, GA",717,721,906,1132,1201
NCNTY13099N13099,"Early County, GA",729,817,905,1149,1286
NCNTY13105N13105,"Elbert County, GA",779,784,1029,1284,1364
NCNTY13107N13107,"Emanuel County, GA",773,817,905,1113,1520
NCNTY13109N13109,"Evans County, GA",742,746,919,1107,1218
NCNTY13111N13111,"Fannin County, GA",685,690,905,1268,1282
NCNTY13119N13119,"Franklin County, GA",720,725,951,1146,1366
NCNTY13123N13123,"Gilmer County, GA",719,799,1048,1357,1760
NCNTY13125N13125,"Glascock County, GA",769,774,980,1232,1408
NCNTY13129N13129,"Gordon County, GA",710,795,976,1368,1568
NCNTY13131N13131,"Grady County, GA",719,723,949,1278,1430
NCNTY13133N13133,"Greene County, GA",753,758,937,1255,1346
NCNTY13137N13137,"Habersham County, GA",826,831,975,1366,1406
NCNTY13141N13141,"Hancock County, GA",710,715,905,1162,1520
NCNTY13147N13147,"Hart County, GA",810,816,1070,1289,1481
NCNTY13155N13155,"Irwin County, GA",792,797,1010,1217,1451
NCNTY13157N13157,"Jackson County, GA",933,938,1116,1466,1874
NCNTY13161N13161,"Jeff Davis County, GA",710,715,905,1090,1335
NCNTY13163N13163,"Jefferson County, GA",686,690,905,1090,1520
NCNTY13165N13165,"Jenkins County, GA",710,715,905,1268,1300
NCNTY13167N13167,"Johnson County, GA",773,817,905,1229,1300
NCNTY13175N13175,"Laurens County, GA",623,692,908,1230,1525
NCNTY13187N13187,"Lumpkin County, GA",1064,1105,1224,1496,2055
NCNTY13193N13193,"Macon County, GA",685,690,905,1105,1520
NCNTY13201N13201,"Miller County, GA",710,715,905,1268,1339
NCNTY13205N13205,"Mitchell County, GA",773,817,905,1116,1242
NCNTY13209N13209,"Montgomery County, GA",685,690,905,1268,1411
NCNTY13229N13229,"Pierce County, GA",738,742,974,1173,1304
NCNTY13233N13233,"Polk County, GA",739,744,976,1229,1294
NCNTY13235N13235,"Pulaski County, GA",795,800,1050,1366,1509
NCNTY13237N13237,"Putnam County, GA",862,868,1099,1469,1846
NCNTY13239N13239,"Quitman County, GA",769,774,980,1232,1408
NCNTY13241N13241,"Rabun County, GA",814,819,1075,1506,1629
NCNTY13243N13243,"Randolph County, GA",742,747,980,1181,1299
NCNTY13249N13249,"Schley County, GA",710,715,905,1268,1300
NCNTY13251N13251,"Screven County, GA",685,690,905,1207,1300
NCNTY13253N13253,"Seminole County, GA",784,789,999,1337,1435
NCNTY13257N13257,"Stephens County, GA",776,781,1025,1268,1675
NCNTY13261N13261,"Sumter County, GA",813,818,1026,1236,1360
NCNTY13265N13265,"Taliaferro County, GA",769,774,980,1232,1408
NCNTY13267N13267,"Tattnall County, GA",685,690,905,1125,1520
NCNTY13269N13269,"Taylor County, GA",710,715,905,1265,1300
NCNTY13271N13271,"Telfair County, GA",710,715,905,1184,1200
NCNTY13275N13275,"Thomas County, GA",1049,1090,1207,1555,1600
NCNTY13277N13277,"Tift County, GA",794,799,937,1141,1479
NCNTY13279N13279,"Toombs County, GA",705,709,905,1257,1345
NCNTY13281N13281,"Towns County, GA",789,835,924,1295,1552
NCNTY13283N13283,"Treutlen County, GA",685,690,905,1090,1300
NCNTY13285N13285,"Troup County, GA",942,948,1219,1514,1797
NCNTY13287N13287,"Turner County, GA",710,715,905,1102,1200
NCNTY13291N13291,"Union County, GA",685,690,905,1241,1520
NCNTY13293N13293,"Upson County, GA",802,848,939,1240,1245
NCNTY13299N13299,"Ware County, GA",747,752,986,1188,1536
NCNTY13301N13301,"Warren County, GA",710,715,905,1100,1520
NCNTY13303N13303,"Washington County, GA",793,798,1009,1216,1360
NCNTY13305N13305,"Wayne County, GA",728,733,962,1159,1504
NCNTY13307N13307,"Webster County, GA",769,774,980,1232,1408
NCNTY13309N13309,"Wheeler County, GA",675,750,984,1186,1414
NCNTY13311N13311,"White County, GA",966,972,1144,1378,1833
NCNTY13315N13315,"Wilcox County, GA",710,715,905,1220,1520
NCNTY13317N13317,"Wilkes County, GA",715,720,912,1196,1268
NCNTY13319N13319,"Wilkinson County, GA",773,817,905,1232,1240
NCNTY15001N15001,"Hawaii County, HI",1603,1642,2113,2752,3079
NCNTY15005N15005,"Kalawao County, HI",1500,1534,2013,2604,2960
NCNTY15007N15007,"Kauai County, HI",1768,1768,2320,2937,3367
NCNTY16003N16003,"Adams County, ID",719,843,933,1259,1495
NCNTY16007N16007,"Bear Lake County, ID",719,727,933,1307,1567
NCNTY16009N16009,"Benewah County, ID",682,758,995,1331,1599
NCNTY16011N16011,"Bingham County, ID",707,711,933,1307,1567
NCNTY16013N16013,"Blaine County, ID",988,1098,1441,1992,2050
NCNTY16017N16017,"Bonner County, ID",874,880,1154,1617,1850
NCNTY16021N16021,"Boundary County, ID",707,711,933,1307,1567
NCNTY16025N16025,"Camas County, ID",890,899,1154,1617,1938
NCNTY16029N16029,"Caribou County, ID",707,711,933,1307,1562
NCNTY16031N16031,"Cassia County, ID",729,734,956,1340,1576
NCNTY16033N16033,"Clark County, ID",719,727,933,1307,1567
NCNTY16035N16035,"Clearwater County, ID",778,783,1027,1437,1725
NCNTY16037N16037,"Custer County, ID",776,837,1007,1411,1691
NCNTY16039N16039,"Elmore County, ID",811,816,1071,1501,1715
NCNTY16043N16043,"Fremont County, ID",653,843,933,1307,1567
NCNTY16047N16047,"Gooding County, ID",767,777,995,1394,1671
NCNTY16049N16049,"Idaho County, ID",736,818,1073,1487,1802
NCNTY16057N16057,"Latah County, ID",766,830,999,1400,1678
NCNTY16059N16059,"Lemhi County, ID",719,820,933,1256,1567
NCNTY16061N16061,"Lewis County, ID",707,711,933,1307,1567
NCNTY16063N16063,"Lincoln County, ID",719,843,933,1307,1567
NCNTY16065N16065,"Madison County, ID",908,943,1044,1463,1715
NCNTY16067N16067,"Minidoka County, ID",736,806,954,1337,1602
NCNTY16071N16071,"Oneida County, ID",765,773,992,1390,1666
NCNTY16075N16075,"Payette County, ID",763,768,1007,1411,1635
NCNTY16079N16079,"Shoshone County, ID",717,784,1029,1282,1728
NCNTY16081N16081,"Teton County, ID",988,1076,1282,1749,2153
NCNTY16085N16085,"Valley County, ID",850,995,1102,1544,1851
NCNTY16087N16087,"Washington County, ID",799,804,1055,1335,1772
NCNTY17001N17001,"Adams County, IL",723,810,1054,1363,1426
NCNTY17009N17009,"Brown County, IL",670,745,977,1177,1392
NCNTY17011N17011,"Bureau County, IL",723,803,1054,1301,1545
NCNTY17015N17015,"Carroll County, IL",707,712,870,1133,1389
NCNTY17017N17017,"Cass County, IL",597,786,870,1203,1461
NCNTY17021N17021,"Christian County, IL",631,701,920,1108,1267
NCNTY17023N17023,"Clark County, IL",660,777,963,1228,1277
NCNTY17025N17025,"Clay County, IL",597,673,870,1140,1239
NCNTY17029N17029,"Coles County, IL",672,754,980,1301,1390
NCNTY17033N17033,"Crawford County, IL",617,750,900,1164,1511
NCNTY17035N17035,"Cumberland County, IL",597,665,870,1048,1308
NCNTY17039N17039,"De Witt County, IL",697,775,1017,1277,1708
NCNTY17041N17041,"Douglas County, IL",796,826,915,1232,1303
NCNTY17045N17045,"Edgar County, IL",597,743,870,1187,1325
NCNTY17047N17047,"Edwards County, IL",603,671,880,1060,1233
NCNTY17049N17049,"Effingham County, IL",703,707,907,1210,1326
NCNTY17051N17051,"Fayette County, IL",636,718,870,1113,1160
NCNTY17053N17053,"Ford County, IL",607,675,885,1240,1240
NCNTY17055N17055,"Franklin County, IL",633,704,923,1172,1331
NCNTY17059N17059,"Gallatin County, IL",597,684,870,1048,1239
NCNTY17061N17061,"Greene County, IL",656,729,957,1153,1327
NCNTY17065N17065,"Hamilton County, IL",597,705,870,1177,1239
NCNTY17067N17067,"Hancock County, IL",608,753,887,1115,1176
NCNTY17069N17069,"Hardin County, IL",597,663,870,1048,1239
NCNTY17071N17071,"Henderson County, IL",659,663,870,1219,1239
NCNTY17075N17075,"Iroquois County, IL",700,708,929,1146,1346
NCNTY17079N17079,"Jasper County, IL",614,682,895,1078,1275
NCNTY17081N17081,"Jefferson County, IL",805,810,1063,1292,1468
NCNTY17085N17085,"Jo Daviess County, IL",629,777,917,1211,1216
NCNTY17095N17095,"Knox County, IL",687,698,916,1190,1214
NCNTY17099N17099,"La Salle County, IL",790,822,1079,1452,1634
NCNTY17101N17101,"Lawrence County, IL",642,713,936,1157,1241
NCNTY17103N17103,"Lee County, IL",637,826,929,1302,1388
NCNTY17105N17105,"Livingston County, IL",697,780,1017,1303,1348
NCNTY17107N17107,"Logan County, IL",658,748,960,1215,1273
NCNTY17109N17109,"McDonough County, IL",706,794,1030,1312,1556
NCNTY17121N17121,"Marion County, IL",626,731,876,1132,1464
NCNTY17125N17125,"Mason County, IL",602,690,878,1227,1467
NCNTY17127N17127,"Massac County, IL",647,788,943,1261,1343
NCNTY17135N17135,"Montgomery County, IL",685,706,926,1168,1246
NCNTY17137N17137,"Morgan County, IL",618,687,901,1105,1459
NCNTY17139N17139,"Moultrie County, IL",597,665,870,1219,1461
NCNTY17141N17141,"Ogle County, IL",741,806,1057,1324,1488
NCNTY17145N17145,"Perry County, IL",597,663,870,1183,1444
NCNTY17149N17149,"Pike County, IL",597,663,870,1048,1308
NCNTY17151N17151,"Pope County, IL",624,694,910,1161,1296
NCNTY17153N17153,"Pulaski County, IL",597,731,870,1219,1461
NCNTY17155N17155,"Putnam County, IL",620,786,904,1181,1518
NCNTY17157N17157,"Randolph County, IL",605,673,883,1115,1448
NCNTY17159N17159,"Richland County, IL",597,745,870,1067,1429
NCNTY17165N17165,"Saline County, IL",636,707,928,1242,1247
NCNTY17169N17169,"Schuyler County, IL",619,816,903,1095,1516
NCNTY17171N17171,"Scott County, IL",662,736,965,1163,1279
NCNTY17173N17173,"Shelby County, IL",674,749,983,1184,1432
NCNTY17177N17177,"Stephenson County, IL",629,700,918,1114,1292
NCNTY17181N17181,"Union County, IL",663,667,870,1120,1208
NCNTY17185N17185,"Wabash County, IL",636,707,928,1300,1322
NCNTY17187N17187,"Warren County, IL",597,663,870,1113,1445
NCNTY17189N17189,"Washington County, IL",614,808,895,1147,1251
NCNTY17191N17191,"Wayne County, IL",597,663,870,1048,1239
NCNTY17193N17193,"White County, IL",597,663,870,1196,1236
NCNTY17195N17195,"Whiteside County, IL",668,724,949,1181,1258
NCNTY18001N18001,"Adams County, IN",772,776,928,1186,1230
NCNTY18009N18009,"Blackford County, IN",652,785,928,1176,1462
NCNTY18017N18017,"Cass County, IN",770,775,928,1226,1230
NCNTY18023N18023,"Clinton County, IN",702,808,1024,1316,1359
NCNTY18025N18025,"Crawford County, IN",652,838,928,1300,1448
NCNTY18027N18027,"Daviess County, IN",777,783,1013,1236,1343
NCNTY18031N18031,"Decatur County, IN",781,847,1111,1339,1473
NCNTY18033N18033,"DeKalb County, IN",683,740,971,1217,1287
NCNTY18037N18037,"Dubois County, IN",671,728,955,1338,1604
NCNTY18041N18041,"Fayette County, IN",663,738,967,1204,1282
NCNTY18045N18045,"Fountain County, IN",653,708,929,1135,1560
NCNTY18049N18049,"Fulton County, IN",705,765,1003,1208,1330
NCNTY18051N18051,"Gibson County, IN",814,819,1043,1306,1383
NCNTY18053N18053,"Grant County, IN",691,784,981,1275,1450
NCNTY18055N18055,"Greene County, IN",703,708,929,1207,1353
NCNTY18065N18065,"Henry County, IN",764,769,973,1183,1308
NCNTY18069N18069,"Huntington County, IN",652,720,928,1202,1501
NCNTY18071N18071,"Jackson County, IN",844,849,1114,1342,1477
NCNTY18075N18075,"Jay County, IN",661,713,934,1223,1238
NCNTY18077N18077,"Jefferson County, IN",680,849,991,1246,1664
NCNTY18079N18079,"Jennings County, IN",706,737,967,1355,1603
NCNTY18083N18083,"Knox County, IN",673,730,958,1182,1270
NCNTY18085N18085,"Kosciusko County, IN",918,924,1141,1404,1602
NCNTY18087N18087,"LaGrange County, IN",743,748,981,1229,1301
NCNTY18093N18093,"Lawrence County, IN",680,738,968,1171,1526
NCNTY18099N18099,"Marshall County, IN",714,835,1016,1269,1347
NCNTY18101N18101,"Martin County, IN",652,707,928,1118,1260
NCNTY18103N18103,"Miami County, IN",652,740,928,1139,1395
NCNTY18107N18107,"Montgomery County, IN",694,797,988,1316,1408
NCNTY18113N18113,"Noble County, IN",710,787,1033,1248,1735
NCNTY18117N18117,"Orange County, IN",652,707,928,1300,1500
NCNTY18123N18123,"Perry County, IN",681,707,928,1170,1558
NCNTY18125N18125,"Pike County, IN",652,775,928,1256,1260
NCNTY18131N18131,"Pulaski County, IN",652,838,928,1289,1558
NCNTY18135N18135,"Randolph County, IN",683,730,928,1226,1230
NCNTY18137N18137,"Ripley County, IN",736,783,1027,1439,1452
NCNTY18139N18139,"Rush County, IN",656,759,933,1127,1237
NCNTY18143N18143,"Scott County, IN",738,820,1076,1419,1427
NCNTY18147N18147,"Spencer County, IN",636,707,928,1300,1444
NCNTY18149N18149,"Starke County, IN",652,707,928,1118,1432
NCNTY18151N18151,"Steuben County, IN",816,822,1078,1354,1429
NCNTY18155N18155,"Switzerland County, IN",652,707,928,1248,1252
NCNTY18159N18159,"Tipton County, IN",686,744,976,1176,1326
NCNTY18169N18169,"Wabash County, IN",682,739,970,1169,1286
NCNTY18177N18177,"Wayne County, IN",752,757,993,1225,1317
NCNTY18179N18179,"Wells County, IN",685,742,974,1173,1387
NCNTY18181N18181,"White County, IN",716,776,1018,1226,1350
NCNTY19001N19001,"Adair County, IA",685,709,930,1228,1233
NCNTY19003N19003,"Adams County, IA",702,726,953,1185,1263
NCNTY19005N19005,"Allamakee County, IA",646,696,877,1185,1276
NCNTY19007N19007,"Appanoose County, IA",662,685,899,1083,1300
NCNTY19009N19009,"Audubon County, IA",674,826,915,1102,1213
NCNTY19019N19019,"Buchanan County, IA",748,753,988,1307,1341
NCNTY19021N19021,"Buena Vista County, IA",751,756,992,1216,1315
NCNTY19023N19023,"Butler County, IA",646,668,877,1057,1320
NCNTY19025N19025,"Calhoun County, IA",646,688,877,1108,1163
NCNTY19027N19027,"Carroll County, IA",601,726,877,1104,1163
NCNTY19029N19029,"Cass County, IA",646,680,877,1229,1401
NCNTY19031N19031,"Cedar County, IA",715,739,970,1220,1286
NCNTY19033N19033,"Cerro Gordo County, IA",746,751,975,1249,1487
NCNTY19035N19035,"Cherokee County, IA",646,792,877,1229,1473
NCNTY19037N19037,"Chickasaw County, IA",665,722,877,1229,1329
NCNTY19039N19039,"Clarke County, IA",651,733,884,1168,1172
NCNTY19041N19041,"Clay County, IA",664,716,901,1190,1195
NCNTY19043N19043,"Clayton County, IA",671,694,910,1106,1206
NCNTY19045N19045,"Clinton County, IA",714,767,1006,1229,1475
NCNTY19047N19047,"Crawford County, IA",646,759,877,1160,1418
NCNTY19051N19051,"Davis County, IA",744,770,1010,1217,1339
NCNTY19053N19053,"Decatur County, IA",646,668,877,1057,1473
NCNTY19055N19055,"Delaware County, IA",646,792,877,1057,1163
NCNTY19057N19057,"Des Moines County, IA",766,851,1117,1380,1481
NCNTY19059N19059,"Dickinson County, IA",834,839,1101,1326,1460
NCNTY19063N19063,"Emmet County, IA",646,745,877,1229,1323
NCNTY19065N19065,"Fayette County, IA",660,698,895,1158,1503
NCNTY19067N19067,"Floyd County, IA",664,668,877,1150,1163
NCNTY19069N19069,"Franklin County, IA",646,668,877,1158,1450
NCNTY19071N19071,"Fremont County, IA",646,685,877,1229,1397
NCNTY19073N19073,"Greene County, IA",646,668,877,1229,1434
NCNTY19079N19079,"Hamilton County, IA",738,790,1002,1207,1328
NCNTY19081N19081,"Hancock County, IA",646,716,877,1182,1473
NCNTY19083N19083,"Hardin County, IA",646,668,877,1159,1269
NCNTY19087N19087,"Henry County, IA",679,703,922,1255,1424
NCNTY19089N19089,"Howard County, IA",646,792,877,1229,1382
NCNTY19091N19091,"Humboldt County, IA",646,737,877,1229,1283
NCNTY19093N19093,"Ida County, IA",646,669,877,1057,1163
NCNTY19095N19095,"Iowa County, IA",646,668,877,1229,1358
NCNTY19097N19097,"Jackson County, IA",646,668,877,1126,1163
NCNTY19101N19101,"Jefferson County, IA",822,828,1086,1308,1440
NCNTY19107N19107,"Keokuk County, IA",690,793,937,1186,1242
NCNTY19109N19109,"Kossuth County, IA",671,719,910,1096,1254
NCNTY19111N19111,"Lee County, IA",663,737,967,1277,1282
NCNTY19115N19115,"Louisa County, IA",633,704,923,1137,1224
NCNTY19117N19117,"Lucas County, IA",801,829,1087,1310,1441
NCNTY19119N19119,"Lyon County, IA",674,759,915,1102,1213
NCNTY19123N19123,"Mahaska County, IA",659,733,961,1158,1274
NCNTY19125N19125,"Marion County, IA",702,807,1024,1234,1358
NCNTY19127N19127,"Marshall County, IA",734,763,995,1314,1319
NCNTY19131N19131,"Mitchell County, IA",646,696,877,1057,1163
NCNTY19133N19133,"Monona County, IA",648,671,880,1060,1433
NCNTY19135N19135,"Monroe County, IA",690,713,936,1236,1241
NCNTY19137N19137,"Montgomery County, IA",646,792,877,1096,1218
NCNTY19139N19139,"Muscatine County, IA",809,864,1098,1424,1656
NCNTY19141N19141,"O'Brien County, IA",646,668,877,1158,1163
NCNTY19143N19143,"Osceola County, IA",665,696,903,1193,1197
NCNTY19145N19145,"Page County, IA",660,682,895,1130,1283
NCNTY19147N19147,"Palo Alto County, IA",646,668,877,1158,1163
NCNTY19149N19149,"Plymouth County, IA",710,772,951,1297,1332
NCNTY19151N19151,"Pocahontas County, IA",649,672,881,1061,1168
NCNTY19157N19157,"Poweshiek County, IA",716,874,972,1284,1289
NCNTY19159N19159,"Ringgold County, IA",646,733,877,1057,1163
NCNTY19161N19161,"Sac County, IA",739,744,877,1161,1165
NCNTY19165N19165,"Shelby County, IA",646,732,877,1229,1333
NCNTY19167N19167,"Sioux County, IA",733,749,942,1240,1284
NCNTY19171N19171,"Tama County, IA",705,729,957,1153,1393
NCNTY19173N19173,"Taylor County, IA",646,668,877,1057,1163
NCNTY19175N19175,"Union County, IA",684,707,928,1226,1230
NCNTY19177N19177,"Van Buren County, IA",646,792,877,1110,1431
NCNTY19179N19179,"Wapello County, IA",801,829,1087,1358,1567
NCNTY19185N19185,"Wayne County, IA",646,712,877,1057,1163
NCNTY19187N19187,"Webster County, IA",697,702,921,1213,1547
NCNTY19189N19189,"Winnebago County, IA",646,684,877,1182,1318
NCNTY19191N19191,"Winneshiek County, IA",679,702,921,1216,1221
NCNTY19195N19195,"Worth County, IA",646,668,877,1229,1426
NCNTY19197N19197,"Wright County, IA",659,681,894,1077,1185
NCNTY20001N20001,"Allen County, KS",636,679,872,1140,1251
NCNTY20003N20003,"Anderson County, KS",625,711,872,1051,1251
NCNTY20005N20005,"Atchison County, KS",638,678,889,1246,1413
NCNTY20007N20007,"Barber County, KS",625,767,872,1158,1464
NCNTY20009N20009,"Barton County, KS",625,708,872,1222,1258
NCNTY20011N20011,"Bourbon County, KS",669,743,975,1175,1389
NCNTY20013N20013,"Brown County, KS",625,665,872,1152,1156
NCNTY20017N20017,"Chase County, KS",625,736,872,1090,1251
NCNTY20019N20019,"Chautauqua County, KS",625,665,872,1152,1156
NCNTY20021N20021,"Cherokee County, KS",660,665,872,1152,1156
NCNTY20023N20023,"Cheyenne County, KS",625,674,872,1051,1272
NCNTY20025N20025,"Clark County, KS",625,788,872,1102,1251
NCNTY20027N20027,"Clay County, KS",649,690,905,1223,1228
NCNTY20029N20029,"Cloud County, KS",625,665,872,1051,1232
NCNTY20031N20031,"Coffey County, KS",625,665,872,1108,1156
NCNTY20033N20033,"Comanche County, KS",625,665,872,1163,1251
NCNTY20035N20035,"Cowley County, KS",636,707,928,1189,1397
NCNTY20037N20037,"Crawford County, KS",723,728,955,1337,1604
NCNTY20039N20039,"Decatur County, KS",625,665,872,1222,1464
NCNTY20041N20041,"Dickinson County, KS",660,665,872,1145,1225
NCNTY20047N20047,"Edwards County, KS",625,673,872,1090,1362
NCNTY20049N20049,"Elk County, KS",625,714,872,1119,1251
NCNTY20051N20051,"Ellis County, KS",658,732,960,1337,1612
NCNTY20053N20053,"Ellsworth County, KS",625,695,872,1051,1156
NCNTY20055N20055,"Finney County, KS",774,822,1079,1444,1797
NCNTY20057N20057,"Ford County, KS",715,774,997,1307,1378
NCNTY20059N20059,"Franklin County, KS",784,789,1030,1241,1423
NCNTY20063N20063,"Gove County, KS",625,788,872,1145,1182
NCNTY20065N20065,"Graham County, KS",625,665,872,1116,1251
NCNTY20067N20067,"Grant County, KS",625,665,872,1222,1251
NCNTY20069N20069,"Gray County, KS",627,789,874,1089,1159
NCNTY20071N20071,"Greeley County, KS",625,666,872,1051,1251
NCNTY20073N20073,"Greenwood County, KS",625,665,872,1051,1251
NCNTY20075N20075,"Hamilton County, KS",771,819,1075,1295,1542
NCNTY20077N20077,"Harper County, KS",625,665,872,1113,1251
NCNTY20081N20081,"Haskell County, KS",625,665,872,1060,1251
NCNTY20083N20083,"Hodgeman County, KS",688,732,960,1345,1377
NCNTY20089N20089,"Jewell County, KS",625,785,872,1119,1251
NCNTY20093N20093,"Kearny County, KS",980,1041,1366,1646,1811
NCNTY20095N20095,"Kingman County, KS",598,665,872,1222,1309
NCNTY20097N20097,"Kiowa County, KS",625,665,872,1054,1156
NCNTY20099N20099,"Labette County, KS",614,682,895,1078,1227
NCNTY20101N20101,"Lane County, KS",683,726,953,1223,1367
NCNTY20105N20105,"Lincoln County, KS",625,665,872,1066,1251
NCNTY20109N20109,"Logan County, KS",705,749,983,1184,1303
NCNTY20111N20111,"Lyon County, KS",624,693,909,1210,1434
NCNTY20113N20113,"McPherson County, KS",686,729,957,1230,1400
NCNTY20115N20115,"Marion County, KS",625,697,872,1152,1156
NCNTY20117N20117,"Marshall County, KS",625,665,872,1222,1464
NCNTY20119N20119,"Meade County, KS",625,665,872,1051,1156
NCNTY20123N20123,"Mitchell County, KS",625,682,872,1222,1251
NCNTY20125N20125,"Montgomery County, KS",631,671,880,1119,1272
NCNTY20127N20127,"Morris County, KS",641,692,894,1077,1376
NCNTY20129N20129,"Morton County, KS",625,665,872,1051,1251
NCNTY20131N20131,"Nemaha County, KS",625,708,872,1195,1398
NCNTY20133N20133,"Neosho County, KS",660,665,872,1173,1439
NCNTY20135N20135,"Ness County, KS",625,665,872,1195,1251
NCNTY20137N20137,"Norton County, KS",625,695,872,1152,1251
NCNTY20141N20141,"Osborne County, KS",625,665,872,1051,1251
NCNTY20143N20143,"Ottawa County, KS",700,744,976,1176,1400
NCNTY20145N20145,"Pawnee County, KS",625,665,872,1208,1251
NCNTY20147N20147,"Phillips County, KS",625,684,872,1159,1251
NCNTY20151N20151,"Pratt County, KS",625,773,872,1191,1195
NCNTY20153N20153,"Rawlins County, KS",669,711,933,1124,1348
NCNTY20155N20155,"Reno County, KS",682,758,995,1199,1355
NCNTY20157N20157,"Republic County, KS",625,788,872,1222,1251
NCNTY20159N20159,"Rice County, KS",625,669,872,1222,1251
NCNTY20163N20163,"Rooks County, KS",625,665,872,1051,1251
NCNTY20165N20165,"Rush County, KS",625,788,872,1222,1237
NCNTY20167N20167,"Russell County, KS",665,781,928,1118,1331
NCNTY20169N20169,"Saline County, KS",804,809,1054,1270,1397
NCNTY20171N20171,"Scott County, KS",625,665,872,1119,1464
NCNTY20175N20175,"Seward County, KS",747,794,1042,1287,1542
NCNTY20179N20179,"Sheridan County, KS",625,696,872,1119,1251
NCNTY20181N20181,"Sherman County, KS",684,727,954,1149,1368
NCNTY20183N20183,"Smith County, KS",666,820,929,1255,1333
NCNTY20185N20185,"Stafford County, KS",625,665,872,1062,1251
NCNTY20187N20187,"Stanton County, KS",666,708,929,1192,1333
NCNTY20189N20189,"Stevens County, KS",670,713,935,1126,1240
NCNTY20193N20193,"Thomas County, KS",625,665,872,1061,1251
NCNTY20195N20195,"Trego County, KS",625,788,872,1051,1251
NCNTY20199N20199,"Wallace County, KS",625,665,872,1151,1251
NCNTY20201N20201,"Washington County, KS",668,673,872,1152,1156
NCNTY20203N20203,"Wichita County, KS",625,788,872,1222,1251
NCNTY20205N20205,"Wilson County, KS",625,665,872,1211,1440
NCNTY20207N20207,"Woodson County, KS",625,745,872,1167,1304
NCNTY21001N21001,"Adair County, KY",624,677,867,1215,1305
NCNTY21005N21005,"Anderson County, KY",737,925,1024,1408,1411
NCNTY21007N21007,"Ballard County, KY",734,777,1020,1229,1405
NCNTY21009N21009,"Barren County, KY",666,705,925,1194,1283
NCNTY21011N21011,"Bath County, KY",624,698,867,1164,1431
NCNTY21013N21013,"Bell County, KY",637,783,867,1189,1336
NCNTY21021N21021,"Boyle County, KY",703,707,928,1236,1480
NCNTY21025N21025,"Breathitt County, KY",624,729,867,1204,1261
NCNTY21027N21027,"Breckinridge County, KY",701,706,867,1145,1149
NCNTY21033N21033,"Caldwell County, KY",658,791,915,1103,1261
NCNTY21035N21035,"Calloway County, KY",848,904,1186,1429,1572
NCNTY21039N21039,"Carlisle County, KY",667,707,927,1117,1277
NCNTY21041N21041,"Carroll County, KY",682,794,948,1189,1330
NCNTY21045N21045,"Casey County, KY",624,783,867,1084,1298
NCNTY21051N21051,"Clay County, KY",735,740,867,1215,1453
NCNTY21053N21053,"Clinton County, KY",624,661,867,1045,1194
NCNTY21055N21055,"Crittenden County, KY",671,710,932,1123,1284
NCNTY21057N21057,"Cumberland County, KY",624,674,867,1191,1194
NCNTY21063N21063,"Elliott County, KY",667,724,927,1160,1277
NCNTY21065N21065,"Estill County, KY",624,674,867,1090,1202
NCNTY21069N21069,"Fleming County, KY",624,739,867,1146,1150
NCNTY21071N21071,"Floyd County, KY",687,728,955,1151,1266
NCNTY21073N21073,"Franklin County, KY",788,892,1131,1485,1775
NCNTY21075N21075,"Fulton County, KY",624,661,867,1215,1456
NCNTY21079N21079,"Garrard County, KY",670,841,931,1140,1411
NCNTY21083N21083,"Graves County, KY",624,661,867,1215,1456
NCNTY21085N21085,"Grayson County, KY",689,693,867,1171,1194
NCNTY21087N21087,"Green County, KY",624,783,867,1145,1149
NCNTY21095N21095,"Harlan County, KY",624,685,867,1129,1149
NCNTY21097N21097,"Harrison County, KY",631,792,877,1158,1163
NCNTY21099N21099,"Hart County, KY",624,671,867,1075,1149
NCNTY21105N21105,"Hickman County, KY",624,661,867,1190,1194
NCNTY21107N21107,"Hopkins County, KY",690,736,965,1231,1376
NCNTY21109N21109,"Jackson County, KY",624,661,867,1190,1194
NCNTY21115N21115,"Johnson County, KY",624,661,867,1125,1296
NCNTY21119N21119,"Knott County, KY",673,677,867,1045,1149
NCNTY21121N21121,"Knox County, KY",624,684,867,1045,1456
NCNTY21125N21125,"Laurel County, KY",647,718,942,1185,1278
NCNTY21127N21127,"Lawrence County, KY",702,743,975,1189,1364
NCNTY21129N21129,"Lee County, KY",642,680,892,1191,1229
NCNTY21131N21131,"Leslie County, KY",624,783,867,1190,1194
NCNTY21133N21133,"Letcher County, KY",624,755,867,1215,1337
NCNTY21135N21135,"Lewis County, KY",624,719,867,1190,1194
NCNTY21137N21137,"Lincoln County, KY",624,770,867,1045,1149
NCNTY21139N21139,"Livingston County, KY",738,801,1026,1236,1414
NCNTY21141N21141,"Logan County, KY",633,671,867,1215,1456
NCNTY21143N21143,"Lyon County, KY",640,678,889,1116,1493
NCNTY21145N21145,"McCracken County, KY",730,823,1065,1283,1788
NCNTY21147N21147,"McCreary County, KY",624,783,867,1084,1194
NCNTY21151N21151,"Madison County, KY",779,869,994,1393,1482
NCNTY21153N21153,"Magoffin County, KY",624,783,867,1097,1194
NCNTY21155N21155,"Marion County, KY",631,668,877,1088,1163
NCNTY21157N21157,"Marshall County, KY",703,832,977,1268,1409
NCNTY21159N21159,"Martin County, KY",667,724,927,1160,1277
NCNTY21161N21161,"Mason County, KY",642,776,936,1156,1290
NCNTY21165N21165,"Menifee County, KY",624,677,867,1112,1194
NCNTY21167N21167,"Mercer County, KY",624,661,867,1215,1456
NCNTY21169N21169,"Metcalfe County, KY",624,687,867,1085,1149
NCNTY21171N21171,"Monroe County, KY",624,661,867,1181,1185
NCNTY21173N21173,"Montgomery County, KY",667,707,927,1224,1229
NCNTY21175N21175,"Morgan County, KY",624,661,867,1203,1207
NCNTY21177N21177,"Muhlenberg County, KY",627,665,872,1051,1304
NCNTY21179N21179,"Nelson County, KY",694,736,965,1336,1620
NCNTY21181N21181,"Nicholas County, KY",624,661,867,1175,1456
NCNTY21183N21183,"Ohio County, KY",652,691,906,1092,1283
NCNTY21187N21187,"Owen County, KY",725,768,1008,1299,1389
NCNTY21189N21189,"Owsley County, KY",624,677,867,1154,1194
NCNTY21193N21193,"Perry County, KY",698,739,970,1169,1286
NCNTY21195N21195,"Pike County, KY",741,809,1030,1241,1502
NCNTY21197N21197,"Powell County, KY",630,667,875,1226,1469
NCNTY21199N21199,"Pulaski County, KY",723,766,1005,1211,1551
NCNTY21201N21201,"Robertson County, KY",624,661,867,1045,1194
NCNTY21203N21203,"Rockcastle County, KY",624,677,867,1148,1194
NCNTY21205N21205,"Rowan County, KY",635,744,926,1166,1555
NCNTY21207N21207,"Russell County, KY",624,661,867,1045,1149
NCNTY21213N21213,"Simpson County, KY",759,816,1055,1413,1453
NCNTY21217N21217,"Taylor County, KY",624,783,867,1166,1171
NCNTY21219N21219,"Todd County, KY",663,702,921,1209,1420
NCNTY21223N21223,"Trimble County, KY",678,773,942,1244,1249
NCNTY21225N21225,"Union County, KY",654,693,909,1095,1205
NCNTY21229N21229,"Washington County, KY",705,747,980,1181,1342
NCNTY21231N21231,"Wayne County, KY",624,689,867,1215,1456
NCNTY21233N21233,"Webster County, KY",643,681,894,1077,1232
NCNTY21235N21235,"Whitley County, KY",624,661,867,1045,1149
NCNTY21237N21237,"Wolfe County, KY",624,682,867,1045,1194
NCNTY22003N22003,"Allen Parish, LA",702,825,952,1180,1390
NCNTY22009N22009,"Avoyelles Parish, LA",725,749,983,1272,1375
NCNTY22011N22011,"Beauregard Parish, LA",733,828,1054,1316,1742
NCNTY22013N22013,"Bienville Parish, LA",666,785,903,1265,1516
NCNTY22021N22021,"Caldwell Parish, LA",720,744,976,1176,1425
NCNTY22025N22025,"Catahoula Parish, LA",666,688,903,1265,1318
NCNTY22027N22027,"Claiborne Parish, LA",666,754,903,1088,1318
NCNTY22029N22029,"Concordia Parish, LA",666,688,903,1265,1318
NCNTY22035N22035,"East Carroll Parish, LA",728,752,987,1383,1491
NCNTY22039N22039,"Evangeline Parish, LA",666,728,903,1196,1197
NCNTY22041N22041,"Franklin Parish, LA",666,775,903,1149,1197
NCNTY22049N22049,"Jackson Parish, LA",666,816,903,1260,1291
NCNTY22053N22053,"Jefferson Davis Parish, LA",679,713,933,1307,1567
NCNTY22059N22059,"La Salle Parish, LA",710,734,963,1241,1406
NCNTY22061N22061,"Lincoln Parish, LA",758,812,1028,1350,1681
NCNTY22065N22065,"Madison Parish, LA",684,688,903,1117,1516
NCNTY22069N22069,"Natchitoches Parish, LA",758,842,1105,1369,1557
NCNTY22081N22081,"Red River Parish, LA",683,706,926,1164,1425
NCNTY22083N22083,"Richland Parish, LA",756,761,998,1202,1421
NCNTY22085N22085,"Sabine Parish, LA",700,778,1021,1230,1354
NCNTY22097N22097,"St. Landry Parish, LA",729,734,963,1231,1424
NCNTY22101N22101,"St. Mary Parish, LA",795,800,1050,1371,1693
NCNTY22107N22107,"Tensas Parish, LA",666,816,903,1265,1318
NCNTY22115N22115,"Vernon Parish, LA",910,916,1202,1543,1656
NCNTY22117N22117,"Washington Parish, LA",785,816,903,1265,1459
NCNTY22119N22119,"Webster Parish, LA",674,697,914,1207,1212
NCNTY22123N22123,"West Carroll Parish, LA",666,688,903,1196,1256
NCNTY22127N22127,"Winn Parish, LA",666,816,903,1265,1318
NCNTY23003N23003,"Aroostook County, ME",762,820,1029,1410,1468
NCNTY23007N23007,"Franklin County, ME",789,877,1151,1520,1526
NCNTY23009N23009,"Hancock County, ME",1070,1076,1272,1680,1686
NCNTY23011N23011,"Kennebec County, ME",944,950,1224,1534,1835
NCNTY23013N23013,"Knox County, ME",850,1049,1240,1548,1892
NCNTY23015N23015,"Lincoln County, ME",1112,1134,1279,1689,1696
NCNTY23017N23017,"Oxford County, ME",914,920,1207,1581,2027
NCNTY23021N23021,"Piscataquis County, ME",863,959,1258,1516,1678
NCNTY23025N23025,"Somerset County, ME",881,955,1104,1415,1583
NCNTY23027N23027,"Waldo County, ME",973,980,1254,1621,1742
NCNTY23029N23029,"Washington County, ME",720,800,1050,1471,1577
NCNTY24011N24011,"Caroline County, MD",1041,1048,1375,1792,2286
NCNTY24019N24019,"Dorchester County, MD",954,960,1201,1683,2017
NCNTY24023N24023,"Garrett County, MD",820,834,943,1321,1548
NCNTY24029N24029,"Kent County, MD",1212,1227,1394,1808,2341
NCNTY24041N24041,"Talbot County, MD",1316,1367,1514,2121,2542
NCNTY25007N25007,"Dukes County, MA",1851,1863,2417,3387,3590
NCNTY25019N25019,"Nantucket County, MA",2425,2570,2998,3612,5034
NCNTY26001N26001,"Alcona County, MI",654,813,933,1294,1385
NCNTY26003N26003,"Alger County, MI",733,798,1047,1261,1388
NCNTY26005N26005,"Allegan County, MI",889,895,1168,1488,1573
NCNTY26007N26007,"Alpena County, MI",640,745,933,1165,1567
NCNTY26009N26009,"Antrim County, MI",772,903,1126,1357,1671
NCNTY26011N26011,"Arenac County, MI",654,711,933,1290,1295
NCNTY26013N26013,"Baraga County, MI",707,711,933,1124,1310
NCNTY26015N26015,"Barry County, MI",794,864,1133,1539,1656
NCNTY26019N26019,"Benzie County, MI",866,943,1237,1490,1640
NCNTY26023N26023,"Branch County, MI",701,833,1001,1322,1327
NCNTY26029N26029,"Charlevoix County, MI",706,821,1008,1412,1644
NCNTY26031N26031,"Cheboygan County, MI",697,774,1016,1224,1347
NCNTY26033N26033,"Chippewa County, MI",752,836,1097,1322,1454
NCNTY26035N26035,"Clare County, MI",661,719,943,1166,1584
NCNTY26039N26039,"Crawford County, MI",703,853,1025,1246,1459
NCNTY26041N26041,"Delta County, MI",640,711,933,1231,1567
NCNTY26043N26043,"Dickinson County, MI",654,807,933,1124,1348
NCNTY26047N26047,"Emmet County, MI",872,949,1245,1500,1656
NCNTY26051N26051,"Gladwin County, MI",654,711,933,1307,1567
NCNTY26053N26053,"Gogebic County, MI",654,733,933,1281,1285
NCNTY26055N26055,"Grand Traverse County, MI",1137,1144,1362,1679,1806
NCNTY26057N26057,"Gratiot County, MI",654,737,933,1227,1525
NCNTY26059N26059,"Hillsdale County, MI",724,729,956,1217,1267
NCNTY26061N26061,"Houghton County, MI",776,780,933,1307,1567
NCNTY26063N26063,"Huron County, MI",640,761,933,1146,1237
NCNTY26069N26069,"Iosco County, MI",750,754,933,1213,1328
NCNTY26071N26071,"Iron County, MI",698,759,996,1229,1321
NCNTY26073N26073,"Isabella County, MI",876,888,1008,1331,1336
NCNTY26079N26079,"Kalkaska County, MI",654,718,933,1261,1266
NCNTY26083N26083,"Keweenaw County, MI",654,805,933,1307,1328
NCNTY26085N26085,"Lake County, MI",679,778,969,1358,1627
NCNTY26089N26089,"Leelanau County, MI",1005,1278,1435,1729,1903
NCNTY26091N26091,"Lenawee County, MI",804,875,1132,1470,1715
NCNTY26095N26095,"Luce County, MI",679,739,969,1167,1324
NCNTY26097N26097,"Mackinac County, MI",757,762,1000,1205,1423
NCNTY26101N26101,"Manistee County, MI",777,782,1026,1290,1360
NCNTY26103N26103,"Marquette County, MI",791,977,1153,1389,1827
NCNTY26105N26105,"Mason County, MI",703,782,1004,1312,1354
NCNTY26107N26107,"Mecosta County, MI",715,824,1021,1308,1453
NCNTY26109N26109,"Menominee County, MI",673,749,933,1307,1328
NCNTY26113N26113,"Missaukee County, MI",663,722,947,1158,1256
NCNTY26119N26119,"Montmorency County, MI",654,843,933,1307,1328
NCNTY26123N26123,"Newaygo County, MI",709,788,1034,1383,1449
NCNTY26127N26127,"Oceana County, MI",704,762,1000,1210,1547
NCNTY26129N26129,"Ogemaw County, MI",643,847,938,1130,1244
NCNTY26131N26131,"Ontonagon County, MI",654,843,933,1196,1567
NCNTY26133N26133,"Osceola County, MI",716,721,946,1150,1346
NCNTY26135N26135,"Oscoda County, MI",667,726,952,1235,1355
NCNTY26137N26137,"Otsego County, MI",818,823,1058,1418,1636
NCNTY26141N26141,"Presque Isle County, MI",654,711,933,1126,1426
NCNTY26143N26143,"Roscommon County, MI",654,711,933,1204,1459
NCNTY26149N26149,"St. Joseph County, MI",692,753,988,1357,1466
NCNTY26151N26151,"Sanilac County, MI",640,711,933,1205,1264
NCNTY26153N26153,"Schoolcraft County, MI",654,780,933,1292,1328
NCNTY26157N26157,"Tuscola County, MI",640,754,933,1260,1409
NCNTY26159N26159,"Van Buren County, MI",706,784,1029,1339,1364
NCNTY26165N26165,"Wexford County, MI",766,771,1012,1318,1458
NCNTY27001N27001,"Aitkin County, MN",707,711,933,1307,1327
NCNTY27005N27005,"Becker County, MN",710,796,1036,1385,1506
NCNTY27007N27007,"Beltrami County, MN",833,865,1135,1367,1610
NCNTY27011N27011,"Big Stone County, MN",640,794,933,1194,1329
NCNTY27015N27015,"Brown County, MN",662,736,965,1180,1620
NCNTY27021N27021,"Cass County, MN",778,900,996,1308,1603
NCNTY27023N27023,"Chippewa County, MN",640,779,933,1307,1315
NCNTY27029N27029,"Clearwater County, MN",640,711,933,1177,1567
NCNTY27031N27031,"Cook County, MN",658,867,960,1275,1386
NCNTY27033N27033,"Cottonwood County, MN",640,746,933,1211,1347
NCNTY27035N27035,"Crow Wing County, MN",753,837,1098,1330,1576
NCNTY27041N27041,"Douglas County, MN",742,797,993,1312,1317
NCNTY27043N27043,"Faribault County, MN",640,744,933,1307,1312
NCNTY27047N27047,"Freeborn County, MN",658,732,960,1235,1393
NCNTY27049N27049,"Goodhue County, MN",749,922,1093,1532,1835
NCNTY27051N27051,"Grant County, MN",640,711,933,1307,1567
NCNTY27057N27057,"Hubbard County, MN",667,741,972,1320,1586
NCNTY27061N27061,"Itasca County, MN",804,854,1084,1365,1498
NCNTY27063N27063,"Jackson County, MN",640,784,933,1255,1315
NCNTY27065N27065,"Kanabec County, MN",671,856,979,1372,1439
NCNTY27067N27067,"Kandiyohi County, MN",754,759,933,1307,1539
NCNTY27069N27069,"Kittson County, MN",640,711,933,1124,1403
NCNTY27071N27071,"Koochiching County, MN",640,711,933,1216,1347
NCNTY27073N27073,"Lac qui Parle County, MN",640,835,933,1307,1567
NCNTY27077N27077,"Lake of the Woods County, MN",656,729,957,1153,1382
NCNTY27081N27081,"Lincoln County, MN",640,730,933,1232,1237
NCNTY27083N27083,"Lyon County, MN",646,780,933,1307,1567
NCNTY27085N27085,"McLeod County, MN",801,816,999,1221,1678
NCNTY27087N27087,"Mahnomen County, MN",640,711,933,1163,1341
NCNTY27089N27089,"Marshall County, MN",643,714,937,1133,1573
NCNTY27091N27091,"Martin County, MN",640,712,933,1232,1237
NCNTY27093N27093,"Meeker County, MN",665,816,970,1359,1478
NCNTY27097N27097,"Morrison County, MN",726,778,1021,1431,1535
NCNTY27099N27099,"Mower County, MN",758,842,1105,1395,1470
NCNTY27101N27101,"Murray County, MN",640,782,933,1307,1567
NCNTY27105N27105,"Nobles County, MN",738,820,1076,1296,1427
NCNTY27107N27107,"Norman County, MN",649,722,947,1141,1367
NCNTY27111N27111,"Otter Tail County, MN",680,755,991,1369,1447
NCNTY27113N27113,"Pennington County, MN",794,883,1158,1470,1672
NCNTY27115N27115,"Pine County, MN",867,873,1145,1379,1518
NCNTY27117N27117,"Pipestone County, MN",640,711,933,1202,1514
NCNTY27121N27121,"Pope County, MN",737,819,1075,1295,1425
NCNTY27125N27125,"Red Lake County, MN",663,737,967,1259,1282
NCNTY27127N27127,"Redwood County, MN",640,711,933,1304,1567
NCNTY27129N27129,"Renville County, MN",759,763,933,1307,1543
NCNTY27131N27131,"Rice County, MN",937,944,1238,1645,2038
NCNTY27133N27133,"Rock County, MN",649,721,946,1249,1254
NCNTY27135N27135,"Roseau County, MN",661,828,964,1244,1419
NCNTY27143N27143,"Sibley County, MN",652,725,951,1256,1261
NCNTY27147N27147,"Steele County, MN",753,840,1098,1539,1844
NCNTY27149N27149,"Stevens County, MN",660,734,963,1349,1617
NCNTY27151N27151,"Swift County, MN",640,711,933,1185,1237
NCNTY27153N27153,"Todd County, MN",738,743,933,1297,1349
NCNTY27155N27155,"Traverse County, MN",640,715,933,1307,1490
NCNTY27159N27159,"Wadena County, MN",688,790,1003,1208,1330
NCNTY27161N27161,"Waseca County, MN",704,711,933,1307,1537
NCNTY27165N27165,"Watonwan County, MN",640,829,933,1232,1237
NCNTY27167N27167,"Wilkin County, MN",696,774,1015,1422,1512
NCNTY27169N27169,"Winona County, MN",748,828,1013,1283,1396
NCNTY27173N27173,"Yellow Medicine County, MN",640,711,933,1124,1237
NCNTY28001N28001,"Adams County, MS",807,843,933,1232,1237
NCNTY28003N28003,"Alcorn County, MS",780,784,933,1286,1291
NCNTY28005N28005,"Amite County, MS",743,748,981,1201,1306
NCNTY28007N28007,"Attala County, MS",707,711,933,1238,1242
NCNTY28009N28009,"Benton County, MS",807,843,933,1242,1242
NCNTY28011N28011,"Bolivar County, MS",725,730,958,1208,1270
NCNTY28013N28013,"Calhoun County, MS",707,711,933,1296,1352
NCNTY28015N28015,"Carroll County, MS",707,711,933,1165,1242
NCNTY28017N28017,"Chickasaw County, MS",707,711,933,1245,1567
NCNTY28019N28019,"Choctaw County, MS",707,711,933,1238,1242
NCNTY28021N28021,"Claiborne County, MS",770,775,933,1165,1242
NCNTY28023N28023,"Clarke County, MS",878,917,1015,1223,1346
NCNTY28025N28025,"Clay County, MS",770,775,933,1287,1567
NCNTY28027N28027,"Coahoma County, MS",811,831,933,1307,1523
NCNTY28037N28037,"Franklin County, MS",861,900,996,1321,1326
NCNTY28039N28039,"George County, MS",817,822,990,1193,1662
NCNTY28041N28041,"Greene County, MS",760,764,933,1124,1242
NCNTY28043N28043,"Grenada County, MS",752,757,993,1196,1352
NCNTY28053N28053,"Humphreys County, MS",807,843,933,1232,1237
NCNTY28055N28055,"Issaquena County, MS",822,827,996,1244,1326
NCNTY28057N28057,"Itawamba County, MS",811,816,1010,1217,1345
NCNTY28061N28061,"Jasper County, MS",770,775,933,1238,1242
NCNTY28063N28063,"Jefferson County, MS",707,711,933,1136,1242
NCNTY28065N28065,"Jefferson Davis County, MS",770,775,933,1133,1242
NCNTY28067N28067,"Jones County, MS",790,795,1039,1252,1425
NCNTY28069N28069,"Kemper County, MS",822,827,996,1321,1326
NCNTY28071N28071,"Lafayette County, MS",1176,1183,1392,1753,1846
NCNTY28075N28075,"Lauderdale County, MS",932,951,1080,1446,1525
NCNTY28077N28077,"Lawrence County, MS",778,784,1028,1239,1369
NCNTY28079N28079,"Leake County, MS",807,813,1066,1284,1419
NCNTY28081N28081,"Lee County, MS",970,975,1153,1453,1529
NCNTY28083N28083,"Leflore County, MS",717,722,947,1184,1256
NCNTY28085N28085,"Lincoln County, MS",763,768,1007,1332,1335
NCNTY28087N28087,"Lowndes County, MS",872,877,1029,1411,1491
NCNTY28091N28091,"Marion County, MS",716,721,946,1140,1406
NCNTY28095N28095,"Monroe County, MS",829,858,958,1154,1270
NCNTY28097N28097,"Montgomery County, MS",853,858,996,1258,1326
NCNTY28099N28099,"Neshoba County, MS",807,843,933,1274,1504
NCNTY28101N28101,"Newton County, MS",738,742,974,1173,1291
NCNTY28103N28103,"Noxubee County, MS",770,775,933,1165,1242
NCNTY28105N28105,"Oktibbeha County, MS",883,1041,1153,1523,1529
NCNTY28107N28107,"Panola County, MS",684,828,997,1288,1671
NCNTY28109N28109,"Pearl River County, MS",971,1014,1123,1556,1562
NCNTY28113N28113,"Pike County, MS",981,991,1134,1366,1503
NCNTY28115N28115,"Pontotoc County, MS",710,936,1036,1248,1572
NCNTY28117N28117,"Prentiss County, MS",707,711,933,1124,1242
NCNTY28119N28119,"Quitman County, MS",707,711,933,1293,1567
NCNTY28123N28123,"Scott County, MS",837,842,1005,1211,1352
NCNTY28125N28125,"Sharkey County, MS",770,775,933,1238,1242
NCNTY28129N28129,"Smith County, MS",807,843,933,1124,1242
NCNTY28133N28133,"Sunflower County, MS",640,711,933,1262,1399
NCNTY28135N28135,"Tallahatchie County, MS",807,843,933,1217,1567
NCNTY28139N28139,"Tippah County, MS",770,775,933,1187,1242
NCNTY28141N28141,"Tishomingo County, MS",807,843,933,1238,1242
NCNTY28145N28145,"Union County, MS",862,895,991,1277,1314
NCNTY28147N28147,"Walthall County, MS",907,912,1098,1323,1456
NCNTY28149N28149,"Warren County, MS",879,884,1080,1343,1530
NCNTY28151N28151,"Washington County, MS",699,807,933,1307,1567
NCNTY28153N28153,"Wayne County, MS",770,775,933,1158,1242
NCNTY28155N28155,"Webster County, MS",914,920,1107,1334,1468
NCNTY28157N28157,"Wilkinson County, MS",770,775,933,1165,1242
NCNTY28159N28159,"Winston County, MS",807,843,933,1232,1237
NCNTY28161N28161,"Yalobusha County, MS",741,746,933,1238,1379
NCNTY29001N29001,"Adair County, MO",628,657,852,1194,1431
NCNTY29005N29005,"Atchison County, MO",615,628,824,993,1190
NCNTY29007N29007,"Audrain County, MO",621,657,832,1085,1103
NCNTY29009N29009,"Barry County, MO",630,634,830,1163,1241
NCNTY29011N29011,"Barton County, MO",615,680,824,1155,1274
NCNTY29015N29015,"Benton County, MO",689,704,924,1145,1296
NCNTY29023N29023,"Butler County, MO",643,657,862,1180,1203
NCNTY29029N29029,"Camden County, MO",679,694,910,1254,1279
NCNTY29033N29033,"Carroll County, MO",650,664,871,1151,1278
NCNTY29035N29035,"Carter County, MO",615,628,824,1016,1242
NCNTY29039N29039,"Cedar County, MO",615,628,824,1122,1242
NCNTY29041N29041,"Chariton County, MO",615,628,824,1118,1328
NCNTY29045N29045,"Clark County, MO",615,628,824,1078,1242
NCNTY29055N29055,"Crawford County, MO",594,700,866,1201,1313
NCNTY29057N29057,"Dade County, MO",615,671,824,1155,1384
NCNTY29061N29061,"Daviess County, MO",615,628,824,1076,1264
NCNTY29065N29065,"Dent County, MO",643,657,862,1039,1222
NCNTY29067N29067,"Douglas County, MO",628,642,842,1014,1269
NCNTY29069N29069,"Dunklin County, MO",615,628,824,1072,1244
NCNTY29073N29073,"Gasconade County, MO",565,628,824,1027,1253
NCNTY29075N29075,"Gentry County, MO",615,657,824,1155,1384
NCNTY29079N29079,"Grundy County, MO",615,628,824,1083,1273
NCNTY29081N29081,"Harrison County, MO",630,658,845,1018,1120
NCNTY29083N29083,"Henry County, MO",663,667,875,1156,1160
NCNTY29085N29085,"Hickory County, MO",615,714,824,1155,1242
NCNTY29087N29087,"Holt County, MO",615,628,824,1045,1310
NCNTY29091N29091,"Howell County, MO",615,634,824,1155,1384
NCNTY29093N29093,"Iron County, MO",615,744,824,1037,1292
NCNTY29101N29101,"Johnson County, MO",800,804,927,1299,1557
NCNTY29103N29103,"Knox County, MO",651,665,873,1052,1316
NCNTY29105N29105,"Laclede County, MO",664,678,890,1181,1484
NCNTY29109N29109,"Lawrence County, MO",648,652,856,1159,1286
NCNTY29111N29111,"Lewis County, MO",576,628,824,1088,1092
NCNTY29115N29115,"Linn County, MO",615,628,824,993,1092
NCNTY29117N29117,"Livingston County, MO",668,682,895,1155,1187
NCNTY29119N29119,"McDonald County, MO",638,642,842,1128,1414
NCNTY29121N29121,"Macon County, MO",610,678,890,1244,1279
NCNTY29123N29123,"Madison County, MO",669,684,897,1143,1506
NCNTY29125N29125,"Maries County, MO",615,739,824,1118,1242
NCNTY29127N29127,"Marion County, MO",640,740,933,1237,1242
NCNTY29129N29129,"Mercer County, MO",661,675,886,1242,1336
NCNTY29131N29131,"Miller County, MO",674,816,904,1089,1416
NCNTY29133N29133,"Mississippi County, MO",618,631,828,1128,1390
NCNTY29137N29137,"Monroe County, MO",644,658,863,1040,1236
NCNTY29139N29139,"Montgomery County, MO",633,637,836,1163,1268
NCNTY29141N29141,"Morgan County, MO",615,681,824,1088,1092
NCNTY29143N29143,"New Madrid County, MO",680,694,911,1099,1208
NCNTY29147N29147,"Nodaway County, MO",674,716,904,1133,1518
NCNTY29149N29149,"Oregon County, MO",615,628,824,1155,1245
NCNTY29153N29153,"Ozark County, MO",660,674,884,1065,1172
NCNTY29155N29155,"Pemiscot County, MO",615,723,824,1088,1092
NCNTY29157N29157,"Perry County, MO",720,867,965,1299,1376
NCNTY29159N29159,"Pettis County, MO",745,750,984,1266,1411
NCNTY29161N29161,"Phelps County, MO",724,734,947,1251,1256
NCNTY29163N29163,"Pike County, MO",664,678,890,1072,1180
NCNTY29169N29169,"Pulaski County, MO",807,813,1066,1494,1763
NCNTY29171N29171,"Putnam County, MO",615,649,824,993,1242
NCNTY29173N29173,"Ralls County, MO",689,704,924,1167,1552
NCNTY29175N29175,"Randolph County, MO",615,636,824,1155,1260
NCNTY29179N29179,"Reynolds County, MO",648,662,869,1047,1152
NCNTY29181N29181,"Ripley County, MO",615,664,824,1020,1312
NCNTY29185N29185,"St. Clair County, MO",567,630,827,996,1247
NCNTY29186N29186,"Ste. Genevieve County, MO",690,705,925,1114,1511
NCNTY29187N29187,"St. Francois County, MO",666,685,899,1190,1195
NCNTY29195N29195,"Saline County, MO",651,665,873,1198,1316
NCNTY29197N29197,"Schuyler County, MO",631,701,920,1108,1220
NCNTY29199N29199,"Scotland County, MO",615,628,824,1155,1242
NCNTY29201N29201,"Scott County, MO",719,734,963,1206,1277
NCNTY29203N29203,"Shannon County, MO",663,677,888,1070,1339
NCNTY29205N29205,"Shelby County, MO",615,638,824,1053,1285
NCNTY29207N29207,"Stoddard County, MO",620,633,831,1099,1231
NCNTY29209N29209,"Stone County, MO",644,686,900,1261,1511
NCNTY29211N29211,"Sullivan County, MO",565,628,824,1051,1092
NCNTY29213N29213,"Taney County, MO",777,782,1026,1323,1659
NCNTY29215N29215,"Texas County, MO",615,741,824,1106,1384
NCNTY29217N29217,"Vernon County, MO",722,738,968,1183,1459
NCNTY29221N29221,"Washington County, MO",615,679,824,993,1233
NCNTY29223N29223,"Wayne County, MO",615,744,824,1000,1384
NCNTY29227N29227,"Worth County, MO",660,675,885,1167,1334
NCNTY29229N29229,"Wright County, MO",615,628,824,1155,1333
NCNTY30001N30001,"Beaverhead County, MT",731,900,996,1396,1673
NCNTY30003N30003,"Big Horn County, MT",825,858,1125,1436,1659
NCNTY30005N30005,"Blaine County, MT",732,761,998,1202,1592
NCNTY30007N30007,"Broadwater County, MT",1101,1264,1501,1808,2395
NCNTY30011N30011,"Carter County, MT",857,960,1168,1407,1863
NCNTY30015N30015,"Chouteau County, MT",828,860,1128,1368,1692
NCNTY30017N30017,"Custer County, MT",983,1092,1433,1968,1975
NCNTY30019N30019,"Daniels County, MT",1027,1076,1400,1913,2234
NCNTY30021N30021,"Dawson County, MT",828,868,1129,1360,1697
NCNTY30023N30023,"Deer Lodge County, MT",726,894,990,1387,1635
NCNTY30025N30025,"Fallon County, MT",921,965,1256,1717,2004
NCNTY30027N30027,"Fergus County, MT",909,944,1239,1626,1977
NCNTY30029N30029,"Flathead County, MT",1106,1149,1508,2009,2532
NCNTY30031N30031,"Gallatin County, MT",1352,1517,1948,2730,3223
NCNTY30033N30033,"Garfield County, MT",776,813,1058,1277,1688
NCNTY30035N30035,"Glacier County, MT",869,962,1131,1399,1752
NCNTY30037N30037,"Golden Valley County, MT",844,877,1151,1584,1836
NCNTY30039N30039,"Granite County, MT",684,757,933,1307,1489
NCNTY30041N30041,"Hill County, MT",866,935,1181,1560,1566
NCNTY30043N30043,"Jefferson County, MT",854,949,1245,1745,1986
NCNTY30045N30045,"Judith Basin County, MT",737,772,1004,1235,1602
NCNTY30047N30047,"Lake County, MT",952,971,1263,1594,1674
NCNTY30049N30049,"Lewis and Clark County, MT",1006,1157,1467,1936,2203
NCNTY30051N30051,"Liberty County, MT",684,726,933,1307,1489
NCNTY30053N30053,"Lincoln County, MT",774,953,1055,1478,1772
NCNTY30055N30055,"McCone County, MT",1027,1076,1400,1913,2234
NCNTY30057N30057,"Madison County, MT",1061,1068,1390,1675,2334
NCNTY30059N30059,"Meagher County, MT",939,984,1280,1749,2042
NCNTY30061N30061,"Mineral County, MT",848,914,1156,1393,1682
NCNTY30065N30065,"Musselshell County, MT",839,887,1144,1603,1921
NCNTY30067N30067,"Park County, MT",961,1177,1401,1948,2353
NCNTY30069N30069,"Petroleum County, MT",1027,1076,1400,1913,2234
NCNTY30071N30071,"Phillips County, MT",684,843,933,1307,1489
NCNTY30073N30073,"Pondera County, MT",786,967,1071,1365,1678
NCNTY30075N30075,"Powder River County, MT",684,717,933,1307,1489
NCNTY30077N30077,"Powell County, MT",788,825,1074,1505,1713
NCNTY30079N30079,"Prairie County, MT",1027,1076,1400,1913,2234
NCNTY30081N30081,"Ravalli County, MT",981,989,1242,1740,2086
NCNTY30083N30083,"Richland County, MT",828,1020,1129,1360,1896
NCNTY30085N30085,"Roosevelt County, MT",810,848,1112,1340,1774
NCNTY30087N30087,"Rosebud County, MT",749,842,1021,1395,1715
NCNTY30089N30089,"Sanders County, MT",748,805,984,1263,1652
NCNTY30091N30091,"Sheridan County, MT",806,909,1098,1531,1537
NCNTY30093N30093,"Silver Bow County, MT",847,966,1229,1722,1965
NCNTY30097N30097,"Sweet Grass County, MT",746,804,1017,1425,1623
NCNTY30099N30099,"Teton County, MT",872,1074,1189,1575,1781
NCNTY30101N30101,"Toole County, MT",790,915,1077,1509,1718
NCNTY30103N30103,"Treasure County, MT",1027,1076,1400,1913,2234
NCNTY30105N30105,"Valley County, MT",752,781,1025,1304,1540
NCNTY30107N30107,"Wheatland County, MT",707,741,964,1254,1538
NCNTY30109N30109,"Wibaux County, MT",1027,1076,1400,1913,2234
NCNTY31001N31001,"Adams County, NE",686,784,940,1236,1246
NCNTY31003N31003,"Antelope County, NE",622,691,907,1204,1208
NCNTY31005N31005,"Arthur County, NE",622,691,907,1188,1204
NCNTY31007N31007,"Banner County, NE",649,722,947,1179,1257
NCNTY31009N31009,"Blaine County, NE",649,722,947,1179,1257
NCNTY31011N31011,"Boone County, NE",622,691,907,1170,1339
NCNTY31013N31013,"Box Butte County, NE",654,727,954,1149,1265
NCNTY31015N31015,"Boyd County, NE",622,691,907,1129,1204
NCNTY31017N31017,"Brown County, NE",622,691,907,1093,1204
NCNTY31019N31019,"Buffalo County, NE",694,828,1002,1335,1683
NCNTY31021N31021,"Burt County, NE",622,691,907,1093,1230
NCNTY31023N31023,"Butler County, NE",622,698,907,1198,1203
NCNTY31027N31027,"Cedar County, NE",622,713,907,1227,1491
NCNTY31029N31029,"Chase County, NE",622,819,907,1093,1523
NCNTY31031N31031,"Cherry County, NE",622,765,907,1096,1204
NCNTY31033N31033,"Cheyenne County, NE",788,793,1026,1277,1360
NCNTY31035N31035,"Clay County, NE",622,729,907,1093,1274
NCNTY31037N31037,"Colfax County, NE",661,793,964,1161,1278
NCNTY31039N31039,"Cuming County, NE",622,782,907,1198,1203
NCNTY31041N31041,"Custer County, NE",622,720,907,1208,1340
NCNTY31045N31045,"Dawes County, NE",677,752,987,1306,1310
NCNTY31047N31047,"Dawson County, NE",669,881,976,1231,1294
NCNTY31049N31049,"Deuel County, NE",622,691,907,1200,1204
NCNTY31053N31053,"Dodge County, NE",749,832,1092,1316,1448
NCNTY31057N31057,"Dundy County, NE",622,716,907,1129,1204
NCNTY31059N31059,"Fillmore County, NE",622,819,907,1135,1204
NCNTY31061N31061,"Franklin County, NE",649,771,947,1251,1256
NCNTY31063N31063,"Frontier County, NE",622,691,907,1233,1282
NCNTY31065N31065,"Furnas County, NE",622,781,907,1200,1204
NCNTY31067N31067,"Gage County, NE",622,691,907,1093,1251
NCNTY31069N31069,"Garden County, NE",636,707,927,1117,1231
NCNTY31071N31071,"Garfield County, NE",622,691,907,1200,1204
NCNTY31073N31073,"Gosper County, NE",622,691,907,1195,1412
NCNTY31075N31075,"Grant County, NE",649,722,947,1179,1257
NCNTY31077N31077,"Greeley County, NE",622,691,907,1093,1203
NCNTY31081N31081,"Hamilton County, NE",622,733,907,1271,1441
NCNTY31083N31083,"Harlan County, NE",622,729,907,1129,1203
NCNTY31085N31085,"Hayes County, NE",622,691,907,1129,1204
NCNTY31087N31087,"Hitchcock County, NE",622,691,907,1093,1454
NCNTY31089N31089,"Holt County, NE",650,785,948,1142,1259
NCNTY31091N31091,"Hooker County, NE",622,798,907,1129,1204
NCNTY31095N31095,"Jefferson County, NE",622,717,907,1198,1352
NCNTY31097N31097,"Johnson County, NE",649,721,946,1140,1256
NCNTY31099N31099,"Kearney County, NE",655,728,955,1151,1266
NCNTY31101N31101,"Keith County, NE",622,729,907,1145,1286
NCNTY31103N31103,"Keya Paha County, NE",779,866,1136,1414,1508
NCNTY31105N31105,"Kimball County, NE",622,691,907,1271,1501
NCNTY31107N31107,"Knox County, NE",622,691,907,1162,1388
NCNTY31111N31111,"Lincoln County, NE",736,741,972,1218,1450
NCNTY31113N31113,"Logan County, NE",622,691,907,1129,1204
NCNTY31115N31115,"Loup County, NE",622,691,907,1129,1204
NCNTY31117N31117,"McPherson County, NE",649,722,947,1179,1257
NCNTY31119N31119,"Madison County, NE",663,737,967,1242,1513
NCNTY31123N31123,"Morrill County, NE",622,721,907,1093,1204
NCNTY31125N31125,"Nance County, NE",622,691,907,1093,1204
NCNTY31127N31127,"Nemaha County, NE",622,691,907,1271,1387
NCNTY31129N31129,"Nuckolls County, NE",622,691,907,1093,1204
NCNTY31131N31131,"Otoe County, NE",678,754,989,1308,1313
NCNTY31133N31133,"Pawnee County, NE",622,691,907,1156,1204
NCNTY31135N31135,"Perkins County, NE",622,761,907,1106,1204
NCNTY31137N31137,"Phelps County, NE",622,722,907,1218,1381
NCNTY31139N31139,"Pierce County, NE",622,811,907,1125,1447
NCNTY31141N31141,"Platte County, NE",695,772,1013,1338,1343
NCNTY31143N31143,"Polk County, NE",622,691,907,1093,1204
NCNTY31145N31145,"Red Willow County, NE",622,691,907,1093,1203
NCNTY31147N31147,"Richardson County, NE",622,691,907,1093,1203
NCNTY31149N31149,"Rock County, NE",622,691,907,1129,1204
NCNTY31151N31151,"Saline County, NE",622,719,907,1271,1449
NCNTY31157N31157,"Scotts Bluff County, NE",671,791,979,1372,1429
NCNTY31161N31161,"Sheridan County, NE",625,695,912,1099,1324
NCNTY31163N31163,"Sherman County, NE",622,691,907,1247,1364
NCNTY31165N31165,"Sioux County, NE",622,691,907,1129,1204
NCNTY31167N31167,"Stanton County, NE",793,882,1157,1394,1534
NCNTY31169N31169,"Thayer County, NE",622,691,907,1093,1203
NCNTY31171N31171,"Thomas County, NE",649,722,947,1179,1257
NCNTY31173N31173,"Thurston County, NE",622,691,907,1115,1203
NCNTY31175N31175,"Valley County, NE",622,703,907,1093,1204
NCNTY31179N31179,"Wayne County, NE",622,691,907,1093,1502
NCNTY31181N31181,"Webster County, NE",622,691,907,1200,1204
NCNTY31183N31183,"Wheeler County, NE",622,691,907,1200,1204
NCNTY31185N31185,"York County, NE",681,757,993,1196,1317
NCNTY32001N32001,"Churchill County, NV",989,1035,1358,1903,2202
NCNTY32005N32005,"Douglas County, NV",1068,1276,1557,2182,2615
NCNTY32007N32007,"Elko County, NV",1053,1170,1535,1939,2578
NCNTY32009N32009,"Esmeralda County, NV",1246,1304,1711,2398,2873
NCNTY32011N32011,"Eureka County, NV",1033,1081,1418,1987,2381
NCNTY32013N32013,"Humboldt County, NV",942,986,1293,1604,2171
NCNTY32015N32015,"Lander County, NV",853,893,1171,1528,1966
NCNTY32017N32017,"Lincoln County, NV",761,922,1045,1464,1755
NCNTY32019N32019,"Lyon County, NV",1108,1114,1302,1824,2186
NCNTY32021N32021,"Mineral County, NV",1197,1253,1644,2304,2761
NCNTY32023N32023,"Nye County, NV",883,1001,1212,1666,1912
NCNTY32027N32027,"Pershing County, NV",732,825,1005,1408,1688
NCNTY32033N32033,"White Pine County, NV",948,992,1302,1701,2186
NCNTY33001N33001,"Belknap County, NH",1093,1267,1586,1999,2381
NCNTY33003N33003,"Carroll County, NH",1019,1179,1460,1963,2437
NCNTY33005N33005,"Cheshire County, NH",1156,1285,1686,2192,2235
NCNTY33007N33007,"Coos County, NH",856,861,1130,1493,1498
NCNTY33009N33009,"Grafton County, NH",1278,1337,1754,2336,2440
NCNTY33013N33013,"Merrimack County, NH",1197,1314,1724,2277,2286
NCNTY33019N33019,"Sullivan County, NH",1024,1133,1486,1988,2161
NCNTY35003N35003,"Catron County, NM",718,808,987,1347,1638
NCNTY35005N35005,"Chaves County, NM",744,792,1023,1324,1517
NCNTY35006N35006,"Cibola County, NM",678,783,933,1171,1237
NCNTY35007N35007,"Colfax County, NM",811,843,933,1247,1549
NCNTY35009N35009,"Curry County, NM",710,857,1036,1327,1740
NCNTY35011N35011,"De Baca County, NM",678,711,933,1227,1549
NCNTY35015N35015,"Eddy County, NM",852,1058,1172,1548,1554
NCNTY35017N35017,"Grant County, NM",748,753,933,1242,1284
NCNTY35019N35019,"Guadalupe County, NM",678,826,933,1273,1549
NCNTY35021N35021,"Harding County, NM",718,808,987,1347,1638
NCNTY35023N35023,"Hidalgo County, NM",678,764,933,1307,1549
NCNTY35025N35025,"Lea County, NM",852,912,1196,1477,1690
NCNTY35027N35027,"Lincoln County, NM",678,790,933,1271,1549
NCNTY35028N35028,"Los Alamos County, NM",1069,1151,1510,1819,2536
NCNTY35029N35029,"Luna County, NM",640,762,933,1290,1567
NCNTY35031N35031,"McKinley County, NM",697,854,1017,1250,1348
NCNTY35033N35033,"Mora County, NM",718,808,987,1347,1638
NCNTY35035N35035,"Otero County, NM",640,761,933,1307,1567
NCNTY35037N35037,"Quay County, NM",678,711,933,1162,1549
NCNTY35039N35039,"Rio Arriba County, NM",707,711,933,1124,1334
NCNTY35041N35041,"Roosevelt County, NM",678,711,933,1307,1567
NCNTY35047N35047,"San Miguel County, NM",753,843,933,1307,1549
NCNTY35051N35051,"Sierra County, NM",640,711,933,1307,1549
NCNTY35053N35053,"Socorro County, NM",678,764,933,1307,1549
NCNTY35055N35055,"Taos County, NM",913,1055,1209,1546,2030
NCNTY35059N35059,"Union County, NM",678,768,933,1273,1549
NCNTY36003N36003,"Allegany County, NY",741,788,988,1236,1442
NCNTY36009N36009,"Cattaraugus County, NY",773,778,1005,1233,1416
NCNTY36011N36011,"Cayuga County, NY",862,868,1120,1432,1668
NCNTY36013N36013,"Chautauqua County, NY",725,765,985,1279,1306
NCNTY36017N36017,"Chenango County, NY",810,881,1008,1389,1524
NCNTY36019N36019,"Clinton County, NY",1016,1023,1291,1555,1712
NCNTY36021N36021,"Columbia County, NY",1263,1273,1453,1751,1926
NCNTY36023N36023,"Cortland County, NY",941,947,1175,1458,1973
NCNTY36025N36025,"Delaware County, NY",845,850,978,1370,1374
NCNTY36031N36031,"Essex County, NY",883,904,1157,1501,1708
NCNTY36033N36033,"Franklin County, NY",715,874,1043,1314,1518
NCNTY36035N36035,"Fulton County, NY",834,839,1101,1326,1480
NCNTY36037N36037,"Genesee County, NY",782,941,1141,1375,1513
NCNTY36039N36039,"Greene County, NY",1139,1197,1411,1935,2110
NCNTY36041N36041,"Hamilton County, NY",1047,1054,1383,1666,1834
NCNTY36049N36049,"Lewis County, NY",781,798,1024,1357,1662
NCNTY36057N36057,"Montgomery County, NY",811,915,1087,1384,1449
NCNTY36077N36077,"Otsego County, NY",863,1017,1259,1517,1669
NCNTY36089N36089,"St. Lawrence County, NY",768,858,1098,1323,1456
NCNTY36097N36097,"Schuyler County, NY",801,891,1168,1540,1614
NCNTY36099N36099,"Seneca County, NY",847,862,1110,1455,1864
NCNTY36101N36101,"Steuben County, NY",905,911,1106,1428,1857
NCNTY36105N36105,"Sullivan County, NY",1007,1108,1304,1827,1942
NCNTY36121N36121,"Wyoming County, NY",724,807,949,1307,1518
NCNTY37005N37005,"Alleghany County, NC",763,768,1007,1213,1514
NCNTY37009N37009,"Ashe County, NC",713,717,930,1228,1233
NCNTY37011N37011,"Avery County, NC",851,857,1124,1354,1690
NCNTY37013N37013,"Beaufort County, NC",789,794,967,1295,1624
NCNTY37015N37015,"Bertie County, NC",816,822,1078,1299,1500
NCNTY37017N37017,"Bladen County, NC",704,709,930,1244,1341
NCNTY37031N37031,"Carteret County, NC",990,996,1307,1699,2146
NCNTY37033N37033,"Caswell County, NC",780,826,930,1270,1398
NCNTY37039N37039,"Cherokee County, NC",786,791,1038,1449,1631
NCNTY37041N37041,"Chowan County, NC",911,917,1203,1450,1808
NCNTY37043N37043,"Clay County, NC",972,1047,1159,1542,1742
NCNTY37045N37045,"Cleveland County, NC",730,734,963,1349,1447
NCNTY37047N37047,"Columbus County, NC",742,747,980,1181,1299
NCNTY37055N37055,"Dare County, NC",1152,1341,1491,1980,2031
NCNTY37061N37061,"Duplin County, NC",777,782,1026,1236,1360
NCNTY37075N37075,"Graham County, NC",780,840,930,1249,1398
NCNTY37079N37079,"Greene County, NC",761,765,948,1266,1362
NCNTY37083N37083,"Halifax County, NC",715,826,1043,1279,1558
NCNTY37091N37091,"Hertford County, NC",724,805,1056,1308,1400
NCNTY37095N37095,"Hyde County, NC",827,832,1033,1323,1553
NCNTY37099N37099,"Jackson County, NC",873,907,1004,1326,1331
NCNTY37105N37105,"Lee County, NC",956,962,1215,1464,1839
NCNTY37107N37107,"Lenoir County, NC",801,806,1013,1416,1631
NCNTY37111N37111,"McDowell County, NC",790,846,942,1188,1259
NCNTY37113N37113,"Macon County, NC",746,952,1088,1311,1518
NCNTY37117N37117,"Martin County, NC",757,762,1000,1303,1326
NCNTY37121N37121,"Mitchell County, NC",764,769,1009,1260,1338
NCNTY37123N37123,"Montgomery County, NC",760,765,930,1223,1562
NCNTY37125N37125,"Moore County, NC",1121,1166,1291,1809,2168
NCNTY37131N37131,"Northampton County, NC",812,817,1072,1292,1476
NCNTY37139N37139,"Pasquotank County, NC",959,966,1267,1700,2035
NCNTY37143N37143,"Perquimans County, NC",863,869,1140,1597,1623
NCNTY37149N37149,"Polk County, NC",904,910,1132,1445,1901
NCNTY37153N37153,"Richmond County, NC",767,840,930,1303,1562
NCNTY37155N37155,"Robeson County, NC",720,737,933,1186,1367
NCNTY37161N37161,"Rutherford County, NC",803,807,930,1255,1442
NCNTY37163N37163,"Sampson County, NC",747,840,980,1192,1409
NCNTY37165N37165,"Scotland County, NC",796,800,939,1240,1245
NCNTY37167N37167,"Stanly County, NC",693,771,1011,1385,1679
NCNTY37171N37171,"Surry County, NC",715,720,944,1137,1511
NCNTY37173N37173,"Swain County, NC",757,762,930,1303,1398
NCNTY37175N37175,"Transylvania County, NC",971,977,1282,1545,1927
NCNTY37177N37177,"Tyrrell County, NC",775,779,968,1356,1455
NCNTY37181N37181,"Vance County, NC",813,818,1073,1312,1457
NCNTY37185N37185,"Warren County, NC",704,709,930,1127,1233
NCNTY37187N37187,"Washington County, NC",722,727,954,1198,1412
NCNTY37189N37189,"Watauga County, NC",952,1094,1388,1694,2331
NCNTY37193N37193,"Wilkes County, NC",780,807,930,1244,1386
NCNTY37195N37195,"Wilson County, NC",858,863,1085,1407,1613
NCNTY37199N37199,"Yancey County, NC",725,729,957,1264,1269
NCNTY38001N38001,"Adams County, ND",753,758,928,1300,1558
NCNTY38003N38003,"Barnes County, ND",731,736,965,1163,1620
NCNTY38005N38005,"Benson County, ND",807,810,928,1300,1558
NCNTY38007N38007,"Billings County, ND",753,758,928,1300,1558
NCNTY38009N38009,"Bottineau County, ND",759,763,928,1281,1558
NCNTY38011N38011,"Bowman County, ND",807,838,928,1300,1435
NCNTY38013N38013,"Burke County, ND",703,707,928,1118,1558
NCNTY38019N38019,"Cavalier County, ND",753,758,928,1300,1558
NCNTY38021N38021,"Dickey County, ND",727,732,928,1232,1558
NCNTY38023N38023,"Divide County, ND",1207,1214,1487,1792,2497
NCNTY38025N38025,"Dunn County, ND",806,811,993,1196,1668
NCNTY38027N38027,"Eddy County, ND",703,707,928,1300,1558
NCNTY38029N38029,"Emmons County, ND",703,707,928,1118,1558
NCNTY38031N38031,"Foster County, ND",807,838,928,1300,1558
NCNTY38033N38033,"Golden Valley County, ND",773,778,953,1148,1600
NCNTY38037N38037,"Grant County, ND",753,758,928,1300,1558
NCNTY38039N38039,"Griggs County, ND",703,707,928,1180,1558
NCNTY38041N38041,"Hettinger County, ND",753,758,928,1151,1558
NCNTY38043N38043,"Kidder County, ND",807,809,928,1300,1558
NCNTY38045N38045,"LaMoure County, ND",754,759,928,1300,1558
NCNTY38047N38047,"Logan County, ND",840,845,1035,1450,1738
NCNTY38049N38049,"McHenry County, ND",703,707,928,1199,1558
NCNTY38051N38051,"McIntosh County, ND",807,838,928,1300,1558
NCNTY38053N38053,"McKenzie County, ND",1158,1165,1436,1730,2376
NCNTY38055N38055,"McLean County, ND",807,809,928,1300,1558
NCNTY38057N38057,"Mercer County, ND",873,935,1226,1477,1625
NCNTY38061N38061,"Mountrail County, ND",774,932,1032,1446,1639
NCNTY38063N38063,"Nelson County, ND",807,827,928,1300,1558
NCNTY38067N38067,"Pembina County, ND",807,838,928,1300,1558
NCNTY38069N38069,"Pierce County, ND",807,838,928,1226,1289
NCNTY38071N38071,"Ramsey County, ND",636,722,928,1300,1409
NCNTY38073N38073,"Ransom County, ND",721,726,941,1242,1580
NCNTY38075N38075,"Renville County, ND",737,742,973,1172,1358
NCNTY38077N38077,"Richland County, ND",703,707,928,1300,1558
NCNTY38079N38079,"Rolette County, ND",703,707,928,1187,1558
NCNTY38081N38081,"Sargent County, ND",767,771,928,1283,1558
NCNTY38083N38083,"Sheridan County, ND",828,833,1020,1429,1713
NCNTY38085N38085,"Sioux County, ND",807,814,928,1150,1402
NCNTY38087N38087,"Slope County, ND",828,833,1020,1429,1713
NCNTY38089N38089,"Stark County, ND",901,907,1082,1516,1817
NCNTY38091N38091,"Steele County, ND",753,758,928,1300,1558
NCNTY38093N38093,"Stutsman County, ND",708,713,928,1300,1558
NCNTY38095N38095,"Towner County, ND",753,758,928,1300,1558
NCNTY38097N38097,"Traill County, ND",745,749,928,1226,1230
NCNTY38099N38099,"Walsh County, ND",747,752,928,1205,1558
NCNTY38101N38101,"Ward County, ND",783,876,1128,1581,1894
NCNTY38103N38103,"Wells County, ND",807,811,928,1300,1558
NCNTY38105N38105,"Williams County, ND",1061,1085,1220,1710,2049
NCNTY39001N39001,"Adams County, OH",664,674,884,1103,1172
NCNTY39005N39005,"Ashland County, OH",632,702,921,1206,1468
NCNTY39007N39007,"Ashtabula County, OH",663,787,967,1186,1340
NCNTY39009N39009,"Athens County, OH",887,893,1123,1353,1658
NCNTY39011N39011,"Auglaize County, OH",730,735,931,1305,1563
NCNTY39021N39021,"Champaign County, OH",692,753,947,1249,1321
NCNTY39027N39027,"Clinton County, OH",734,803,978,1259,1573
NCNTY39029N39029,"Columbiana County, OH",648,758,943,1179,1250
NCNTY39031N39031,"Coshocton County, OH",664,738,884,1188,1484
NCNTY39033N39033,"Crawford County, OH",676,749,908,1199,1204
NCNTY39037N39037,"Darke County, OH",664,747,884,1184,1224
NCNTY39039N39039,"Defiance County, OH",712,745,954,1240,1338
NCNTY39043N39043,"Erie County, OH",843,849,1071,1295,1588
NCNTY39047N39047,"Fayette County, OH",692,776,922,1186,1327
NCNTY39053N39053,"Gallia County, OH",664,789,884,1106,1434
NCNTY39059N39059,"Guernsey County, OH",713,724,950,1222,1472
NCNTY39063N39063,"Hancock County, OH",729,812,1063,1383,1626
NCNTY39065N39065,"Hardin County, OH",675,715,899,1122,1234
NCNTY39067N39067,"Harrison County, OH",669,674,884,1168,1172
NCNTY39069N39069,"Henry County, OH",706,774,956,1245,1579
NCNTY39071N39071,"Highland County, OH",688,778,916,1104,1447
NCNTY39075N39075,"Holmes County, OH",678,688,903,1110,1197
NCNTY39077N39077,"Huron County, OH",699,704,923,1172,1438
NCNTY39079N39079,"Jackson County, OH",664,706,884,1197,1316
NCNTY39083N39083,"Knox County, OH",801,806,1045,1366,1385
NCNTY39091N39091,"Logan County, OH",751,762,1000,1250,1388
NCNTY39101N39101,"Marion County, OH",770,775,1017,1225,1348
NCNTY39105N39105,"Meigs County, OH",645,705,884,1065,1484
NCNTY39107N39107,"Mercer County, OH",681,732,907,1198,1203
NCNTY39111N39111,"Monroe County, OH",695,705,925,1222,1226
NCNTY39115N39115,"Morgan County, OH",664,798,884,1094,1331
NCNTY39119N39119,"Muskingum County, OH",757,762,940,1284,1383
NCNTY39121N39121,"Noble County, OH",664,690,884,1070,1254
NCNTY39125N39125,"Paulding County, OH",664,744,884,1225,1359
NCNTY39131N39131,"Pike County, OH",728,739,970,1189,1423
NCNTY39135N39135,"Preble County, OH",680,684,898,1198,1364
NCNTY39137N39137,"Putnam County, OH",724,759,964,1161,1278
NCNTY39141N39141,"Ross County, OH",764,844,1015,1249,1346
NCNTY39143N39143,"Sandusky County, OH",633,752,923,1218,1292
NCNTY39145N39145,"Scioto County, OH",606,756,884,1213,1372
NCNTY39147N39147,"Seneca County, OH",722,727,954,1171,1327
NCNTY39149N39149,"Shelby County, OH",688,765,1003,1341,1414
NCNTY39157N39157,"Tuscarawas County, OH",758,763,1001,1284,1455
NCNTY39161N39161,"Van Wert County, OH",655,690,904,1119,1214
NCNTY39163N39163,"Vinton County, OH",680,715,905,1090,1200
NCNTY39167N39167,"Washington County, OH",713,718,942,1268,1322
NCNTY39169N39169,"Wayne County, OH",686,777,1001,1228,1405
NCNTY39171N39171,"Williams County, OH",614,733,895,1127,1187
NCNTY39175N39175,"Wyandot County, OH",664,737,884,1118,1361
NCNTY40001N40001,"Adair County, OK",648,694,910,1123,1206
NCNTY40003N40003,"Alfalfa County, OK",678,694,910,1275,1528
NCNTY40005N40005,"Atoka County, OK",678,701,910,1139,1206
NCNTY40007N40007,"Beaver County, OK",729,764,978,1279,1520
NCNTY40009N40009,"Beckham County, OK",802,820,1076,1296,1551
NCNTY40011N40011,"Blaine County, OK",697,713,936,1128,1480
NCNTY40013N40013,"Bryan County, OK",778,784,1028,1357,1548
NCNTY40015N40015,"Caddo County, OK",645,709,910,1096,1206
NCNTY40019N40019,"Carter County, OK",842,849,1114,1386,1572
NCNTY40021N40021,"Cherokee County, OK",778,783,979,1253,1298
NCNTY40023N40023,"Choctaw County, OK",689,694,910,1108,1206
NCNTY40025N40025,"Cimarron County, OK",678,711,910,1275,1312
NCNTY40029N40029,"Coal County, OK",678,694,910,1217,1467
NCNTY40035N40035,"Craig County, OK",782,800,1050,1297,1392
NCNTY40039N40039,"Custer County, OK",656,741,957,1341,1543
NCNTY40041N40041,"Delaware County, OK",778,783,1027,1265,1561
NCNTY40043N40043,"Dewey County, OK",747,765,1003,1362,1575
NCNTY40045N40045,"Ellis County, OK",741,807,995,1199,1435
NCNTY40049N40049,"Garvin County, OK",689,694,910,1206,1510
NCNTY40053N40053,"Grant County, OK",678,694,910,1181,1312
NCNTY40055N40055,"Greer County, OK",678,753,910,1275,1312
NCNTY40057N40057,"Harmon County, OK",682,716,916,1104,1538
NCNTY40059N40059,"Harper County, OK",678,711,910,1121,1312
NCNTY40061N40061,"Haskell County, OK",624,694,910,1111,1328
NCNTY40063N40063,"Hughes County, OK",678,694,910,1137,1475
NCNTY40065N40065,"Jackson County, OK",700,716,939,1268,1565
NCNTY40067N40067,"Jefferson County, OK",678,694,910,1187,1528
NCNTY40069N40069,"Johnston County, OK",678,785,910,1220,1312
NCNTY40071N40071,"Kay County, OK",645,717,941,1243,1248
NCNTY40073N40073,"Kingfisher County, OK",788,827,1058,1394,1691
NCNTY40075N40075,"Kiowa County, OK",678,694,910,1221,1528
NCNTY40077N40077,"Latimer County, OK",681,697,914,1123,1444
NCNTY40079N40079,"Le Flore County, OK",681,724,910,1257,1275
NCNTY40085N40085,"Love County, OK",694,871,1012,1219,1359
NCNTY40089N40089,"McCurtain County, OK",624,728,910,1209,1417
NCNTY40091N40091,"McIntosh County, OK",624,745,910,1275,1312
NCNTY40093N40093,"Major County, OK",678,694,910,1096,1312
NCNTY40095N40095,"Marshall County, OK",689,694,910,1176,1206
NCNTY40097N40097,"Mayes County, OK",742,747,977,1262,1467
NCNTY40099N40099,"Murray County, OK",757,758,994,1198,1519
NCNTY40101N40101,"Muskogee County, OK",745,750,984,1233,1573
NCNTY40103N40103,"Noble County, OK",678,822,910,1220,1528
NCNTY40105N40105,"Nowata County, OK",682,698,916,1185,1538
NCNTY40107N40107,"Okfuskee County, OK",678,797,910,1148,1393
NCNTY40115N40115,"Ottawa County, OK",665,721,946,1185,1278
NCNTY40119N40119,"Payne County, OK",815,874,1078,1511,1624
NCNTY40121N40121,"Pittsburg County, OK",671,814,978,1258,1642
NCNTY40123N40123,"Pontotoc County, OK",782,787,1033,1309,1430
NCNTY40125N40125,"Pottawatomie County, OK",692,769,1009,1339,1575
NCNTY40127N40127,"Pushmataha County, OK",624,763,910,1275,1528
NCNTY40129N40129,"Roger Mills County, OK",736,772,988,1190,1425
NCNTY40133N40133,"Seminole County, OK",632,722,910,1177,1331
NCNTY40137N40137,"Stephens County, OK",783,787,927,1299,1518
NCNTY40139N40139,"Texas County, OK",812,881,1089,1312,1829
NCNTY40141N40141,"Tillman County, OK",678,822,910,1275,1312
NCNTY40147N40147,"Washington County, OK",705,821,946,1326,1400
NCNTY40149N40149,"Washita County, OK",678,822,910,1163,1393
NCNTY40151N40151,"Woods County, OK",735,808,987,1189,1423
NCNTY40153N40153,"Woodward County, OK",793,812,1065,1309,1788
NCNTY41001N41001,"Baker County, OR",691,836,972,1362,1632
NCNTY41007N41007,"Clatsop County, OR",1053,1092,1432,1921,2405
NCNTY41011N41011,"Coos County, OR",895,951,1216,1704,2042
NCNTY41013N41013,"Crook County, OR",907,1053,1323,1854,2222
NCNTY41015N41015,"Curry County, OR",986,1117,1320,1850,2058
NCNTY41019N41019,"Douglas County, OR",847,941,1235,1726,2074
NCNTY41021N41021,"Gilliam County, OR",750,834,1094,1533,1837
NCNTY41023N41023,"Grant County, OR",706,805,1029,1442,1728
NCNTY41025N41025,"Harney County, OR",665,739,970,1359,1629
NCNTY41027N41027,"Hood River County, OR",1409,1566,2055,2880,3451
NCNTY41031N41031,"Jefferson County, OR",838,931,1222,1712,1923
NCNTY41035N41035,"Klamath County, OR",802,891,1169,1638,1963
NCNTY41037N41037,"Lake County, OR",728,842,1048,1469,1760
NCNTY41041N41041,"Lincoln County, OR",1041,1069,1402,1956,2354
NCNTY41045N41045,"Malheur County, OR",727,873,1023,1433,1718
NCNTY41049N41049,"Morrow County, OR",674,813,983,1377,1651
NCNTY41055N41055,"Sherman County, OR",921,1024,1343,1618,2255
NCNTY41057N41057,"Tillamook County, OR",966,1052,1320,1850,1972
NCNTY41059N41059,"Umatilla County, OR",817,908,1191,1669,2000
NCNTY41061N41061,"Union County, OR",789,898,1150,1611,1931
NCNTY41063N41063,"Wallowa County, OR",743,875,1084,1519,1820
NCNTY41065N41065,"Wasco County, OR",1361,1369,1678,2351,2817
NCNTY41069N41069,"Wheeler County, OR",655,728,955,1338,1604
NCNTY42009N42009,"Bedford County, PA",639,692,908,1156,1393
NCNTY42015N42015,"Bradford County, PA",831,836,1022,1308,1487
NCNTY42023N42023,"Cameron County, PA",686,715,938,1130,1380
NCNTY42031N42031,"Clarion County, PA",763,768,952,1163,1599
NCNTY42033N42033,"Clearfield County, PA",716,767,955,1311,1317
NCNTY42035N42035,"Clinton County, PA",835,840,1057,1313,1750
NCNTY42039N42039,"Crawford County, PA",729,749,954,1244,1426
NCNTY42047N42047,"Elk County, PA",669,806,915,1234,1238
NCNTY42053N42053,"Forest County, PA",666,823,911,1162,1340
NCNTY42057N42057,"Fulton County, PA",676,719,925,1117,1553
NCNTY42059N42059,"Greene County, PA",785,790,1037,1249,1400
NCNTY42061N42061,"Huntingdon County, PA",714,739,908,1196,1465
NCNTY42063N42063,"Indiana County, PA",749,830,944,1277,1446
NCNTY42065N42065,"Jefferson County, PA",673,772,982,1209,1351
NCNTY42067N42067,"Juniata County, PA",627,692,908,1171,1381
NCNTY42073N42073,"Lawrence County, PA",702,781,1024,1435,1630
NCNTY42083N42083,"McKean County, PA",694,772,949,1195,1379
NCNTY42087N42087,"Mifflin County, PA",751,800,990,1316,1330
NCNTY42097N42097,"Northumberland County, PA",652,804,951,1194,1261
NCNTY42105N42105,"Potter County, PA",690,719,943,1180,1331
NCNTY42107N42107,"Schuylkill County, PA",768,781,1017,1330,1397
NCNTY42109N42109,"Snyder County, PA",743,890,1016,1290,1509
NCNTY42111N42111,"Somerset County, PA",783,788,908,1227,1320
NCNTY42113N42113,"Sullivan County, PA",664,750,908,1272,1525
NCNTY42115N42115,"Susquehanna County, PA",761,794,1041,1305,1396
NCNTY42117N42117,"Tioga County, PA",698,788,1018,1333,1361
NCNTY42119N42119,"Union County, PA",728,899,995,1394,1671
NCNTY42121N42121,"Venango County, PA",640,712,934,1164,1342
NCNTY42123N42123,"Warren County, PA",750,755,911,1195,1325
NCNTY42127N42127,"Wayne County, PA",846,951,1157,1394,1943
NCNTY45001N45001,"Abbeville County, SC",720,727,954,1260,1269
NCNTY45005N45005,"Allendale County, SC",705,843,933,1281,1286
NCNTY45009N45009,"Bamberg County, SC",705,711,933,1301,1305
NCNTY45011N45011,"Barnwell County, SC",724,731,959,1202,1271
NCNTY45021N45021,"Cherokee County, SC",754,759,995,1238,1430
NCNTY45025N45025,"Chesterfield County, SC",720,727,954,1222,1355
NCNTY45029N45029,"Colleton County, SC",711,765,942,1135,1582
NCNTY45033N45033,"Dillon County, SC",744,749,933,1230,1567
NCNTY45043N45043,"Georgetown County, SC",1001,1008,1322,1597,1911
NCNTY45047N45047,"Greenwood County, SC",823,828,1034,1250,1410
NCNTY45049N45049,"Hampton County, SC",705,800,933,1288,1567
NCNTY45061N45061,"Lee County, SC",705,711,933,1232,1237
NCNTY45065N45065,"McCormick County, SC",766,774,1015,1319,1399
NCNTY45067N45067,"Marion County, SC",705,843,933,1247,1567
NCNTY45069N45069,"Marlboro County, SC",640,711,933,1124,1428
NCNTY45071N45071,"Newberry County, SC",834,842,1105,1331,1465
NCNTY45073N45073,"Oconee County, SC",764,796,1044,1286,1475
NCNTY45075N45075,"Orangeburg County, SC",828,833,999,1204,1324
NCNTY45087N45087,"Union County, SC",678,754,989,1226,1311
NCNTY45089N45089,"Williamsburg County, SC",705,711,933,1194,1364
NCNTY46003N46003,"Aurora County, SD",598,727,872,1215,1360
NCNTY46005N46005,"Beadle County, SD",643,715,938,1213,1430
NCNTY46007N46007,"Bennett County, SD",766,851,1117,1346,1742
NCNTY46009N46009,"Bon Homme County, SD",598,697,872,1222,1464
NCNTY46011N46011,"Brookings County, SD",817,822,991,1389,1664
NCNTY46013N46013,"Brown County, SD",731,735,959,1294,1597
NCNTY46015N46015,"Brule County, SD",598,665,872,1222,1383
NCNTY46017N46017,"Buffalo County, SD",763,848,1112,1340,1734
NCNTY46019N46019,"Butte County, SD",717,797,1045,1259,1630
NCNTY46021N46021,"Campbell County, SD",664,835,968,1356,1510
NCNTY46023N46023,"Charles Mix County, SD",752,756,872,1222,1433
NCNTY46025N46025,"Clark County, SD",598,778,872,1051,1193
NCNTY46027N46027,"Clay County, SD",654,727,954,1337,1602
NCNTY46029N46029,"Codington County, SD",725,806,1058,1343,1693
NCNTY46031N46031,"Corson County, SD",598,665,872,1083,1262
NCNTY46033N46033,"Custer County, SD",763,848,1112,1558,1734
NCNTY46035N46035,"Davison County, SD",622,691,907,1271,1523
NCNTY46037N46037,"Day County, SD",598,674,872,1167,1360
NCNTY46039N46039,"Deuel County, SD",598,665,872,1222,1360
NCNTY46041N46041,"Dewey County, SD",598,788,872,1155,1183
NCNTY46043N46043,"Douglas County, SD",610,684,900,1212,1445
NCNTY46045N46045,"Edmunds County, SD",630,700,919,1288,1433
NCNTY46047N46047,"Fall River County, SD",748,832,1091,1314,1729
NCNTY46049N46049,"Faulk County, SD",641,713,935,1215,1458
NCNTY46051N46051,"Grant County, SD",598,665,872,1222,1360
NCNTY46053N46053,"Gregory County, SD",598,669,872,1107,1360
NCNTY46055N46055,"Haakon County, SD",664,738,968,1258,1510
NCNTY46057N46057,"Hamlin County, SD",598,665,872,1190,1194
NCNTY46059N46059,"Hand County, SD",598,722,872,1222,1360
NCNTY46061N46061,"Hanson County, SD",598,780,872,1176,1180
NCNTY46063N46063,"Harding County, SD",664,738,968,1258,1510
NCNTY46065N46065,"Hughes County, SD",693,797,1011,1358,1577
NCNTY46067N46067,"Hutchinson County, SD",643,714,937,1173,1242
NCNTY46069N46069,"Hyde County, SD",664,738,968,1258,1510
NCNTY46071N46071,"Jackson County, SD",598,787,872,1061,1281
NCNTY46073N46073,"Jerauld County, SD",664,738,968,1258,1510
NCNTY46075N46075,"Jones County, SD",598,665,872,1152,1399
NCNTY46077N46077,"Kingsbury County, SD",655,728,955,1151,1489
NCNTY46079N46079,"Lake County, SD",625,695,912,1158,1500
NCNTY46081N46081,"Lawrence County, SD",697,775,1017,1425,1708
NCNTY46085N46085,"Lyman County, SD",621,691,906,1092,1383
NCNTY46089N46089,"McPherson County, SD",598,665,872,1148,1360
NCNTY46091N46091,"Marshall County, SD",598,684,872,1222,1360
NCNTY46095N46095,"Mellette County, SD",823,915,1200,1446,1872
NCNTY46097N46097,"Miner County, SD",598,665,872,1134,1360
NCNTY46101N46101,"Moody County, SD",598,665,872,1178,1383
NCNTY46102N46102,Oglala Lakota County,598,665,872,1121,1381
NCNTY46105N46105,"Perkins County, SD",598,720,872,1219,1360
NCNTY46107N46107,"Potter County, SD",667,742,973,1265,1518
NCNTY46109N46109,"Roberts County, SD",598,753,872,1166,1464
NCNTY46111N46111,"Sanborn County, SD",598,665,872,1222,1360
NCNTY46115N46115,"Spink County, SD",598,715,872,1051,1379
NCNTY46117N46117,"Stanley County, SD",716,796,1044,1357,1628
NCNTY46119N46119,"Sully County, SD",664,738,968,1258,1510
NCNTY46121N46121,"Todd County, SD",598,788,872,1173,1360
NCNTY46123N46123,"Tripp County, SD",598,665,872,1199,1360
NCNTY46129N46129,"Walworth County, SD",610,759,889,1071,1375
NCNTY46135N46135,"Yankton County, SD",623,775,908,1270,1432
NCNTY46137N46137,"Ziebach County, SD",598,665,872,1051,1156
NCNTY47003N47003,"Bedford County, TN",853,963,1066,1421,1423
NCNTY47005N47005,"Benton County, TN",681,685,899,1216,1480
NCNTY47007N47007,"Bledsoe County, TN",696,700,919,1128,1543
NCNTY47017N47017,"Carroll County, TN",747,769,933,1173,1371
NCNTY47025N47025,"Claiborne County, TN",719,812,899,1183,1239
NCNTY47027N47027,"Clay County, TN",681,685,899,1254,1259
NCNTY47029N47029,"Cocke County, TN",777,782,978,1249,1297
NCNTY47031N47031,"Coffee County, TN",847,853,1060,1479,1626
NCNTY47035N47035,"Cumberland County, TN",776,791,970,1359,1615
NCNTY47039N47039,"Decatur County, TN",681,685,899,1254,1259
NCNTY47041N47041,"DeKalb County, TN",766,771,1011,1218,1698
NCNTY47045N47045,"Dyer County, TN",733,752,916,1210,1214
NCNTY47049N47049,"Fentress County, TN",681,685,899,1154,1433
NCNTY47051N47051,"Franklin County, TN",766,771,1011,1327,1612
NCNTY47055N47055,"Giles County, TN",782,787,1024,1234,1434
NCNTY47059N47059,"Greene County, TN",616,809,899,1260,1389
NCNTY47061N47061,"Grundy County, TN",719,812,899,1134,1259
NCNTY47067N47067,"Hancock County, TN",719,812,899,1083,1246
NCNTY47069N47069,"Hardeman County, TN",681,685,899,1260,1332
NCNTY47071N47071,"Hardin County, TN",681,685,899,1187,1192
NCNTY47075N47075,"Haywood County, TN",681,685,899,1199,1429
NCNTY47077N47077,"Henderson County, TN",757,854,946,1199,1254
NCNTY47079N47079,"Henry County, TN",728,733,961,1158,1325
NCNTY47081N47081,"Hickman County, TN",760,854,950,1251,1533
NCNTY47083N47083,"Houston County, TN",719,731,899,1177,1501
NCNTY47085N47085,"Humphreys County, TN",785,836,981,1306,1374
NCNTY47087N47087,"Jackson County, TN",694,698,916,1181,1283
NCNTY47091N47091,"Johnson County, TN",719,796,899,1197,1259
NCNTY47095N47095,"Lake County, TN",692,696,899,1148,1259
NCNTY47097N47097,"Lauderdale County, TN",681,685,899,1193,1436
NCNTY47099N47099,"Lawrence County, TN",742,747,980,1181,1299
NCNTY47101N47101,"Lewis County, TN",719,758,899,1237,1510
NCNTY47103N47103,"Lincoln County, TN",744,840,930,1298,1305
NCNTY47107N47107,"McMinn County, TN",725,895,1014,1262,1344
NCNTY47109N47109,"McNairy County, TN",681,685,899,1260,1477
NCNTY47117N47117,"Marshall County, TN",827,832,1092,1437,1448
NCNTY47121N47121,"Meigs County, TN",726,731,959,1318,1343
NCNTY47123N47123,"Monroe County, TN",661,736,899,1251,1285
NCNTY47127N47127,"Moore County, TN",783,788,986,1268,1381
NCNTY47131N47131,"Obion County, TN",763,767,932,1209,1236
NCNTY47133N47133,"Overton County, TN",714,719,899,1097,1192
NCNTY47135N47135,"Perry County, TN",740,745,963,1160,1305
NCNTY47137N47137,"Pickett County, TN",736,741,972,1171,1361
NCNTY47141N47141,"Putnam County, TN",824,859,1090,1489,1714
NCNTY47143N47143,"Rhea County, TN",718,723,948,1252,1257
NCNTY47151N47151,"Scott County, TN",719,741,899,1125,1510
NCNTY47155N47155,"Sevier County, TN",905,1017,1224,1603,1623
NCNTY47175N47175,"Van Buren County, TN",681,685,899,1200,1259
NCNTY47177N47177,"Warren County, TN",739,744,976,1176,1294
NCNTY47181N47181,"Wayne County, TN",681,685,899,1083,1192
NCNTY47183N47183,"Weakley County, TN",743,752,929,1119,1560
NCNTY47185N47185,"White County, TN",792,797,1046,1260,1494
NCNTY48001N48001,"Anderson County, TX",908,914,1109,1336,1678
NCNTY48003N48003,"Andrews County, TX",1186,1365,1511,1820,2260
NCNTY48005N48005,"Angelina County, TX",934,984,1134,1453,1567
NCNTY48007N48007,"Aransas County, TX",1041,1048,1375,1793,2056
NCNTY48017N48017,"Bailey County, TX",732,752,933,1217,1395
NCNTY48023N48023,"Baylor County, TX",708,713,933,1307,1395
NCNTY48025N48025,"Bee County, TX",880,886,1162,1482,1578
NCNTY48031N48031,"Blanco County, TX",909,915,1171,1578,1751
NCNTY48033N48033,"Borden County, TX",830,853,1058,1380,1582
NCNTY48035N48035,"Bosque County, TX",725,729,957,1330,1335
NCNTY48043N48043,"Brewster County, TX",873,918,1113,1560,1664
NCNTY48045N48045,"Briscoe County, TX",732,752,933,1307,1395
NCNTY48047N48047,"Brooks County, TX",732,752,933,1307,1395
NCNTY48049N48049,"Brown County, TX",737,813,1067,1361,1567
NCNTY48053N48053,"Burnet County, TX",921,927,1198,1607,1613
NCNTY48057N48057,"Calhoun County, TX",743,855,947,1327,1398
NCNTY48063N48063,"Camp County, TX",727,731,933,1307,1440
NCNTY48067N48067,"Cass County, TX",707,711,933,1238,1395
NCNTY48069N48069,"Castro County, TX",848,869,1081,1302,1617
NCNTY48073N48073,"Cherokee County, TX",722,760,997,1397,1491
NCNTY48075N48075,"Childress County, TX",800,865,1019,1331,1524
NCNTY48079N48079,"Cochran County, TX",745,765,949,1143,1419
NCNTY48081N48081,"Coke County, TX",707,711,933,1171,1395
NCNTY48083N48083,"Coleman County, TX",840,862,1070,1289,1600
NCNTY48087N48087,"Collingsworth County, TX",732,843,933,1217,1395
NCNTY48089N48089,"Colorado County, TX",822,845,1048,1294,1567
NCNTY48093N48093,"Comanche County, TX",830,853,1058,1380,1582
NCNTY48095N48095,"Concho County, TX",879,903,1120,1349,1675
NCNTY48097N48097,"Cooke County, TX",954,960,1260,1553,1882
NCNTY48101N48101,"Cottle County, TX",830,853,1058,1380,1582
NCNTY48103N48103,"Crane County, TX",803,824,1023,1233,1530
NCNTY48105N48105,"Crockett County, TX",830,853,1058,1380,1582
NCNTY48109N48109,"Culberson County, TX",830,853,1058,1380,1582
NCNTY48111N48111,"Dallam County, TX",880,1012,1121,1571,1676
NCNTY48115N48115,"Dawson County, TX",748,753,988,1190,1310
NCNTY48117N48117,"Deaf Smith County, TX",777,793,1040,1253,1726
NCNTY48119N48119,"Delta County, TX",732,786,933,1274,1284
NCNTY48123N48123,"DeWitt County, TX",864,887,1101,1352,1646
NCNTY48125N48125,"Dickens County, TX",732,752,933,1254,1395
NCNTY48127N48127,"Dimmit County, TX",732,843,933,1307,1395
NCNTY48129N48129,"Donley County, TX",707,711,933,1273,1319
NCNTY48131N48131,"Duval County, TX",732,752,933,1307,1395
NCNTY48133N48133,"Eastland County, TX",732,843,933,1307,1567
NCNTY48137N48137,"Edwards County, TX",830,853,1058,1380,1582
NCNTY48143N48143,"Erath County, TX",856,861,1130,1583,1898
NCNTY48147N48147,"Fannin County, TX",766,771,1011,1417,1698
NCNTY48149N48149,"Fayette County, TX",773,824,1022,1404,1616
NCNTY48151N48151,"Fisher County, TX",707,711,933,1180,1395
NCNTY48153N48153,"Floyd County, TX",759,764,1002,1207,1498
NCNTY48155N48155,"Foard County, TX",714,737,933,1217,1395
NCNTY48159N48159,"Franklin County, TX",817,822,1079,1300,1614
NCNTY48161N48161,"Freestone County, TX",710,714,937,1147,1401
NCNTY48163N48163,"Frio County, TX",779,844,1029,1342,1728
NCNTY48165N48165,"Gaines County, TX",754,832,961,1158,1437
NCNTY48169N48169,"Garza County, TX",732,752,933,1307,1478
NCNTY48171N48171,"Gillespie County, TX",1038,1045,1371,1817,2050
NCNTY48173N48173,"Glasscock County, TX",830,853,1058,1380,1582
NCNTY48177N48177,"Gonzales County, TX",663,732,960,1345,1383
NCNTY48179N48179,"Gray County, TX",771,776,1018,1226,1350
NCNTY48185N48185,"Grimes County, TX",829,852,1057,1273,1581
NCNTY48189N48189,"Hale County, TX",640,843,933,1243,1461
NCNTY48191N48191,"Hall County, TX",707,711,933,1307,1395
NCNTY48193N48193,"Hamilton County, TX",798,803,1054,1325,1576
NCNTY48195N48195,"Hansford County, TX",806,811,1047,1371,1388
NCNTY48197N48197,"Hardeman County, TX",726,731,933,1259,1395
NCNTY48205N48205,"Hartley County, TX",887,911,1130,1493,1498
NCNTY48207N48207,"Haskell County, TX",732,752,933,1307,1537
NCNTY48211N48211,"Hemphill County, TX",788,809,1004,1407,1501
NCNTY48213N48213,"Henderson County, TX",791,877,1079,1427,1585
NCNTY48217N48217,"Hill County, TX",697,804,1017,1340,1687
NCNTY48219N48219,"Hockley County, TX",811,843,933,1307,1567
NCNTY48221N48221,"Hood County, TX",1135,1216,1446,1742,2290
NCNTY48223N48223,"Hopkins County, TX",749,927,1073,1467,1472
NCNTY48225N48225,"Houston County, TX",725,729,957,1178,1269
NCNTY48227N48227,"Howard County, TX",930,936,1200,1446,1794
NCNTY48233N48233,"Hutchinson County, TX",741,745,978,1370,1642
NCNTY48237N48237,"Jack County, TX",769,885,980,1373,1465
NCNTY48239N48239,"Jackson County, TX",805,927,1026,1236,1534
NCNTY48241N48241,"Jasper County, TX",765,824,975,1207,1293
NCNTY48243N48243,"Jeff Davis County, TX",830,853,1058,1380,1582
NCNTY48247N48247,"Jim Hogg County, TX",732,752,933,1148,1395
NCNTY48249N48249,"Jim Wells County, TX",766,771,933,1307,1567
NCNTY48255N48255,"Karnes County, TX",826,918,1205,1494,1776
NCNTY48261N48261,"Kenedy County, TX",830,853,1058,1380,1582
NCNTY48263N48263,"Kent County, TX",830,853,1058,1380,1582
NCNTY48265N48265,"Kerr County, TX",905,975,1154,1568,1692
NCNTY48267N48267,"Kimble County, TX",707,711,933,1185,1395
NCNTY48269N48269,"King County, TX",830,853,1058,1380,1582
NCNTY48271N48271,"Kinney County, TX",830,853,1058,1380,1582
NCNTY48273N48273,"Kleberg County, TX",922,934,1225,1476,1832
NCNTY48275N48275,"Knox County, TX",732,752,933,1217,1395
NCNTY48277N48277,"Lamar County, TX",778,803,991,1332,1504
NCNTY48279N48279,"Lamb County, TX",707,711,933,1260,1550
NCNTY48283N48283,"La Salle County, TX",745,765,949,1330,1419
NCNTY48285N48285,"Lavaca County, TX",842,885,1073,1293,1672
NCNTY48287N48287,"Lee County, TX",922,947,1175,1441,1558
NCNTY48289N48289,"Leon County, TX",655,721,946,1249,1254
NCNTY48293N48293,"Limestone County, TX",708,713,935,1126,1445
NCNTY48295N48295,"Lipscomb County, TX",746,766,951,1146,1422
NCNTY48297N48297,"Live Oak County, TX",737,742,973,1342,1455
NCNTY48299N48299,"Llano County, TX",882,888,1165,1523,1891
NCNTY48301N48301,"Loving County, TX",830,853,1058,1380,1582
NCNTY48307N48307,"McCulloch County, TX",792,834,1010,1217,1510
NCNTY48311N48311,"McMullen County, TX",830,853,1058,1380,1582
NCNTY48313N48313,"Madison County, TX",724,729,956,1328,1430
NCNTY48315N48315,"Marion County, TX",768,773,987,1282,1476
NCNTY48319N48319,"Mason County, TX",751,771,957,1248,1431
NCNTY48321N48321,"Matagorda County, TX",900,904,1147,1431,1890
NCNTY48323N48323,"Maverick County, TX",751,817,957,1258,1315
NCNTY48327N48327,"Menard County, TX",732,752,933,1307,1395
NCNTY48331N48331,"Milam County, TX",808,828,1030,1253,1675
NCNTY48333N48333,"Mills County, TX",732,752,933,1307,1395
NCNTY48335N48335,"Mitchell County, TX",810,904,1032,1346,1543
NCNTY48337N48337,"Montague County, TX",892,898,1178,1540,1762
NCNTY48341N48341,"Moore County, TX",795,800,1050,1266,1570
NCNTY48343N48343,"Morris County, TX",707,711,933,1226,1509
NCNTY48345N48345,"Motley County, TX",732,752,933,1124,1395
NCNTY48347N48347,"Nacogdoches County, TX",845,909,1067,1308,1792
NCNTY48349N48349,"Navarro County, TX",758,862,1034,1449,1550
NCNTY48351N48351,"Newton County, TX",732,752,933,1286,1395
NCNTY48353N48353,"Nolan County, TX",749,798,954,1337,1602
NCNTY48357N48357,"Ochiltree County, TX",810,832,1033,1302,1545
NCNTY48363N48363,"Palo Pinto County, TX",803,808,1060,1326,1780
NCNTY48365N48365,"Panola County, TX",730,735,964,1232,1421
NCNTY48369N48369,"Parmer County, TX",807,813,1066,1284,1776
NCNTY48371N48371,"Pecos County, TX",760,875,969,1358,1449
NCNTY48373N48373,"Polk County, TX",836,852,1065,1286,1593
NCNTY48377N48377,"Presidio County, TX",766,786,976,1273,1459
NCNTY48379N48379,"Rains County, TX",732,843,933,1307,1466
NCNTY48383N48383,"Reagan County, TX",895,919,1141,1488,1706
NCNTY48385N48385,"Real County, TX",860,990,1096,1430,1639
NCNTY48387N48387,"Red River County, TX",640,837,933,1243,1567
NCNTY48389N48389,"Reeves County, TX",809,931,1031,1288,1542
NCNTY48391N48391,"Refugio County, TX",707,711,933,1299,1395
NCNTY48393N48393,"Roberts County, TX",830,853,1058,1380,1582
NCNTY48399N48399,"Runnels County, TX",831,837,1098,1323,1642
NCNTY48403N48403,"Sabine County, TX",707,711,933,1128,1395
NCNTY48405N48405,"San Augustine County, TX",766,786,976,1273,1459
NCNTY48407N48407,"San Jacinto County, TX",809,931,1031,1362,1367
NCNTY48411N48411,"San Saba County, TX",844,849,1114,1436,1666
NCNTY48413N48413,"Schleicher County, TX",732,752,933,1217,1395
NCNTY48415N48415,"Scurry County, TX",791,910,1008,1412,1693
NCNTY48417N48417,"Shackelford County, TX",732,752,933,1217,1395
NCNTY48419N48419,"Shelby County, TX",732,843,933,1307,1381
NCNTY48421N48421,"Sherman County, TX",732,752,933,1217,1395
NCNTY48425N48425,"Somervell County, TX",822,845,1048,1469,1567
NCNTY48427N48427,"Starr County, TX",707,711,933,1307,1470
NCNTY48429N48429,"Stephens County, TX",766,786,976,1273,1459
NCNTY48433N48433,"Stonewall County, TX",830,853,1058,1380,1582
NCNTY48435N48435,"Sutton County, TX",707,711,933,1164,1395
NCNTY48437N48437,"Swisher County, TX",720,724,933,1307,1395
NCNTY48443N48443,"Terrell County, TX",830,853,1058,1380,1582
NCNTY48445N48445,"Terry County, TX",732,752,933,1307,1395
NCNTY48447N48447,"Throckmorton County, TX",756,777,964,1161,1442
NCNTY48449N48449,"Titus County, TX",735,739,970,1252,1286
NCNTY48455N48455,"Trinity County, TX",770,804,982,1183,1649
NCNTY48457N48457,"Tyler County, TX",779,784,1015,1223,1518
NCNTY48461N48461,"Upton County, TX",732,843,933,1217,1395
NCNTY48463N48463,"Uvalde County, TX",859,864,1134,1478,1690
NCNTY48465N48465,"Val Verde County, TX",826,832,1064,1405,1411
NCNTY48467N48467,"Van Zandt County, TX",823,845,1108,1537,1542
NCNTY48471N48471,"Walker County, TX",824,1055,1202,1489,2018
NCNTY48475N48475,"Ward County, TX",979,1127,1248,1615,1866
NCNTY48477N48477,"Washington County, TX",995,1001,1294,1693,1716
NCNTY48481N48481,"Wharton County, TX",862,868,1113,1560,1727
NCNTY48483N48483,"Wheeler County, TX",804,826,1025,1235,1533
NCNTY48487N48487,"Wilbarger County, TX",756,761,999,1204,1521
NCNTY48489N48489,"Willacy County, TX",707,711,933,1232,1237
NCNTY48495N48495,"Winkler County, TX",981,1007,1250,1542,1869
NCNTY48499N48499,"Wood County, TX",731,813,1066,1285,1594
NCNTY48501N48501,"Yoakum County, TX",932,1073,1188,1431,1777
NCNTY48503N48503,"Young County, TX",744,764,948,1322,1383
NCNTY48505N48505,"Zapata County, TX",707,711,933,1124,1395
NCNTY48507N48507,"Zavala County, TX",732,752,933,1307,1395
NCNTY49001N49001,"Beaver County, UT",740,877,1039,1331,1476
NCNTY49007N49007,"Carbon County, UT",640,767,933,1161,1526
NCNTY49009N49009,"Daggett County, UT",764,906,1073,1452,1802
NCNTY49013N49013,"Duchesne County, UT",711,844,999,1350,1406
NCNTY49015N49015,"Emery County, UT",664,843,933,1295,1567
NCNTY49017N49017,"Garfield County, UT",664,843,933,1124,1567
NCNTY49019N49019,"Grand County, UT",1109,1188,1558,2108,2136
NCNTY49021N49021,"Iron County, UT",795,911,1117,1565,1876
NCNTY49025N49025,"Kane County, UT",1076,1152,1511,1820,2003
NCNTY49027N49027,"Millard County, UT",685,782,962,1348,1367
NCNTY49031N49031,"Piute County, UT",664,788,933,1307,1567
NCNTY49033N49033,"Rich County, UT",664,788,933,1307,1567
NCNTY49037N49037,"San Juan County, UT",771,826,1083,1305,1485
NCNTY49039N49039,"Sanpete County, UT",750,803,1053,1281,1397
NCNTY49041N49041,"Sevier County, UT",666,850,971,1262,1449
NCNTY49043N49043,"Summit County, UT",1558,1586,1948,2577,2680
NCNTY49047N49047,"Uintah County, UT",664,752,933,1302,1567
NCNTY49051N49051,"Wasatch County, UT",1116,1416,1568,2197,2633
NCNTY49055N49055,"Wayne County, UT",664,788,933,1124,1567
NCNTY50001N50001,"Addison County, VT",1204,1211,1549,1934,2191
NCNTY50003N50003,"Bennington County, VT",979,1118,1281,1787,2077
NCNTY50005N50005,"Caledonia County, VT",947,951,1142,1538,1632
NCNTY50009N50009,"Essex County, VT",853,886,981,1375,1401
NCNTY50015N50015,"Lamoille County, VT",944,1040,1365,1837,1843
NCNTY50017N50017,"Orange County, VT",1055,1077,1311,1715,1798
NCNTY50019N50019,"Orleans County, VT",893,1010,1162,1513,1669
NCNTY50021N50021,"Rutland County, VT",1077,1083,1364,1683,2107
NCNTY50023N50023,"Washington County, VT",1132,1140,1495,1857,2083
NCNTY50025N50025,"Windham County, VT",1086,1184,1442,1794,1912
NCNTY50027N50027,"Windsor County, VT",1194,1197,1382,1797,1848
NCNTY51001N51001,"Accomack County, VA",708,838,1015,1357,1642
NCNTY51005N51005,"Alleghany County-Clifton Forge city-Covington city, VA HUD Nonmet",773,776,894,1253,1346
NCNTY51017N51017,"Bath County, VA",754,759,937,1219,1465
NCNTY51021N51021,"Bland County, VA",685,689,851,1192,1330
NCNTY51025N51025,"Brunswick County, VA",685,689,851,1192,1340
NCNTY51027N51027,"Buchanan County, VA",670,674,851,1130,1429
NCNTY51029N51029,"Buckingham County, VA",849,876,982,1240,1409
NCNTY51033N51033,"Caroline County, VA",947,953,1177,1649,1956
NCNTY51035N51035,"Carroll County-Galax city, VA HUD Nonmetro FMR Area",701,706,851,1192,1402
NCNTY51037N51037,"Charlotte County, VA",644,649,851,1079,1429
NCNTY51049N51049,"Cumberland County, VA",760,764,944,1137,1585
NCNTY51051N51051,"Dickenson County, VA",685,689,851,1025,1330
NCNTY51057N51057,"Essex County, VA",853,858,1060,1313,1438
NCNTY51063N51063,"Floyd County, VA",706,710,932,1174,1236
NCNTY51077N51077,"Grayson County, VA",736,769,851,1152,1235
NCNTY51081N51081,"Greensville County-Emporia city, VA HUD Nonmetro FMR Area",755,760,997,1362,1637
NCNTY51083N51083,"Halifax County, VA",741,760,857,1090,1205
NCNTY51089N51089,"Henry County-Martinsville city, VA HUD Nonmetro FMR Area",675,680,851,1025,1221
NCNTY51091N51091,"Highland County, VA",685,689,851,1108,1330
NCNTY51099N51099,"King George County, VA",1125,1132,1403,1966,2356
NCNTY51103N51103,"Lancaster County, VA",884,890,1099,1451,1690
NCNTY51105N51105,"Lee County, VA",688,698,851,1107,1330
NCNTY51109N51109,"Louisa County, VA",1019,1058,1172,1626,1832
NCNTY51111N51111,"Lunenburg County, VA",697,701,920,1145,1367
NCNTY51117N51117,"Mecklenburg County, VA",697,701,920,1186,1220
NCNTY51119N51119,"Middlesex County, VA",1003,1009,1246,1501,1948
NCNTY51131N51131,"Northampton County, VA",714,719,943,1309,1584
NCNTY51133N51133,"Northumberland County, VA",1062,1068,1319,1589,2062
NCNTY51135N51135,"Nottoway County, VA",704,709,930,1303,1471
NCNTY51137N51137,"Orange County, VA",951,957,1182,1656,1886
NCNTY51139N51139,"Page County, VA",777,798,899,1135,1510
NCNTY51141N51141,"Patrick County, VA",697,701,851,1034,1330
NCNTY51143N51143,"Pittsylvania County-Danville city, VA HUD Nonmetro FMR Area",628,739,916,1254,1411
NCNTY51147N51147,"Prince Edward County, VA",878,883,1053,1269,1396
NCNTY51159N51159,"Richmond County, VA",838,844,1107,1403,1859
NCNTY51163N51163,"Rockbridge County-Buena Vista city-Lexington city, VA HUD Nonmetr",838,875,969,1358,1627
NCNTY51167N51167,"Russell County, VA",672,676,851,1044,1258
NCNTY51171N51171,"Shenandoah County, VA",764,849,1114,1477,1511
NCNTY51173N51173,"Smyth County, VA",584,722,851,1099,1383
NCNTY51181N51181,"Surry County, VA",698,702,867,1215,1456
NCNTY51185N51185,"Tazewell County, VA",682,686,891,1073,1312
NCNTY51193N51193,"Westmoreland County, VA",935,941,1162,1628,1822
NCNTY51195N51195,"Wise County-Norton city, VA HUD Nonmetro FMR Area",657,661,851,1127,1429
NCNTY51197N51197,"Wythe County, VA",682,686,888,1121,1491
NCNTY53001N53001,"Adams County, WA",794,866,1136,1592,1908
NCNTY53009N53009,"Clallam County, WA",943,1048,1375,1922,2194
NCNTY53013N53013,"Columbia County, WA",765,851,1094,1533,1821
NCNTY53019N53019,"Ferry County, WA",655,714,937,1313,1559
NCNTY53023N53023,"Garfield County, WA",730,796,1044,1463,1737
NCNTY53025N53025,"Grant County, WA",971,977,1255,1759,2107
NCNTY53027N53027,"Grays Harbor County, WA",850,960,1239,1736,1938
NCNTY53029N53029,"Island County, WA",1243,1388,1687,2364,2757
NCNTY53031N53031,"Jefferson County, WA",1146,1190,1318,1847,2213
NCNTY53037N53037,"Kittitas County, WA",958,1065,1397,1958,2346
NCNTY53039N53039,"Klickitat County, WA",901,1002,1314,1598,1875
NCNTY53041N53041,"Lewis County, WA",915,1027,1325,1770,1888
NCNTY53043N53043,"Lincoln County, WA",750,817,1072,1476,1800
NCNTY53045N53045,"Mason County, WA",1016,1023,1342,1880,2041
NCNTY53047N53047,"Okanogan County, WA",750,863,1094,1489,1709
NCNTY53049N53049,"Pacific County, WA",805,895,1151,1550,1933
NCNTY53051N53051,"Pend Oreille County, WA",778,864,1134,1416,1904
NCNTY53055N53055,"San Juan County, WA",1273,1415,1857,2433,2471
NCNTY53069N53069,"Wahkiakum County, WA",757,978,1083,1518,1802
NCNTY53075N53075,"Whitman County, WA",848,942,1236,1732,2076
NCNTY54001N54001,"Barbour County, WV",658,769,852,1182,1406
NCNTY54007N54007,"Braxton County, WV",645,649,852,1050,1215
NCNTY54013N54013,"Calhoun County, WV",658,688,852,1194,1195
NCNTY54017N54017,"Doddridge County, WV",770,805,997,1305,1398
NCNTY54021N54021,"Gilmer County, WV",695,763,900,1084,1344
NCNTY54023N54023,"Grant County, WV",645,649,852,1124,1195
NCNTY54025N54025,"Greenbrier County, WV",736,752,953,1253,1263
NCNTY54031N54031,"Hardy County, WV",727,759,941,1192,1320
NCNTY54033N54033,"Harrison County, WV",854,925,1024,1356,1635
NCNTY54041N54041,"Lewis County, WV",721,825,933,1253,1257
NCNTY54045N54045,"Logan County, WV",663,775,858,1202,1396
NCNTY54047N54047,"McDowell County, WV",645,649,852,1125,1130
NCNTY54049N54049,"Marion County, WV",814,866,1067,1294,1585
NCNTY54053N54053,"Mason County, WV",707,827,916,1104,1214
NCNTY54055N54055,"Mercer County, WV",626,731,912,1250,1338
NCNTY54059N54059,"Mingo County, WV",660,665,872,1119,1464
NCNTY54063N54063,"Monroe County, WV",658,751,852,1093,1271
NCNTY54067N54067,"Nicholas County, WV",658,700,852,1182,1195
NCNTY54071N54071,"Pendleton County, WV",658,688,852,1175,1269
NCNTY54073N54073,"Pleasants County, WV",645,649,852,1118,1195
NCNTY54075N54075,"Pocahontas County, WV",658,769,852,1171,1195
NCNTY54083N54083,"Randolph County, WV",645,709,930,1181,1435
NCNTY54085N54085,"Ritchie County, WV",662,666,874,1053,1159
NCNTY54087N54087,"Roane County, WV",658,769,852,1194,1195
NCNTY54089N54089,"Summers County, WV",679,710,879,1161,1165
NCNTY54091N54091,"Taylor County, WV",694,817,1012,1362,1419
NCNTY54093N54093,"Tucker County, WV",658,763,852,1194,1431
NCNTY54095N54095,"Tyler County, WV",674,705,873,1130,1224
NCNTY54097N54097,"Upshur County, WV",748,753,988,1212,1615
NCNTY54101N54101,"Webster County, WV",584,649,852,1122,1195
NCNTY54103N54103,"Wetzel County, WV",722,727,954,1153,1265
NCNTY54109N54109,"Wyoming County, WV",707,749,916,1224,1253
NCNTY55001N55001,"Adams County, WI",676,729,933,1165,1237
NCNTY55003N55003,"Ashland County, WI",660,733,933,1307,1567
NCNTY55005N55005,"Barron County, WI",707,777,1019,1260,1555
NCNTY55007N55007,"Bayfield County, WI",711,790,1037,1370,1375
NCNTY55011N55011,"Buffalo County, WI",712,767,1006,1239,1515
NCNTY55013N55013,"Burnett County, WI",749,806,1058,1275,1531
NCNTY55019N55019,"Clark County, WI",641,713,935,1175,1311
NCNTY55023N55023,"Crawford County, WI",660,843,933,1124,1297
NCNTY55027N55027,"Dodge County, WI",769,904,1122,1525,1599
NCNTY55029N55029,"Door County, WI",830,894,1173,1419,1555
NCNTY55033N55033,"Dunn County, WI",818,823,1078,1404,1810
NCNTY55037N55037,"Florence County, WI",862,928,1217,1501,1693
NCNTY55041N55041,"Forest County, WI",640,711,933,1124,1237
NCNTY55043N55043,"Grant County, WI",749,754,975,1226,1637
NCNTY55047N55047,"Green Lake County, WI",682,734,963,1160,1278
NCNTY55051N55051,"Iron County, WI",660,740,933,1143,1422
NCNTY55053N55053,"Jackson County, WI",651,842,949,1158,1452
NCNTY55055N55055,"Jefferson County, WI",815,929,1189,1570,1576
NCNTY55057N55057,"Juneau County, WI",706,760,997,1210,1322
NCNTY55065N55065,"Lafayette County, WI",660,776,933,1307,1365
NCNTY55067N55067,"Langlade County, WI",662,713,935,1126,1268
NCNTY55071N55071,"Manitowoc County, WI",723,728,955,1151,1266
NCNTY55075N55075,"Marinette County, WI",756,761,966,1164,1418
NCNTY55077N55077,"Marquette County, WI",660,728,933,1202,1348
NCNTY55078N55078,"Menominee County, WI",751,809,1061,1309,1476
NCNTY55081N55081,"Monroe County, WI",758,895,1106,1436,1587
NCNTY55085N55085,"Oneida County, WI",755,874,1066,1284,1561
NCNTY55091N55091,"Pepin County, WI",660,711,933,1280,1567
NCNTY55095N55095,"Polk County, WI",803,893,1171,1411,1768
NCNTY55097N55097,"Portage County, WI",737,829,1075,1295,1450
NCNTY55099N55099,"Price County, WI",719,724,950,1255,1260
NCNTY55103N55103,"Richland County, WI",640,795,933,1128,1477
NCNTY55107N55107,"Rusk County, WI",728,733,961,1158,1274
NCNTY55111N55111,"Sauk County, WI",849,989,1162,1496,1551
NCNTY55113N55113,"Sawyer County, WI",741,801,1051,1266,1393
NCNTY55115N55115,"Shawano County, WI",670,773,946,1182,1254
NCNTY55119N55119,"Taylor County, WI",660,716,933,1184,1567
NCNTY55121N55121,"Trempealeau County, WI",792,797,1046,1382,1387
NCNTY55123N55123,"Vernon County, WI",653,742,952,1251,1475
NCNTY55125N55125,"Vilas County, WI",763,767,951,1146,1291
NCNTY55127N55127,"Walworth County, WI",876,974,1278,1607,2041
NCNTY55129N55129,"Washburn County, WI",688,765,1004,1210,1331
NCNTY55135N55135,"Waupaca County, WI",762,797,967,1277,1282
NCNTY55137N55137,"Waushara County, WI",660,711,933,1256,1426
NCNTY55141N55141,"Wood County, WI",730,786,1031,1324,1367
NCNTY56001N56001,"Albany County, WY",761,863,1058,1483,1777
NCNTY56003N56003,"Big Horn County, WY",751,813,933,1137,1496
NCNTY56005N56005,"Campbell County, WY",829,920,1029,1352,1728
NCNTY56007N56007,"Carbon County, WY",783,788,1031,1445,1695
NCNTY56009N56009,"Converse County, WY",812,817,1072,1358,1763
NCNTY56011N56011,"Crook County, WY",709,736,933,1265,1534
NCNTY56013N56013,"Fremont County, WY",763,768,1008,1411,1623
NCNTY56015N56015,"Goshen County, WY",707,712,934,1239,1568
NCNTY56017N56017,"Hot Springs County, WY",707,711,933,1307,1520
NCNTY56019N56019,"Johnson County, WY",822,828,1086,1414,1786
NCNTY56023N56023,"Lincoln County, WY",707,711,933,1307,1567
NCNTY56027N56027,"Niobrara County, WY",743,748,978,1342,1608
NCNTY56029N56029,"Park County, WY",693,770,1010,1415,1696
NCNTY56031N56031,"Platte County, WY",787,792,1039,1252,1708
NCNTY56033N56033,"Sheridan County, WY",881,886,1163,1401,1816
NCNTY56035N56035,"Sublette County, WY",797,803,1050,1471,1726
NCNTY56037N56037,"Sweetwater County, WY",864,869,1062,1322,1727
NCNTY56039N56039,"Teton County, WY",1437,1447,1898,2469,3121
NCNTY56041N56041,"Uinta County, WY",707,711,933,1307,1531
NCNTY56043N56043,"Washakie County, WY",707,711,933,1307,1464
NCNTY56045N56045,"Weston County, WY",848,854,1117,1402,1837
NCNTY60999N60999,American Samoa,825,830,1089,1526,1670
NCNTY66010N66010,Guam,1346,1482,1944,2724,3264
NCNTY69999N69999,Northern Mariana Islands,732,813,1067,1495,1792
NCNTY72923N72923,Puerto Rico HUD Nonmetro Area,436,452,501,702,773
NCNTY78010N78010,"St. Croix Island, VI",1235,1260,1539,1854,2040
NCNTY78020N78020,"St. John Island, VI",1656,1943,2415,2910,3202
NCNTY78030N78030,"St. Thomas Island, VI",1195,1393,1743,2100,2311
