state,cbsasub19,areaname19,rent50_0,rent50_1,rent50_2,rent50_3,rent50_4,state_alpha,pop2010,hu2010,cntyname,name
48,METRO10180M10180,"Abilene, TX MSA",642,667,882,1142,1467,TX,165252,69721,Callahan County,Callahan County
72,METRO10380M10380,"Aguadilla-Isabela, PR HUD Metro FMR Area",388,398,456,606,732,PR,306292,138855,Aguada Municipio,Aguada Municipio
72,METRO10380N72141,"Utuado Municipio, PR HUD Metro FMR Area",379,389,445,558,602,PR,33149,14192,Utuado Municipio,Utuado Municipio
39,METRO10420M10420,"Akron, OH MSA",564,667,868,1092,1173,OH,703200,312581,Portage County,Portage County
13,METRO10500M10500,"Albany, GA MSA",591,604,727,958,1037,GA,157308,66060,Baker County,Baker County
41,METRO10540M10540,"Albany, OR MSA",678,798,1056,1525,1746,OR,116672,48821,Linn County,Linn County
36,METRO10580M10580,"Albany-Schenectady-Troy, NY MSA",821,966,1192,1493,1611,NY,870716,393297,Albany County,Albany County
35,METRO10740M10740,"Albuquerque, NM MSA",605,763,941,1361,1618,NM,887077,374404,Bernalillo County,Bernalillo County
22,METRO10780M10780,"Alexandria, LA MSA",527,658,821,1077,1257,LA,153922,64570,Grant Parish,Grant Parish
42,METRO10900M10900,"Allentown-Bethlehem-Easton, PA HUD Metro FMR Area",778,936,1192,1546,1611,PA,712481,297275,Carbon County,Carbon County
34,METRO10900MM5640,"Warren County, NJ HUD Metro FMR Area",992,1130,1371,1718,1927,NJ,108692,44925,Warren County,Warren County
42,METRO11020M11020,"Altoona, PA MSA",644,684,854,1070,1154,PA,127089,56276,Blair County,Blair County
48,METRO11100M11100,"Amarillo, TX HUD Metro FMR Area",594,702,912,1233,1389,TX,249881,102546,Armstrong County,Armstrong County
48,METRO11100N48359,"Oldham County, TX HUD Metro FMR Area",635,752,976,1223,1487,TX,2052,841,Oldham County,Oldham County
19,METRO11180M11180,"Ames, IA MSA",707,803,969,1318,1615,IA,89542,36789,Story County,Story County
2,METRO11260M11260,"Anchorage, AK HUD Metro FMR Area",989,1067,1394,2016,2449,AK,291826,113032,Anchorage Municipality,Anchorage Municipality
2,METRO11260N02170,"Matanuska-Susitna Borough, AK HUD Metro FMR Area",803,852,1127,1630,1980,AK,88995,41329,Matanuska-Susitna Borough,Matanuska-Susitna Borough
26,METRO11460M11460,"Ann Arbor, MI MSA",972,1004,1232,1620,1992,MI,344791,147573,Washtenaw County,Washtenaw County
1,METRO11500M11500,"Anniston-Oxford-Jacksonville, AL MSA",485,545,718,941,1095,AL,118572,53289,Calhoun County,Calhoun County
55,METRO11540M11540,"Appleton, WI MSA",607,642,830,1183,1188,WI,225666,92844,Calumet County,Calumet County
72,METRO11640MM0470,"Arecibo, PR HUD Metro FMR Area",381,383,468,622,742,PR,173552,75049,Arecibo Municipio,Arecibo Municipio
72,METRO11640N72923,"Quebradillas Municipio, PR HUD Metro FMR Area",404,408,474,661,756,PR,25919,10754,Quebradillas Municipio,Quebradillas Municipio
37,METRO11700M11700,"Asheville, NC HUD Metro FMR Area",870,875,1088,1485,1911,NC,365822,178683,Buncombe County,Buncombe County
37,METRO11700N37087,"Haywood County, NC HUD Metro FMR Area",653,785,899,1156,1493,NC,59036,34954,Haywood County,Haywood County
13,METRO12020M12020,"Athens-Clarke County, GA MSA",666,714,840,1137,1394,GA,192541,81719,Clarke County,Clarke County
13,METRO12060M12060,"Atlanta-Sandy Springs-Roswell, GA HUD Metro FMR Area",1005,1031,1180,1522,1870,GA,5176116,2126420,Barrow County,Barrow County
13,METRO12060N13035,"Butts County, GA HUD Metro FMR Area",698,703,930,1191,1582,GA,23655,9357,Butts County,Butts County
13,METRO12060N13143,"Haralson County, GA HUD Metro FMR Area",722,726,868,1088,1312,GA,28780,12287,Haralson County,Haralson County
13,METRO12060N13171,"Lamar County, GA HUD Metro FMR Area",633,637,776,1122,1230,GA,18317,7474,Lamar County,Lamar County
13,METRO12060N13199,"Meriwether County, GA HUD Metro FMR Area",625,629,832,1203,1343,GA,21992,9957,Meriwether County,Meriwether County
13,METRO12060N13211,"Morgan County, GA HUD Metro FMR Area",800,821,940,1324,1445,GA,17868,7472,Morgan County,Morgan County
34,METRO12100M12100,"Atlantic City-Hammonton, NJ MSA",917,1072,1367,1799,2044,NJ,274549,126647,Atlantic County,Atlantic County
1,METRO12220M12220,"Auburn-Opelika, AL MSA",588,674,875,1164,1381,AL,140247,62391,Lee County,Lee County
13,METRO12260M12260,"Augusta-Richmond County, GA-SC HUD Metro FMR Area",742,748,897,1225,1576,GA,556877,236949,Burke County,Burke County
13,METRO12260N13181,"Lincoln County, GA HUD Metro FMR Area",593,625,715,1003,1006,GA,7996,4786,Lincoln County,Lincoln County
48,METRO12420M12420,"Austin-Round Rock, TX MSA",1004,1170,1417,1869,2262,TX,1716289,706505,Bastrop County,Bastrop County
6,METRO12540M12540,"Bakersfield, CA MSA",750,762,992,1429,1700,CA,839631,284367,Kern County,Kern County
24,METRO12580M12580,"Baltimore-Columbia-Towson, MD MSA",931,1159,1449,1870,2151,MD,2710489,1132251,Anne Arundel County,Anne Arundel County
23,METRO12620MM0730,"Bangor, ME HUD Metro FMR Area",719,818,1038,1301,1823,ME,93971,41407,Penobscot County,Bangor city
23,METRO12620N23019,"Penobscot County, ME (part) HUD Metro FMR Area",702,706,934,1170,1263,ME,59952,32453,Penobscot County,Alton town
25,METRO12700M12700,"Barnstable Town, MA MSA",1051,1237,1636,2073,2255,MA,215888,160281,Barnstable County,Barnstable Town city
22,METRO12940M12940,"Baton Rouge, LA HUD Metro FMR Area",775,914,1057,1357,1688,LA,769097,317022,Ascension Parish,Ascension Parish
22,METRO12940N22047,"Iberville Parish, LA HUD Metro FMR Area",590,698,799,1001,1253,LA,33387,12707,Iberville Parish,Iberville Parish
26,METRO12980M12980,"Battle Creek, MI MSA",513,633,798,1039,1097,MI,136146,61042,Calhoun County,Calhoun County
26,METRO13020M13020,"Bay City, MI MSA",535,630,833,1104,1159,MI,107771,48220,Bay County,Bay County
48,METRO13140M13140,"Beaumont-Port Arthur, TX HUD Metro FMR Area",684,788,973,1255,1385,TX,388745,162334,Hardin County,Hardin County
48,METRO13140N48351,"Newton County, TX HUD Metro FMR Area",494,568,700,987,991,TX,14445,7142,Newton County,Newton County
54,METRO13220N54019,"Fayette County, WV HUD Metro FMR Area",541,544,679,927,1010,WV,46039,21618,Fayette County,Fayette County
54,METRO13220N54081,"Raleigh County, WV HUD Metro FMR Area",677,694,795,996,1254,WV,78859,35931,Raleigh County,Raleigh County
53,METRO13380M13380,"Bellingham, WA MSA",782,849,1107,1601,1944,WA,201140,90665,Whatcom County,Whatcom County
41,METRO13460M13460,"Bend-Redmond, OR MSA",790,942,1141,1641,2004,OR,157733,80139,Deschutes County,Deschutes County
30,METRO13740M13740,"Billings, MT HUD Metro FMR Area",619,729,964,1352,1657,MT,158050,70384,Carbon County,Carbon County
30,METRO13740N30037,"Golden Valley County, MT HUD Metro FMR Area",471,554,733,1060,1260,MT,884,476,Golden Valley County,Golden Valley County
36,METRO13780M13780,"Binghamton, NY MSA",639,672,871,1140,1297,NY,251725,112766,Broome County,Broome County
1,METRO13820M13820,"Birmingham-Hoover, AL HUD Metro FMR Area",763,824,943,1247,1385,AL,1017381,449931,Bibb County,Bibb County
1,METRO13820N01021,"Chilton County, AL HUD Metro FMR Area",563,597,683,988,1200,AL,43643,19278,Chilton County,Chilton County
1,METRO13820N01127,"Walker County, AL HUD Metro FMR Area",526,529,700,877,1053,AL,67023,30816,Walker County,Walker County
38,METRO13900M13900,"Bismarck, ND HUD Metro FMR Area",707,712,927,1264,1583,ND,108779,47833,Burleigh County,Burleigh County
38,METRO13900N38065,"Oliver County, ND HUD Metro FMR Area",734,738,964,1284,1608,ND,1846,905,Oliver County,Oliver County
38,METRO13900N38085,"Sioux County, ND HUD Metro FMR Area",542,546,700,877,1127,ND,4153,1311,Sioux County,Sioux County
51,METRO13980M13980,"Blacksburg-Christiansburg-Radford, VA HUD Metro FMR Area",734,805,922,1333,1619,VA,110800,44996,Montgomery County,Montgomery County
51,METRO13980N51063,"Floyd County, VA HUD Metro FMR Area",596,611,700,1001,1230,VA,15279,7790,Floyd County,Floyd County
51,METRO13980N51071,"Giles County, VA HUD Metro FMR Area",526,529,700,877,1134,VA,17286,8319,Giles County,Giles County
51,METRO13980N51155,"Pulaski County, VA HUD Metro FMR Area",596,611,700,943,1230,VA,34872,17235,Pulaski County,Pulaski County
17,METRO14010M14060,"Bloomington, IL  HUD Metro FMR Area",628,695,908,1272,1577,IL,169572,69656,McLean County,McLean County
17,METRO14010N17039,"De Witt County, IL HUD Metro FMR Area",563,567,697,939,942,IL,16561,7521,De Witt County,De Witt County
18,METRO14020MM1020,"Bloomington, IN HUD Metro FMR Area",736,777,998,1311,1753,IN,137974,59107,Monroe County,Monroe County
18,METRO14020N18119,"Owen County, IN HUD Metro FMR Area",585,630,769,1033,1351,IN,21575,10091,Owen County,Owen County
42,METRO14100N42037,"Columbia County, PA HUD Metro FMR Area",698,702,874,1095,1375,PA,67295,29498,Columbia County,Columbia County
42,METRO14100N42093,"Montour County, PA HUD Metro FMR Area",735,740,964,1208,1303,PA,18267,7965,Montour County,Montour County
16,METRO14260M14260,"Boise City, ID HUD Metro FMR Area",587,721,914,1317,1515,ID,599842,238953,Ada County,Ada County
16,METRO14260N16045,"Gem County, ID HUD Metro FMR Area",535,629,832,1110,1145,ID,16719,7099,Gem County,Gem County
25,METRO14460MM1120,"Boston-Cambridge-Quincy, MA-NH HUD Metro FMR Area",1700,1904,2320,2907,3136,MA,3320390,1395948,Essex County,Amesbury Town city
25,METRO14460MM1200,"Brockton, MA HUD Metro FMR Area",1098,1215,1577,1981,2304,MA,246362,93569,Norfolk County,Avon town
25,METRO14460MM4160,"Lawrence, MA-NH HUD Metro FMR Area",977,1123,1441,1805,1948,MA,417794,162230,Essex County,Andover town
25,METRO14460MM4560,"Lowell, MA HUD Metro FMR Area",1099,1264,1623,2033,2194,MA,297547,113435,Middlesex County,Billerica town
33,METRO14460MM4760,"Western Rockingham County, NH HUD Metro FMR Area",1195,1245,1621,2205,2213,NH,46297,17937,Rockingham County,Auburn town
33,METRO14460MM6450,"Portsmouth-Rochester, NH HUD Metro FMR Area",970,977,1239,1702,2090,NH,224012,100087,Rockingham County,Brentwood town
8,METRO14500M14500,"Boulder, CO MSA",1233,1354,1653,2318,2600,CO,294567,127071,Boulder County,Boulder County
21,METRO14540M14540,"Bowling Green, KY HUD Metro FMR Area",633,646,820,1089,1436,KY,125953,53690,Edmonson County,Edmonson County
21,METRO14540N21003,"Allen County, KY HUD Metro FMR Area",516,519,687,926,1207,KY,19956,9307,Allen County,Allen County
21,METRO14540N21031,"Butler County, KY HUD Metro FMR Area",481,484,640,877,965,KY,12690,5877,Butler County,Butler County
53,METRO14740M14740,"Bremerton-Silverdale, WA MSA",827,993,1287,1826,2111,WA,251133,107367,Kitsap County,Kitsap County
9,METRO14860MM1160,"Bridgeport, CT HUD Metro FMR Area",923,1110,1391,1754,2182,CT,357563,138687,Fairfield County,Bridgeport town
9,METRO14860MM1930,"Danbury, CT HUD Metro FMR Area",1090,1342,1696,2125,2677,CT,194747,75742,Fairfield County,Bethel town
9,METRO14860MM8040,"Stamford-Norwalk, CT HUD Metro FMR Area",1325,1660,2063,2631,3012,CT,364519,146792,Fairfield County,Darien town
48,METRO15180M15180,"Brownsville-Harlingen, TX MSA",600,603,770,1034,1183,TX,406220,141924,Cameron County,Cameron County
13,METRO15260M15260,"Brunswick, GA MSA",702,706,879,1235,1266,GA,112370,58022,Brantley County,Brantley County
36,METRO15380M15380,"Buffalo-Cheektowaga-Niagara Falls, NY MSA",713,738,890,1115,1279,NY,1135509,519094,Erie County,Erie County
37,METRO15500M15500,"Burlington, NC MSA",602,684,871,1149,1328,NC,151131,66576,Alamance County,Alamance County
50,METRO15540M15540,"Burlington-South Burlington, VT MSA",1055,1279,1642,2136,2220,VT,211261,92358,Chittenden County,Bolton town
24,METRO15680M15680,"California-Lexington Park, MD MSA",928,1170,1407,1934,2428,MD,105151,41282,St. Mary's County,St. Mary's County
39,METRO15940M15940,"Canton-Massillon, OH MSA",538,623,824,1052,1114,OH,404422,178913,Carroll County,Carroll County
12,METRO15980M15980,"Cape Coral-Fort Myers, FL MSA",829,895,1110,1443,1653,FL,618754,371099,Lee County,Lee County
17,METRO16020M16020,"Cape Girardeau, MO-IL MSA",591,593,785,1131,1242,IL,96275,42500,Alexander County,Alexander County
17,METRO16060N17077,"Jackson County, IL HUD Metro FMR Area",491,603,764,989,1033,IL,60218,28578,Jackson County,Jackson County
17,METRO16060N17199,"Williamson County, IL HUD Metro FMR Area",563,567,750,1027,1307,IL,66357,30359,Williamson County,Williamson County
32,METRO16180M16180,"Carson City, NV MSA",590,709,901,1303,1583,NV,55274,23534,Carson City,Carson City
56,METRO16220M16220,"Casper, WY MSA",629,746,900,1251,1581,WY,75450,33807,Natrona County,Natrona County
19,METRO16300M16300,"Cedar Rapids, IA HUD Metro FMR Area",549,646,854,1214,1332,IA,211226,92251,Linn County,Linn County
19,METRO16300N19011,"Benton County, IA HUD Metro FMR Area",546,549,714,910,1010,IA,26076,11095,Benton County,Benton County
19,METRO16300N19105,"Jones County, IA HUD Metro FMR Area",472,555,734,999,1122,IA,20638,8911,Jones County,Jones County
42,METRO16540M16540,"Chambersburg-Waynesboro, PA MSA",636,748,990,1270,1338,PA,149618,63219,Franklin County,Franklin County
17,METRO16580M16580,"Champaign-Urbana, IL MSA",727,747,897,1147,1427,IL,231891,101120,Champaign County,Champaign County
54,METRO16620M16620,"Charleston, WV HUD Metro FMR Area",554,705,863,1081,1245,WV,202449,97190,Clay County,Clay County
54,METRO16620N54005,"Boone County, WV HUD Metro FMR Area",435,528,677,850,915,WV,24629,11070,Boone County,Boone County
45,METRO16700M16700,"Charleston-North Charleston, SC MSA",883,1043,1207,1597,2092,SC,664607,298542,Berkeley County,Berkeley County
37,METRO16740M16740,"Charlotte-Concord-Gastonia, NC-SC HUD Metro FMR Area",940,963,1104,1491,1911,NC,1731090,726199,Cabarrus County,Cabarrus County
37,METRO16740N37097,"Iredell County, NC HUD Metro FMR Area",824,846,968,1278,1700,NC,159437,69013,Iredell County,Iredell County
37,METRO16740N37109,"Lincoln County, NC HUD Metro FMR Area",695,700,825,1130,1449,NC,78265,33641,Lincoln County,Lincoln County
37,METRO16740N37159,"Rowan County, NC HUD Metro FMR Area",663,719,895,1188,1210,NC,138428,60211,Rowan County,Rowan County
45,METRO16740N45023,"Chester County, SC HUD Metro FMR Area",565,569,753,1012,1153,SC,33140,14701,Chester County,Chester County
45,METRO16740N45057,"Lancaster County, SC HUD Metro FMR Area",545,646,849,1125,1148,SC,76652,32687,Lancaster County,Lancaster County
51,METRO16820M16820,"Charlottesville, VA HUD Metro FMR Area",919,1237,1431,1793,2174,VA,201559,89134,Albemarle County,Albemarle County
51,METRO16820N51029,"Buckingham County, VA HUD Metro FMR Area",538,732,838,1080,1417,VA,17146,7244,Buckingham County,Buckingham County
13,METRO16860M16860,"Chattanooga, TN-GA MSA",625,741,905,1174,1436,GA,528143,234440,Catoosa County,Catoosa County
56,METRO16940M16940,"Cheyenne, WY MSA",666,671,887,1230,1558,WY,91738,40462,Laramie County,Laramie County
17,METRO16980M16980,"Chicago-Joliet-Naperville, IL HUD Metro FMR Area",998,1140,1323,1683,2013,IL,8316650,3332436,Cook County,Cook County
17,METRO16980MM2050,"DeKalb County, IL HUD Metro FMR Area",694,788,1036,1477,1746,IL,105160,41079,DeKalb County,DeKalb County
18,METRO16980MM2960,"Gary, IN HUD Metro FMR Area",624,794,972,1231,1359,IN,674592,280959,Lake County,Lake County
17,METRO16980MM3170,"Grundy County, IL HUD Metro FMR Area",881,887,1173,1584,1586,IL,50063,19996,Grundy County,Grundy County
17,METRO16980MM3780,"Kendall County, IL HUD Metro FMR Area",1038,1045,1382,1998,2415,IL,114736,40321,Kendall County,Kendall County
55,METRO16980MM3800,"Kenosha County, WI HUD Metro FMR Area",625,736,973,1275,1465,WI,166426,69288,Kenosha County,Kenosha County
18,METRO16980N18073,"Jasper County, IN HUD Metro FMR Area",651,661,855,1101,1502,IN,33478,13168,Jasper County,Jasper County
6,METRO17020M17020,"Chico, CA MSA",859,951,1216,1758,2042,CA,220000,95835,Butte County,Butte County
18,METRO17140M17140,"Cincinnati, OH-KY-IN  HUD Metro FMR Area",629,722,952,1317,1523,IN,2037556,878615,Dearborn County,Dearborn County
39,METRO17140MM1220,"Brown County, OH HUD Metro FMR Area",532,606,802,1130,1165,OH,44846,19301,Brown County,Brown County
21,METRO17140MM3020,"Grant County, KY HUD Metro FMR Area",657,661,833,1204,1447,KY,24662,9942,Grant County,Grant County
18,METRO17140N18161,"Union County, IN HUD Metro FMR Area",524,633,790,990,1101,IN,7516,3239,Union County,Union County
21,METRO17300M17300,"Clarksville, TN-KY MSA",597,731,920,1295,1490,KY,260625,107367,Christian County,Christian County
47,METRO17420M17420,"Cleveland, TN MSA",540,635,840,1077,1297,TN,115788,49386,Bradley County,Bradley County
39,METRO17460M17460,"Cleveland-Elyria, OH MSA",607,723,892,1176,1235,OH,2077240,955756,Cuyahoga County,Cuyahoga County
16,METRO17660M17660,"Coeur d'Alene, ID MSA",659,685,889,1278,1561,ID,138494,63177,Kootenai County,Kootenai County
48,METRO17780M17780,"College Station-Bryan, TX MSA",698,811,963,1392,1691,TX,228660,95016,Brazos County,Brazos County
8,METRO17820M17820,"Colorado Springs, CO HUD Metro FMR Area",736,897,1145,1656,2011,CO,622263,252852,El Paso County,El Paso County
8,METRO17820N08119,"Teller County, CO HUD Metro FMR Area",723,851,1126,1628,1910,CO,23350,12643,Teller County,Teller County
29,METRO17860M17860,"Columbia, MO MSA",627,696,848,1151,1489,MO,162642,69551,Boone County,Boone County
45,METRO17900M17900,"Columbia, SC HUD Metro FMR Area",724,903,1034,1353,1694,SC,705901,303992,Calhoun County,Calhoun County
45,METRO17900N45055,"Kershaw County, SC HUD Metro FMR Area",681,715,819,1153,1439,SC,61697,27478,Kershaw County,Kershaw County
1,METRO17980M17980,"Columbus, GA-AL MSA",694,771,930,1268,1634,AL,294865,128214,Russell County,Russell County
18,METRO18020M18020,"Columbus, IN MSA",760,765,914,1185,1235,IN,76794,33098,Bartholomew County,Bartholomew County
39,METRO18140M18140,"Columbus, OH HUD Metro FMR Area",688,815,1024,1311,1524,OH,1784236,772911,Delaware County,Delaware County
39,METRO18140N39073,"Hocking County, OH HUD Metro FMR Area",569,572,683,988,1200,OH,29380,13417,Hocking County,Hocking County
39,METRO18140N39127,"Perry County, OH HUD Metro FMR Area",509,574,759,1004,1149,OH,36058,15211,Perry County,Perry County
39,METRO18140N39159,"Union County, OH HUD Metro FMR Area",669,754,997,1311,1352,OH,52300,19429,Union County,Union County
48,METRO18580M18580,"Corpus Christi, TX HUD Metro FMR Area",885,940,1190,1591,1849,TX,405027,167554,Nueces County,Nueces County
48,METRO18580N48007,"Aransas County, TX HUD Metro FMR Area",720,847,970,1403,1473,TX,23158,15355,Aransas County,Aransas County
41,METRO18700M18700,"Corvallis, OR MSA",805,929,1118,1616,1964,OR,85579,36245,Benton County,Benton County
12,METRO18880M18880,"Crestview-Fort Walton Beach-Destin, FL HUD Metro FMR Area",911,916,1070,1502,1879,FL,180822,92407,Okaloosa County,Okaloosa County
12,METRO18880N12131,"Walton County, FL HUD Metro FMR Area",778,798,914,1322,1605,FL,55043,45132,Walton County,Walton County
24,METRO19060M19060,"Cumberland, MD-WV MSA",532,615,726,984,1224,MD,103299,46350,Allegany County,Allegany County
48,METRO19100M19100,"Dallas, TX HUD Metro FMR Area",905,1070,1300,1732,2251,TX,4230520,1657686,Collin County,Collin County
48,METRO19100MM2800,"Fort Worth-Arlington, TX HUD Metro FMR Area",805,911,1140,1558,1976,TX,2076895,818150,Johnson County,Johnson County
48,METRO19100N48221,"Hood County, TX HUD Metro FMR Area",753,890,1075,1450,1805,TX,51182,24951,Hood County,Hood County
48,METRO19100N48425,"Somervell County, TX HUD Metro FMR Area",620,726,885,1239,1527,TX,8490,3674,Somervell County,Somervell County
48,METRO19100N48497,"Wise County, TX HUD Metro FMR Area",769,924,1099,1377,1549,TX,59127,23781,Wise County,Wise County
13,METRO19140M19140,"Dalton, GA HUD Metro FMR Area",577,659,758,1046,1133,GA,102599,39899,Whitfield County,Whitfield County
13,METRO19140N13213,"Murray County, GA HUD Metro FMR Area",557,561,727,962,1064,GA,39628,15979,Murray County,Murray County
17,METRO19180M19180,"Danville, IL MSA",506,607,787,995,1064,IL,81625,36318,Vermilion County,Vermilion County
1,METRO19300M19300,"Daphne-Fairhope-Foley, AL MSA",816,835,959,1352,1622,AL,182265,104061,Baldwin County,Baldwin County
17,METRO19340M19340,"Davenport-Moline-Rock Island, IA-IL MSA",589,687,880,1152,1299,IL,379690,167110,Henry County,Henry County
39,METRO19380M19380,"Dayton, OH MSA",556,636,836,1118,1261,OH,799232,367272,Greene County,Greene County
1,METRO19460M19460,"Decatur, AL MSA",473,557,718,927,986,AL,153829,66422,Lawrence County,Lawrence County
17,METRO19500M19500,"Decatur, IL MSA",508,611,790,1083,1125,IL,110768,50475,Macon County,Macon County
12,METRO19660M19660,"Deltona-Daytona Beach-Ormond Beach, FL HUD Metro FMR Area",741,918,1145,1541,1768,FL,494593,254226,Volusia County,Volusia County
12,METRO19660M37380,"Palm Coast, FL HUD Metro FMR Area",985,991,1190,1597,1788,FL,95696,48595,Flagler County,Flagler County
8,METRO19740M19740,"Denver-Aurora-Lakewood, CO MSA",1118,1308,1638,2302,2674,CO,2543482,1078837,Adams County,Adams County
19,METRO19780M19780,"Des Moines-West Des Moines, IA MSA",655,786,971,1308,1448,IA,569633,240203,Dallas County,Dallas County
26,METRO19820M19820,"Detroit-Warren-Livonia, MI HUD Metro FMR Area",665,806,1035,1350,1468,MI,4115283,1813728,Lapeer County,Lapeer County
26,METRO19820MM0440,"Livingston County, MI HUD Metro FMR Area",690,813,1046,1450,1798,MI,180967,72809,Livingston County,Livingston County
1,METRO20020M20020,"Dothan, AL HUD Metro FMR Area",553,557,732,972,1124,AL,128337,58006,Geneva County,Geneva County
1,METRO20020N01067,"Henry County, AL HUD Metro FMR Area",503,561,642,820,1128,AL,17302,8891,Henry County,Henry County
10,METRO20100M20100,"Dover, DE MSA",910,933,1103,1584,1910,DE,162310,65338,Kent County,Kent County
19,METRO20220M20220,"Dubuque, IA MSA",546,643,850,1135,1363,IA,93653,38951,Dubuque County,Dubuque County
27,METRO20260M20260,"Duluth, MN-WI MSA",670,717,932,1200,1488,MN,279771,141539,Carlton County,Carlton County
37,METRO20500M20500,"Durham-Chapel Hill, NC HUD Metro FMR Area",893,965,1129,1535,1738,NC,464893,204567,Chatham County,Chatham County
37,METRO20500N37145,"Person County, NC HUD Metro FMR Area",486,569,752,1003,1016,NC,39464,18193,Person County,Person County
42,METRO20700M20700,"East Stroudsburg, PA MSA",788,930,1187,1627,1852,PA,169842,80359,Monroe County,Monroe County
55,METRO20740M20740,"Eau Claire, WI MSA",550,647,856,1158,1355,WI,161151,69336,Chippewa County,Chippewa County
6,METRO20940M20940,"El Centro, CA MSA",644,772,1003,1312,1744,CA,174528,56067,Imperial County,Imperial County
21,METRO21060M21060,"Elizabethtown, KY HUD Metro FMR Area",570,608,804,1162,1412,KY,119736,49433,Hardin County,Hardin County
21,METRO21060N21163,"Meade County, KY HUD Metro FMR Area",512,599,755,1092,1316,KY,28602,11762,Meade County,Meade County
18,METRO21140M21140,"Elkhart-Goshen, IN MSA",546,649,850,1065,1198,IN,197559,77767,Elkhart County,Elkhart County
36,METRO21300M21300,"Elmira, NY MSA",684,719,905,1166,1223,NY,88830,38369,Chemung County,Chemung County
48,METRO21340M21340,"El Paso, TX HUD Metro FMR Area",576,732,897,1283,1529,TX,800647,270307,El Paso County,El Paso County
48,METRO21340N48229,"Hudspeth County, TX HUD Metro FMR Area",562,713,874,1095,1489,TX,3476,1527,Hudspeth County,Hudspeth County
40,METRO21420M21420,"Enid, OK MSA",521,613,811,1144,1285,OK,60580,26831,Garfield County,Garfield County
42,METRO21500M21500,"Erie, PA MSA",648,673,866,1095,1171,PA,280566,119138,Erie County,Erie County
41,METRO21660M21660,"Eugene-Springfield, OR MSA",715,823,1089,1575,1849,OR,351715,156112,Lane County,Lane County
18,METRO21780M21780,"Evansville, IN-KY MSA",608,659,848,1094,1146,IN,311552,138733,Posey County,Posey County
2,METRO21820M21820,"Fairbanks, AK MSA",922,1085,1435,2075,2521,AK,97581,41783,Fairbanks North Star Borough,Fairbanks North Star Borough
27,METRO22020M22020,"Fargo, ND-MN MSA",587,723,899,1300,1579,MN,208777,91897,Clay County,Clay County
35,METRO22140M22140,"Farmington, NM MSA",704,711,827,1077,1119,NM,130044,49341,San Juan County,San Juan County
37,METRO22180M22180,"Fayetteville, NC HUD Metro FMR Area",805,810,965,1347,1652,NC,319431,135524,Cumberland County,Cumberland County
37,METRO22180N37093,"Hoke County, NC HUD Metro FMR Area",686,690,815,1178,1432,NC,46952,18211,Hoke County,Hoke County
5,METRO22220M22220,"Fayetteville-Springdale-Rogers, AR HUD Metro FMR Area",582,623,806,1149,1416,AR,440121,188373,Benton County,Benton County
29,METRO22220N29119,"McDonald County, MO HUD Metro FMR Area",485,569,668,869,905,MO,23083,9925,McDonald County,McDonald County
4,METRO22380M22380,"Flagstaff, AZ MSA",966,1084,1331,1733,2096,AZ,134421,63321,Coconino County,Coconino County
26,METRO22420M22420,"Flint, MI MSA",515,607,802,1057,1095,MI,425790,192180,Genesee County,Genesee County
45,METRO22500M22500,"Florence, SC HUD Metro FMR Area",648,652,840,1063,1204,SC,136885,58666,Florence County,Florence County
45,METRO22500N45031,"Darlington County, SC HUD Metro FMR Area",538,641,753,982,1042,SC,68681,30297,Darlington County,Darlington County
1,METRO22520M22520,"Florence-Muscle Shoals, AL MSA",564,568,717,943,1201,AL,147137,69549,Colbert County,Colbert County
55,METRO22540M22540,"Fond du Lac, WI MSA",587,633,807,1068,1185,WI,101633,43910,Fond du Lac County,Fond du Lac County
8,METRO22660M22660,"Fort Collins, CO MSA",947,1088,1330,1923,2336,CO,299630,132722,Larimer County,Larimer County
5,METRO22900M22900,"Fort Smith, AR-OK HUD Metro FMR Area",510,545,721,986,1178,AR,230083,99422,Crawford County,Crawford County
40,METRO22900N40079,"Le Flore County, OK HUD Metro FMR Area",549,552,700,917,1001,OK,50384,21448,Le Flore County,Le Flore County
18,METRO23060M23060,"Fort Wayne, IN MSA",547,649,821,1058,1158,IN,416257,178124,Allen County,Allen County
6,METRO23420M23420,"Fresno, CA MSA",710,818,1016,1449,1684,CA,930450,315531,Fresno County,Fresno County
1,METRO23460M23460,"Gadsden, AL MSA",538,542,717,905,1050,AL,104430,47454,Etowah County,Etowah County
12,METRO23540M23540,"Gainesville, FL MSA",740,824,1011,1320,1468,FL,264275,120073,Alachua County,Alachua County
13,METRO23580M23580,"Gainesville, GA MSA",744,820,939,1253,1339,GA,179684,68825,Hall County,Hall County
42,METRO23900M23900,"Gettysburg, PA MSA",687,803,1010,1318,1600,PA,101407,40820,Adams County,Adams County
36,METRO24020M24020,"Glens Falls, NY MSA",694,799,1007,1292,1437,NY,128923,67570,Warren County,Warren County
37,METRO24140M24140,"Goldsboro, NC MSA",613,617,816,1045,1362,NC,122623,52949,Wayne County,Wayne County
27,METRO24220M24220,"Grand Forks, ND-MN MSA",573,669,862,1246,1514,MN,98461,43954,Polk County,Polk County
31,METRO24260N31079,"Hall County, NE HUD Metro FMR Area",544,602,792,1085,1149,NE,58607,23549,Hall County,Hall County
31,METRO24260N31081,"Hamilton County, NE HUD Metro FMR Area",505,543,718,1038,1261,NE,9124,3968,Hamilton County,Hamilton County
31,METRO24260N31093,"Howard County, NE HUD Metro FMR Area",492,529,700,971,1031,NE,6274,2951,Howard County,Howard County
31,METRO24260N31121,"Merrick County, NE HUD Metro FMR Area",492,572,700,1012,1023,NE,7845,3698,Merrick County,Merrick County
8,METRO24300M24300,"Grand Junction, CO MSA",622,678,897,1297,1576,CO,146723,62644,Mesa County,Mesa County
26,METRO24340M24340,"Grand Rapids-Wyoming, MI HUD Metro FMR Area",657,780,957,1315,1503,MI,602622,246901,Kent County,Kent County
26,METRO24340M26100,"Holland-Grand Haven, MI HUD Metro FMR Area",782,802,918,1308,1450,MI,263801,102495,Ottawa County,Ottawa County
26,METRO24340N26015,"Barry County, MI HUD Metro FMR Area",662,727,934,1322,1426,MI,59173,27010,Barry County,Barry County
26,METRO24340N26117,"Montcalm County, MI HUD Metro FMR Area",650,654,832,1112,1350,MI,63342,28221,Montcalm County,Montcalm County
41,METRO24420M24420,"Grants Pass, OR MSA",763,768,1016,1469,1785,OR,82713,38001,Josephine County,Josephine County
30,METRO24500M24500,"Great Falls, MT MSA",614,618,818,1142,1407,MT,81327,37276,Cascade County,Cascade County
8,METRO24540M24540,"Greeley, CO MSA",708,856,1067,1543,1874,CO,252825,96281,Weld County,Weld County
55,METRO24580M24580,"Green Bay, WI HUD Metro FMR Area",625,689,911,1287,1304,WI,268581,113675,Brown County,Brown County
55,METRO24580N55083,"Oconto County, WI HUD Metro FMR Area",595,599,746,1039,1233,WI,37660,23537,Oconto County,Oconto County
37,METRO24660M24660,"Greensboro-High Point, NC HUD Metro FMR Area",654,706,821,1097,1282,NC,630158,279058,Guilford County,Guilford County
37,METRO24660N37157,"Rockingham County, NC HUD Metro FMR Area",510,513,679,888,918,NC,93643,43696,Rockingham County,Rockingham County
37,METRO24780M24780,"Greenville, NC MSA",649,653,827,1172,1369,NC,168148,74990,Pitt County,Pitt County
45,METRO24860M11340,"Anderson, SC HUD Metro FMR Area",599,648,807,1075,1276,SC,187126,84774,Anderson County,Anderson County
45,METRO24860M24860,"Greenville-Mauldin-Easley, SC HUD Metro FMR Area",683,818,937,1257,1501,SC,570449,246706,Greenville County,Greenville County
45,METRO24860N45059,"Laurens County, SC HUD Metro FMR Area",590,610,807,1020,1091,SC,66537,30709,Laurens County,Laurens County
72,METRO25020M25020,"Guayama, PR MSA",389,399,457,615,618,PR,84214,37946,Arroyo Municipio,Arroyo Municipio
28,METRO25060M25060,"Gulfport-Biloxi, MS HUD Metro FMR Area",682,714,823,1124,1346,MS,231034,107021,Hancock County,Hancock County
28,METRO25060M37700,"Pascagoula, MS HUD Metro FMR Area",662,709,817,1181,1435,MS,139668,60067,Jackson County,Jackson County
54,METRO25180MM0877,"Martinsburg, WV HUD Metro FMR Area",747,882,1073,1489,1885,WV,104169,44762,Berkeley County,Berkeley County
24,METRO25180MM3180,"Hagerstown, MD HUD Metro FMR Area",672,802,1046,1451,1837,MD,147430,60814,Washington County,Washington County
22,METRO25220M25220,"Hammond, LA MSA",672,676,882,1105,1192,LA,121097,50073,Tangipahoa Parish,Tangipahoa Parish
6,METRO25260M25260,"Hanford-Corcoran, CA MSA",828,864,1051,1520,1660,CA,152982,43867,Kings County,Kings County
42,METRO25420M25420,"Harrisburg-Carlisle, PA MSA",692,865,1077,1380,1456,PA,549475,240818,Cumberland County,Cumberland County
51,METRO25500M25500,"Harrisonburg, VA MSA",712,716,931,1248,1635,VA,125228,51104,Rockingham County,Rockingham County
9,METRO25540M25540,"Hartford-West Hartford-East Hartford, CT HUD Metro FMR Area",822,1028,1278,1601,1792,CT,1164104,483490,Hartford County,Avon town
9,METRO25540MM5480,"Southern Middlesex County, CT HUD Metro FMR Area",973,1145,1515,2191,2661,CT,48277,23559,Middlesex County,Clinton town
28,METRO25620M25620,"Hattiesburg, MS MSA",548,665,817,1056,1171,MS,142842,61878,Forrest County,Forrest County
37,METRO25860M25860,"Hickory-Lenoir-Morganton, NC MSA",546,549,679,873,992,NC,365497,162613,Alexander County,Alexander County
45,METRO25940N45013,"Beaufort County, SC HUD Metro FMR Area",946,1065,1219,1606,2141,SC,162233,93023,Beaufort County,Beaufort County
45,METRO25940N45053,"Jasper County, SC HUD Metro FMR Area",769,866,991,1242,1367,SC,24777,10299,Jasper County,Jasper County
13,METRO25980M25980,"Hinesville, GA HUD Metro FMR Area",745,838,959,1355,1684,GA,63453,26731,Liberty County,Liberty County
13,METRO25980N13183,"Long County, GA HUD Metro FMR Area",574,641,734,1061,1120,GA,14464,6039,Long County,Long County
12,METRO26140M26140,"Homosassa Springs, FL MSA",651,672,889,1252,1561,FL,141236,78026,Citrus County,Citrus County
5,METRO26300M26300,"Hot Springs, AR MSA",587,625,827,1036,1229,AR,96024,50548,Garland County,Garland County
22,METRO26380M26380,"Houma-Thibodaux, LA MSA",714,719,911,1278,1528,LA,208178,82469,Lafourche Parish,Lafourche Parish
48,METRO26420M26420,"Houston-The Woodlands-Sugar Land, TX HUD Metro FMR Area",874,976,1188,1624,2041,TX,5578833,2163756,Chambers County,Chambers County
48,METRO26420MM1145,"Brazoria County, TX HUD Metro FMR Area",787,1015,1175,1567,2064,TX,313166,118336,Brazoria County,Brazoria County
48,METRO26420N48015,"Austin County, TX HUD Metro FMR Area",818,874,1114,1396,1957,TX,28417,12926,Austin County,Austin County
21,METRO26580M26580,"Huntington-Ashland, WV-KY-OH HUD Metro FMR Area",543,651,784,1057,1258,KY,287702,131132,Boyd County,Boyd County
54,METRO26580M54043,"Lincoln County, WV HUD Metro FMR Area",477,541,678,950,1070,WV,21720,9887,Lincoln County,Lincoln County
54,METRO26580M54079,"Putnam County, WV HUD Metro FMR Area",632,679,898,1163,1331,WV,55486,23438,Putnam County,Putnam County
1,METRO26620M26620,"Huntsville, AL MSA",635,743,877,1175,1540,AL,417593,181424,Limestone County,Limestone County
16,METRO26820M26820,"Idaho Falls, ID HUD Metro FMR Area",495,587,744,1068,1253,ID,130374,48453,Bonneville County,Bonneville County
16,METRO26820N16023,"Butte County, ID HUD Metro FMR Area",523,594,786,1136,1326,ID,2891,1354,Butte County,Butte County
18,METRO26900M11300,"Anderson, IN HUD Metro FMR Area",534,641,828,1075,1215,IN,131636,59068,Madison County,Madison County
18,METRO26900M26900,"Indianapolis-Carmel, IN HUD Metro FMR Area",692,799,976,1303,1477,IN,1718278,742735,Boone County,Boone County
18,METRO26900N18133,"Putnam County, IN HUD Metro FMR Area",600,602,785,1119,1123,IN,37963,14706,Putnam County,Putnam County
19,METRO26980MM3500,"Iowa City, IA HUD Metro FMR Area",658,735,970,1403,1704,IA,130882,55967,Johnson County,Johnson County
19,METRO26980N19183,"Washington County, IA HUD Metro FMR Area",536,590,781,979,1172,IA,21704,9516,Washington County,Washington County
36,METRO27060M27060,"Ithaca, NY MSA",996,1026,1238,1580,1886,NY,101564,41674,Tompkins County,Tompkins County
26,METRO27100M27100,"Jackson, MI MSA",653,701,858,1096,1206,MI,160248,69458,Jackson County,Jackson County
28,METRO27140M27140,"Jackson, MS HUD Metro FMR Area",705,788,938,1179,1400,MS,511554,210650,Copiah County,Copiah County
28,METRO27140N28127,"Simpson County, MS HUD Metro FMR Area",568,649,743,931,1030,MS,27503,11934,Simpson County,Simpson County
28,METRO27140N28163,"Yazoo County, MS HUD Metro FMR Area",549,553,731,916,1021,MS,28065,10074,Yazoo County,Yazoo County
47,METRO27180M27180,"Jackson, TN HUD Metro FMR Area",533,678,829,1160,1253,TN,115425,48857,Chester County,Chester County
47,METRO27180N47033,"Crockett County, TN HUD Metro FMR Area",455,529,694,907,1190,TN,14586,6425,Crockett County,Crockett County
12,METRO27260M27260,"Jacksonville, FL HUD Metro FMR Area",680,859,1047,1378,1773,FL,1318481,588803,Clay County,Clay County
12,METRO27260N12003,"Baker County, FL HUD Metro FMR Area",503,638,772,967,1309,FL,27115,9687,Baker County,Baker County
37,METRO27340M27340,"Jacksonville, NC MSA",713,718,907,1311,1593,NC,177772,68226,Onslow County,Onslow County
55,METRO27500M27500,"Janesville-Beloit, WI MSA",640,644,835,1103,1129,WI,160331,68422,Rock County,Rock County
29,METRO27620M27620,"Jefferson City, MO HUD Metro FMR Area",437,529,680,983,985,MO,89868,38857,Cole County,Cole County
29,METRO27620N29027,"Callaway County, MO HUD Metro FMR Area",550,554,733,1034,1206,MO,44332,18522,Callaway County,Callaway County
29,METRO27620N29135,"Moniteau County, MO HUD Metro FMR Area",485,488,646,834,982,MO,15607,6176,Moniteau County,Moniteau County
47,METRO27740M27740,"Johnson City, TN MSA",574,594,741,928,1054,TN,198716,93830,Carter County,Carter County
42,METRO27780M27780,"Johnstown, PA MSA",510,603,747,959,1028,PA,143679,65650,Cambria County,Cambria County
5,METRO27860MM3700,"Jonesboro, AR HUD Metro FMR Area",522,627,778,1082,1164,AR,96443,40515,Craighead County,Craighead County
5,METRO27860N05111,"Poinsett County, AR HUD Metro FMR Area",488,491,650,875,879,AR,24583,10923,Poinsett County,Poinsett County
29,METRO27900M27900,"Joplin, MO MSA",553,601,764,1026,1079,MO,175518,74981,Jasper County,Jasper County
15,METRO27980M27980,"Kahului-Wailuku-Lahaina, HI MSA",1285,1447,1815,2618,3186,HI,154924,70492,Kalawao County,Kalawao County
26,METRO28020M28020,"Kalamazoo-Portage, MI MSA",576,688,850,1160,1264,MI,326589,146792,Kalamazoo County,Kalamazoo County
17,METRO28100M28100,"Kankakee, IL MSA",628,723,956,1290,1493,IL,113449,45246,Kankakee County,Kankakee County
20,METRO28140M28140,"Kansas City, MO-KS HUD Metro FMR Area",684,839,1018,1374,1556,KS,1992293,864110,Johnson County,Johnson County
29,METRO28140N29013,"Bates County, MO HUD Metro FMR Area",491,552,730,969,1145,MO,17049,7842,Bates County,Bates County
53,METRO28420M28420,"Kennewick-Richland, WA MSA",667,818,1012,1375,1735,WA,253340,93041,Benton County,Benton County
48,METRO28660M28660,"Killeen-Temple, TX HUD Metro FMR Area",622,626,823,1186,1446,TX,385623,150648,Bell County,Bell County
48,METRO28660N48281,"Lampasas County, TX HUD Metro FMR Area",571,575,760,1099,1255,TX,19677,8718,Lampasas County,Lampasas County
47,METRO28700M28700,"Kingsport-Bristol-Bristol, TN-VA MSA",534,549,726,958,1052,TN,309544,146978,Hawkins County,Hawkins County
36,METRO28740M28740,"Kingston, NY MSA",823,1018,1281,1627,1775,NY,182493,83638,Ulster County,Ulster County
47,METRO28940M28940,"Knoxville, TN HUD Metro FMR Area",605,747,915,1192,1504,TN,698030,315615,Anderson County,Anderson County
47,METRO28940M34100,"Grainger County, TN HUD Metro FMR Area",458,594,683,903,923,TN,22657,10894,Grainger County,Grainger County
47,METRO28940N47013,"Campbell County, TN HUD Metro FMR Area",448,505,668,873,1136,TN,40716,19966,Campbell County,Campbell County
47,METRO28940N47129,"Morgan County, TN HUD Metro FMR Area",495,559,739,982,1286,TN,21987,8920,Morgan County,Morgan County
47,METRO28940N47145,"Roane County, TN HUD Metro FMR Area",552,623,824,1032,1265,TN,54181,25716,Roane County,Roane County
18,METRO29020M29020,"Kokomo, IN MSA",573,587,756,1053,1131,IN,82752,38679,Howard County,Howard County
27,METRO29100M29100,"La Crosse-Onalaska, WI-MN MSA",565,665,879,1214,1544,MN,133665,57003,Houston County,Houston County
22,METRO29180M29180,"Lafayette, LA HUD Metro FMR Area",653,776,896,1176,1334,LA,273738,115597,Lafayette Parish,Lafayette Parish
22,METRO29180N22001,"Acadia Parish, LA HUD Metro FMR Area",489,511,676,925,1069,LA,61773,25387,Acadia Parish,Acadia Parish
22,METRO29180N22045,"Iberia Parish, LA HUD Metro FMR Area",631,635,826,1035,1157,LA,73240,29698,Iberia Parish,Iberia Parish
22,METRO29180N22113,"Vermilion Parish, LA HUD Metro FMR Area",550,622,714,1005,1008,LA,57999,25235,Vermilion Parish,Vermilion Parish
18,METRO29200M29140,"Lafayette-West Lafayette, IN HUD Metro FMR Area",644,740,869,1173,1508,IN,181634,75033,Benton County,Benton County
18,METRO29200N18015,"Carroll County, IN HUD Metro FMR Area",533,541,715,934,1001,IN,20155,9472,Carroll County,Carroll County
22,METRO29340M29340,"Lake Charles, LA MSA",631,711,889,1138,1300,LA,199607,85651,Calcasieu Parish,Calcasieu Parish
4,METRO29420M29420,"Lake Havasu City-Kingman, AZ MSA",587,650,819,1181,1286,AZ,200186,110911,Mohave County,Mohave County
12,METRO29460M29460,"Lakeland-Winter Haven, FL MSA",750,755,986,1314,1633,FL,602095,281214,Polk County,Polk County
42,METRO29540M29540,"Lancaster, PA MSA",775,931,1169,1486,1580,PA,519445,202952,Lancaster County,Lancaster County
26,METRO29620M29620,"Lansing-East Lansing, MI MSA",703,778,967,1279,1432,MI,464036,199026,Clinton County,Clinton County
48,METRO29700M29700,"Laredo, TX MSA",699,712,902,1189,1375,TX,250304,73496,Webb County,Webb County
35,METRO29740M29740,"Las Cruces, NM MSA",533,603,736,1064,1273,NM,209233,81492,Dona Ana County,Dona Ana County
32,METRO29820M29820,"Las Vegas-Henderson-Paradise, NV MSA",694,841,1041,1505,1825,NV,1951269,840343,Clark County,Clark County
20,METRO29940M29940,"Lawrence, KS MSA",691,748,972,1405,1707,KS,110826,46731,Douglas County,Douglas County
40,METRO30020M30020,"Lawton, OK HUD Metro FMR Area",583,598,788,1119,1264,OK,124098,50739,Comanche County,Comanche County
40,METRO30020N40033,"Cotton County, OK HUD Metro FMR Area",519,611,700,958,1120,OK,6193,3016,Cotton County,Cotton County
42,METRO30140M30140,"Lebanon, PA MSA",754,759,982,1282,1468,PA,133568,55592,Lebanon County,Lebanon County
16,METRO30300M30300,"Lewiston, ID-WA MSA",545,641,848,1126,1381,ID,60888,27310,Nez Perce County,Nez Perce County
23,METRO30340M30340,"Lewiston-Auburn, ME MSA",685,740,951,1195,1517,ME,107702,49090,Androscoggin County,Auburn city
21,METRO30460M30460,"Lexington-Fayette, KY MSA",661,742,946,1319,1662,KY,472099,209138,Bourbon County,Bourbon County
39,METRO30620M30620,"Lima, OH MSA",548,597,729,977,1002,OH,106331,44999,Allen County,Allen County
31,METRO30700M30700,"Lincoln, NE HUD Metro FMR Area",613,671,871,1235,1495,NE,285407,120875,Lancaster County,Lancaster County
31,METRO30700N31159,"Seward County, NE HUD Metro FMR Area",522,558,738,1050,1296,NE,16750,6875,Seward County,Seward County
5,METRO30780M30780,"Little Rock-North Little Rock-Conway, AR HUD Metro FMR Area",656,746,884,1179,1393,AR,681904,299124,Faulkner County,Faulkner County
5,METRO30780N05053,"Grant County, AR HUD Metro FMR Area",573,673,770,995,1179,AR,17853,7758,Grant County,Grant County
16,METRO30860M30860,"Logan, UT-ID MSA",472,592,734,1057,1272,ID,125442,41552,Franklin County,Franklin County
48,METRO30980M30980,"Longview, TX HUD Metro FMR Area",621,813,966,1268,1519,TX,161039,66127,Gregg County,Gregg County
48,METRO30980N48401,"Rusk County, TX HUD Metro FMR Area",548,635,840,1107,1189,TX,53330,21191,Rusk County,Rusk County
53,METRO31020M31020,"Longview, WA MSA",634,755,974,1408,1711,WA,102410,43450,Cowlitz County,Cowlitz County
6,METRO31080MM4480,"Los Angeles-Long Beach-Glendale, CA HUD Metro FMR Area",1251,1494,1934,2593,2852,CA,9818605,3445076,Los Angeles County,Los Angeles County
6,METRO31080MM5945,"Santa Ana-Anaheim-Irvine, CA HUD Metro FMR Area",1534,1769,2208,3103,3581,CA,3010232,1048907,Orange County,Orange County
18,METRO31140M31140,"Louisville, KY-IN HUD Metro FMR Area",641,733,908,1233,1392,IN,1141191,501174,Clark County,Clark County
18,METRO31140N18143,"Scott County, IN HUD Metro FMR Area",608,649,858,1110,1326,IN,24181,10440,Scott County,Scott County
18,METRO31140N18175,"Washington County, IN HUD Metro FMR Area",510,560,720,993,1177,IN,28262,12220,Washington County,Washington County
21,METRO31140N21211,"Shelby County, KY HUD Metro FMR Area",622,664,878,1237,1484,KY,42074,16606,Shelby County,Shelby County
48,METRO31180M31180,"Lubbock, TX HUD Metro FMR Area",668,764,926,1339,1626,TX,284890,117966,Crosby County,Crosby County
48,METRO31180N48305,"Lynn County, TX HUD Metro FMR Area",554,669,766,1039,1345,TX,5915,2676,Lynn County,Lynn County
51,METRO31340M31340,"Lynchburg, VA MSA",614,676,838,1136,1378,VA,252634,112515,Amherst County,Amherst County
13,METRO31420M31420,"Macon, GA HUD Metro FMR Area",571,754,863,1141,1351,GA,205869,90877,Bibb County,Bibb County
13,METRO31420N13207,"Monroe County, GA HUD Metro FMR Area",570,709,812,1058,1377,GA,26424,10710,Monroe County,Monroe County
6,METRO31460M31460,"Madera, CA MSA",821,826,1093,1554,1724,CA,150865,49140,Madera County,Madera County
55,METRO31540M31540,"Madison, WI HUD Metro FMR Area",824,988,1160,1613,1957,WI,488073,216022,Dane County,Dane County
55,METRO31540N55021,"Columbia County, WI HUD Metro FMR Area",589,693,917,1315,1319,WI,56833,26137,Columbia County,Columbia County
55,METRO31540N55045,"Green County, WI HUD Metro FMR Area",622,625,827,1111,1211,WI,36842,15856,Green County,Green County
55,METRO31540N55049,"Iowa County, WI HUD Metro FMR Area",594,623,824,1032,1331,WI,23687,10719,Iowa County,Iowa County
33,METRO31700MM4760,"Manchester, NH HUD Metro FMR Area",860,1029,1302,1631,1760,NH,157204,66729,Hillsborough County,Bedford town
33,METRO31700MM5350,"Nashua, NH HUD Metro FMR Area",980,1154,1526,2055,2063,NH,211286,84730,Hillsborough County,Amherst town
33,METRO31700N33011,"Hillsborough County, NH (part) HUD Metro FMR Area",795,1012,1238,1637,2166,NH,32231,14594,Hillsborough County,Antrim town
20,METRO31740M31740,"Manhattan, KS MSA",767,772,1003,1413,1762,KS,92719,36838,Pottawatomie County,Pottawatomie County
27,METRO31860M31860,"Mankato-North Mankato, MN MSA",668,753,973,1371,1709,MN,96740,39075,Blue Earth County,Blue Earth County
39,METRO31900M31900,"Mansfield, OH MSA",483,541,715,948,1113,OH,124475,54599,Richland County,Richland County
72,METRO32420M32420,"Mayagüez, PR MSA",420,431,493,618,866,PR,106330,50608,Hormigueros Municipio,Hormigueros Municipio
48,METRO32580M32580,"McAllen-Edinburg-Mission, TX MSA",614,618,799,1016,1158,TX,774769,248287,Hidalgo County,Hidalgo County
41,METRO32780M32780,"Medford, OR MSA",726,783,1036,1498,1820,OR,203206,90937,Jackson County,Jackson County
5,METRO32820M32820,"Memphis, TN-MS-AR HUD Metro FMR Area",704,794,936,1277,1467,AR,1239292,520265,Crittenden County,Crittenden County
28,METRO32820N28009,"Benton County, MS HUD Metro FMR Area",491,569,651,941,1014,MS,8729,4186,Benton County,Benton County
28,METRO32820N28093,"Marshall County, MS HUD Metro FMR Area",561,635,745,1002,1304,MS,37144,14881,Marshall County,Marshall County
28,METRO32820N28137,"Tate County, MS HUD Metro FMR Area",647,664,760,1018,1184,MS,28886,10947,Tate County,Tate County
28,METRO32820N28143,"Tunica County, MS HUD Metro FMR Area",684,701,803,1006,1085,MS,10778,4803,Tunica County,Tunica County
6,METRO32900M32900,"Merced, CA MSA",613,720,888,1284,1550,CA,255793,83698,Merced County,Merced County
12,METRO33100MM2680,"Fort Lauderdale, FL HUD Metro FMR Area",1011,1209,1538,2224,2701,FL,1748066,810388,Broward County,Broward County
12,METRO33100MM5000,"Miami-Miami Beach-Kendall, FL HUD Metro FMR Area",1019,1229,1558,2072,2523,FL,2496435,989435,Miami-Dade County,Miami-Dade County
12,METRO33100MM8960,"West Palm Beach-Boca Raton, FL HUD Metro FMR Area",1029,1236,1548,2109,2473,FL,1320134,664594,Palm Beach County,Palm Beach County
18,METRO33140M33140,"Michigan City-La Porte, IN MSA",532,636,828,1054,1119,IN,111467,48448,LaPorte County,LaPorte County
26,METRO33220M33220,"Midland, MI MSA",562,661,875,1229,1486,MI,83629,35960,Midland County,Midland County
48,METRO33260M33260,"Midland, TX HUD Metro FMR Area",1182,1189,1490,1867,2117,TX,136872,54351,Midland County,Midland County
48,METRO33260N48317,"Martin County, TX HUD Metro FMR Area",556,560,700,973,976,TX,4799,1852,Martin County,Martin County
55,METRO33340M33340,"Milwaukee-Waukesha-West Allis, WI MSA",659,800,975,1239,1383,WI,1555908,669879,Milwaukee County,Milwaukee County
27,METRO33460M33460,"Minneapolis-St. Paul-Bloomington, MN-WI HUD Metro FMR Area",823,986,1241,1763,2073,MN,3279833,1354973,Anoka County,Anoka County
27,METRO33460N27079,"Le Sueur County, MN HUD Metro FMR Area",593,650,857,1239,1403,MN,27703,12416,Le Sueur County,Le Sueur County
27,METRO33460N27095,"Mille Lacs County, MN HUD Metro FMR Area",601,708,936,1287,1419,MN,26097,12750,Mille Lacs County,Mille Lacs County
27,METRO33460N27143,"Sibley County, MN HUD Metro FMR Area",513,613,773,1070,1160,MN,15226,6582,Sibley County,Sibley County
30,METRO33540M33540,"Missoula, MT MSA",681,776,982,1420,1725,MT,109299,50106,Missoula County,Missoula County
1,METRO33660M33660,"Mobile, AL MSA",725,730,909,1203,1365,AL,412992,178196,Mobile County,Mobile County
6,METRO33700M33700,"Modesto, CA MSA",764,849,1074,1534,1813,CA,514453,179503,Stanislaus County,Stanislaus County
22,METRO33740M33740,"Monroe, LA MSA",619,623,798,1033,1079,LA,176441,75827,Ouachita Parish,Ouachita Parish
26,METRO33780M33780,"Monroe, MI MSA",689,706,929,1251,1256,MI,152021,62971,Monroe County,Monroe County
1,METRO33860M33860,"Montgomery, AL MSA",620,743,880,1112,1532,AL,374536,161573,Autauga County,Autauga County
54,METRO34060M34060,"Morgantown, WV MSA",716,725,841,1117,1139,WV,129709,58335,Monongalia County,Monongalia County
47,METRO34100M34100,"Morristown, TN MSA",540,571,755,1017,1021,TN,113951,50462,Hamblen County,Hamblen County
53,METRO34580M34580,"Mount Vernon-Anacortes, WA MSA",706,819,1047,1497,1708,WA,116901,51473,Skagit County,Skagit County
18,METRO34620M34620,"Muncie, IN MSA",590,593,777,1000,1219,IN,117671,52357,Delaware County,Delaware County
26,METRO34740M34740,"Muskegon, MI MSA",645,645,853,1136,1153,MI,172188,73561,Muskegon County,Muskegon County
45,METRO34820M34820,"Myrtle Beach-North Myrtle Beach-Conway, SC HUD Metro FMR Area",841,845,988,1287,1485,SC,269291,185992,Horry County,Horry County
37,METRO34820M48900,"Brunswick County, NC HUD Metro FMR Area",777,816,944,1252,1445,NC,107431,77482,Brunswick County,Brunswick County
6,METRO34900M34900,"Napa, CA MSA",1177,1385,1832,2649,2885,CA,136484,54759,Napa County,Napa County
12,METRO34940M34940,"Naples-Immokalee-Marco Island, FL MSA",925,1174,1440,1910,2256,FL,321520,197298,Collier County,Collier County
47,METRO34980M34980,"Nashville-Davidson--Murfreesboro--Franklin, TN HUD Metro FMR Area",884,970,1175,1550,1852,TN,1523830,638954,Cannon County,Cannon County
47,METRO34980N47081,"Hickman County, TN HUD Metro FMR Area",626,740,847,1061,1488,TN,24690,10311,Hickman County,Hickman County
47,METRO34980N47111,"Macon County, TN HUD Metro FMR Area",517,566,699,911,1097,TN,22248,9861,Macon County,Macon County
47,METRO34980N47119,"Maury County, TN HUD Metro FMR Area",668,764,904,1307,1409,TN,80956,35254,Maury County,Maury County
47,METRO34980N47159,"Smith County, TN HUD Metro FMR Area",544,556,736,922,1183,TN,19166,8529,Smith County,Smith County
37,METRO35100N37049,"Craven County, NC HUD Metro FMR Area",716,717,949,1312,1596,NC,103505,45002,Craven County,Craven County
37,METRO35100N37103,"Jones County, NC HUD Metro FMR Area",562,565,748,1012,1069,NC,10153,4838,Jones County,Jones County
37,METRO35100N37137,"Pamlico County, NC HUD Metro FMR Area",593,614,763,1009,1340,NC,13144,7534,Pamlico County,Pamlico County
9,METRO35300MM1160,"Milford-Ansonia-Seymour, CT HUD Metro FMR Area",944,1190,1470,1842,2225,CT,120182,51294,New Haven County,Ansonia town
9,METRO35300MM5480,"New Haven-Meriden, CT HUD Metro FMR Area",1121,1243,1500,1912,2213,CT,546503,227925,New Haven County,Bethany town
9,METRO35300MM8880,"Waterbury, CT HUD Metro FMR Area",747,943,1162,1456,1611,CT,195792,82785,New Haven County,Middlebury town
22,METRO35380M35380,"New Orleans-Metairie, LA HUD Metro FMR Area",769,898,1072,1387,1586,LA,1167764,538239,Jefferson Parish,Jefferson Parish
22,METRO35380N22093,"St. James Parish, LA HUD Metro FMR Area",594,721,826,1094,1451,LA,22102,8455,St. James Parish,St. James Parish
36,METRO35620M39100,"Poughkeepsie-Newburgh-Middletown, NY HUD Metro FMR Area",1030,1140,1430,1829,2133,NY,670301,255663,Dutchess County,Dutchess County
34,METRO35620MM0875,"Bergen-Passaic, NJ HUD Metro FMR Area",1202,1425,1674,2111,2559,NJ,1406342,528354,Bergen County,Bergen County
34,METRO35620MM3640,"Jersey City, NJ HUD Metro FMR Area",1278,1435,1707,2139,2307,NJ,634266,270335,Hudson County,Hudson County
34,METRO35620MM5015,"Middlesex-Somerset-Hunterdon, NJ HUD Metro FMR Area",1224,1451,1863,2361,2774,NJ,1261651,467414,Hunterdon County,Hunterdon County
34,METRO35620MM5190,"Monmouth-Ocean, NJ HUD Metro FMR Area",1014,1213,1579,2149,2440,NJ,1206947,536462,Monmouth County,Monmouth County
36,METRO35620MM5380,"Nassau-Suffolk, NY HUD Metro FMR Area",1337,1669,2055,2651,2970,NY,2832882,1038331,Nassau County,Nassau County
36,METRO35620MM5600,"New York, NY HUD Metro FMR Area",1700,1744,1997,2535,2699,NY,9535643,3884164,Bronx County,Bronx County
34,METRO35620MM5640,"Newark, NJ HUD Metro FMR Area",1118,1275,1553,1982,2317,NJ,1962009,764342,Essex County,Essex County
42,METRO35620MM5660,"Pike County, PA HUD Metro FMR Area",948,955,1263,1826,1908,PA,57369,38350,Pike County,Pike County
26,METRO35660M35660,"Niles-Benton Harbor, MI MSA",562,591,782,997,1157,MI,156813,76922,Berrien County,Berrien County
12,METRO35840M35840,"North Port-Sarasota-Bradenton, FL MSA",870,993,1266,1714,2092,FL,702281,401103,Manatee County,Manatee County
9,METRO35980M35980,"Norwich-New London, CT HUD Metro FMR Area",851,958,1219,1603,1924,CT,250679,111687,New London County,Bozrah town
9,METRO35980MM3280,"Colchester-Lebanon, CT HUD Metro FMR Area",884,995,1274,1842,1981,CT,23376,9307,New London County,Colchester town
12,METRO36100M36100,"Ocala, FL MSA",670,757,921,1226,1361,FL,331298,164050,Marion County,Marion County
34,METRO36140M36140,"Ocean City, NJ MSA",828,1070,1289,1752,1979,NJ,97265,98309,Cape May County,Cape May County
48,METRO36220M36220,"Odessa, TX MSA",860,991,1261,1580,2101,TX,137130,53027,Ector County,Ector County
49,METRO36260M36260,"Ogden-Clearfield, UT HUD Metro FMR Area",629,755,963,1365,1602,UT,547184,186763,Davis County,Davis County
49,METRO36260N49003,"Box Elder County, UT HUD Metro FMR Area",500,575,760,1060,1237,UT,49975,17326,Box Elder County,Box Elder County
40,METRO36420M36420,"Oklahoma City, OK HUD Metro FMR Area",678,733,923,1261,1558,OK,1166283,501650,Canadian County,Canadian County
40,METRO36420N40051,"Grady County, OK HUD Metro FMR Area",549,560,741,1025,1118,OK,52431,22219,Grady County,Grady County
40,METRO36420N40081,"Lincoln County, OK HUD Metro FMR Area",526,529,700,916,970,OK,34273,15208,Lincoln County,Lincoln County
53,METRO36500M36500,"Olympia-Tumwater, WA MSA",968,1003,1231,1780,2162,WA,252264,108182,Thurston County,Thurston County
19,METRO36540M36540,"Omaha-Council Bluffs, NE-IA HUD Metro FMR Area",663,792,987,1330,1473,IA,844570,353106,Harrison County,Harrison County
31,METRO36540N31155,"Saunders County, NE HUD Metro FMR Area",565,634,838,1209,1446,NE,20780,9221,Saunders County,Saunders County
12,METRO36740M36740,"Orlando-Kissimmee-Sanford, FL MSA",990,1067,1264,1674,1996,FL,2134411,942312,Lake County,Lake County
55,METRO36780M36780,"Oshkosh-Neenah, WI MSA",586,654,830,1113,1404,WI,166994,73329,Winnebago County,Winnebago County
21,METRO36980M36980,"Owensboro, KY MSA",567,604,789,1018,1208,KY,114752,49450,Daviess County,Daviess County
6,METRO37100M37100,"Oxnard-Thousand Oaks-Ventura, CA MSA",1237,1462,1926,2702,3240,CA,823318,281695,Ventura County,Ventura County
12,METRO37340M37340,"Palm Bay-Melbourne-Titusville, FL MSA",680,844,1059,1451,1780,FL,543376,269864,Brevard County,Brevard County
12,METRO37460M37460,"Panama City-Lynn Haven-Panama City Beach, FL HUD Metro FMR Area",815,923,1077,1522,1697,FL,168852,99650,Bay County,Bay County
12,METRO37460N12045,"Gulf County, FL HUD Metro FMR Area",734,739,978,1225,1505,FL,15863,9110,Gulf County,Gulf County
54,METRO37620M37620,"Parkersburg-Vienna, WV MSA",582,644,768,1057,1195,WV,92673,43446,Wirt County,Wirt County
12,METRO37860M37860,"Pensacola-Ferry Pass-Brent, FL MSA",840,845,1016,1428,1785,FL,448991,201463,Escambia County,Escambia County
17,METRO37900M37900,"Peoria, IL MSA",609,668,848,1086,1223,IL,379186,164283,Marshall County,Marshall County
10,METRO37980M37980,"Philadelphia-Camden-Wilmington, PA-NJ-DE-MD MSA",908,1073,1298,1626,1856,DE,5965343,2433611,New Castle County,New Castle County
4,METRO38060M38060,"Phoenix-Mesa-Scottsdale, AZ MSA",797,929,1149,1661,1901,AZ,4192887,1798501,Maricopa County,Maricopa County
5,METRO38220M38220,"Pine Bluff, AR MSA",556,577,758,950,1193,AR,100258,41930,Cleveland County,Cleveland County
42,METRO38300M38300,"Pittsburgh, PA HUD Metro FMR Area",697,781,965,1225,1344,PA,2287344,1069528,Allegheny County,Allegheny County
42,METRO38300N42005,"Armstrong County, PA HUD Metro FMR Area",502,634,781,990,1056,PA,68941,32520,Armstrong County,Armstrong County
25,METRO38340M38340,"Pittsfield, MA HUD Metro FMR Area",743,885,1100,1409,1536,MA,82726,41612,Berkshire County,Adams town
25,METRO38340N25003,"Berkshire County, MA (part) HUD Metro FMR Area",1008,1014,1194,1496,1711,MA,48493,26896,Berkshire County,Alford town
16,METRO38540M38540,"Pocatello, ID MSA",477,561,742,1034,1303,ID,82839,33191,Bannock County,Bannock County
72,METRO38660M38660,"Ponce, PR HUD Metro FMR Area",433,445,509,736,892,PR,243147,99359,Juana Díaz Municipio,Juana Díaz Municipio
72,METRO38660M49500,"Yauco, PR HUD Metro FMR Area",354,363,416,575,731,PR,107333,45631,Guánica Municipio,Guánica Municipio
23,METRO38860MM6400,"Portland, ME HUD Metro FMR Area",1040,1126,1459,1924,2312,ME,259236,124565,Cumberland County,Cape Elizabeth town
23,METRO38860MM6450,"York-Kittery-South Berwick, ME HUD Metro FMR Area",1080,1110,1468,1839,2578,ME,42689,22105,York County,Berwick town
23,METRO38860N23005,"Cumberland County, ME (part) HUD Metro FMR Area",826,868,1123,1488,1518,ME,47090,27695,Cumberland County,Baldwin town
23,METRO38860N23023,"Sagadahoc County, ME HUD Metro FMR Area",757,876,1029,1362,1391,ME,35293,18288,Sagadahoc County,Arrowsic town
23,METRO38860N23031,"York County, ME (part) HUD Metro FMR Area",866,926,1147,1447,1631,ME,129790,70065,York County,Acton town
41,METRO38900M38900,"Portland-Vancouver-Hillsboro, OR-WA MSA",1193,1301,1520,2198,2670,OR,2226009,925076,Clackamas County,Clackamas County
12,METRO38940M38940,"Port St. Lucie, FL MSA",914,934,1182,1630,1962,FL,424107,215160,Martin County,Martin County
4,METRO39140M39140,"Prescott, AZ MSA",766,773,1023,1450,1475,AZ,211033,110432,Yavapai County,Yavapai County
25,METRO39300M39300,"Providence-Fall River, RI-MA HUD Metro FMR Area",838,948,1130,1416,1668,MA,1198384,519692,Bristol County,Attleboro city
25,METRO39300MM1120,"Taunton-Mansfield-Norton, MA HUD Metro FMR Area",849,1024,1305,1637,1805,MA,111586,44161,Bristol County,Berkley town
25,METRO39300MM1200,"Easton-Raynham, MA HUD Metro FMR Area",1148,1181,1562,2215,2313,MA,36495,13221,Bristol County,Easton town
25,METRO39300MM5400,"New Bedford, MA HUD Metro FMR Area",790,826,992,1243,1341,MA,164150,70278,Bristol County,Acushnet town
44,METRO39300MM5520,"Westerly-Hopkinton-New Shoreham, RI HUD Metro FMR Area",917,943,1248,1741,1815,RI,32026,17586,Washington County,Hopkinton town
44,METRO39300N44005,"Newport-Middleton-Portsmouth, RI HUD Metro FMR Area",976,1145,1466,2120,2575,RI,58211,28985,Newport County,Middletown town
49,METRO39340M39340,"Provo-Orem, UT MSA",684,786,902,1304,1584,UT,526810,151852,Juab County,Juab County
8,METRO39380M39380,"Pueblo, CO MSA",703,708,936,1307,1489,CO,159063,69526,Pueblo County,Pueblo County
12,METRO39460M39460,"Punta Gorda, FL MSA",798,803,1034,1462,1816,FL,159978,100632,Charlotte County,Charlotte County
55,METRO39540M39540,"Racine, WI MSA",593,700,917,1232,1240,WI,195408,82164,Racine County,Racine County
37,METRO39580M39580,"Raleigh, NC MSA",905,1015,1162,1493,1888,NC,1130490,466095,Franklin County,Franklin County
46,METRO39660M39660,"Rapid City, SD HUD Metro FMR Area",625,711,941,1310,1562,SD,100948,44949,Pennington County,Pennington County
46,METRO39660N46033,"Custer County, SD HUD Metro FMR Area",640,720,952,1253,1507,SD,8216,4628,Custer County,Custer County
46,METRO39660N46093,"Meade County, SD HUD Metro FMR Area",579,665,862,1246,1420,SD,25434,11000,Meade County,Meade County
42,METRO39740M39740,"Reading, PA MSA",707,846,1100,1383,1491,PA,411442,164827,Berks County,Berks County
6,METRO39820M39820,"Redding, CA MSA",698,803,1038,1501,1823,CA,177223,77313,Shasta County,Shasta County
32,METRO39900M39900,"Reno, NV MSA",712,867,1109,1603,1948,NV,425417,186831,Storey County,Storey County
51,METRO40060M40060,"Richmond, VA MSA",950,996,1140,1518,1831,VA,1208101,507289,Amelia County,Amelia County
6,METRO40140M40140,"Riverside-San Bernardino-Ontario, CA MSA",895,1068,1335,1861,2310,CA,4224851,1500344,Riverside County,Riverside County
51,METRO40220M40220,"Roanoke, VA HUD Metro FMR Area",560,685,871,1198,1306,VA,252548,115672,Botetourt County,Botetourt County
51,METRO40220N51067,"Franklin County, VA HUD Metro FMR Area",492,559,740,927,1109,VA,56159,29315,Franklin County,Franklin County
27,METRO40340M40340,"Rochester, MN HUD Metro FMR Area",694,783,1024,1405,1728,MN,164335,68442,Dodge County,Dodge County
27,METRO40340N27045,"Fillmore County, MN HUD Metro FMR Area",460,541,716,975,979,MN,20866,9732,Fillmore County,Fillmore County
27,METRO40340N27157,"Wabasha County, MN HUD Metro FMR Area",534,667,831,1202,1460,MN,21676,9997,Wabasha County,Wabasha County
36,METRO40380M40380,"Rochester, NY HUD Metro FMR Area",690,806,1009,1264,1364,NY,1054323,455397,Livingston County,Livingston County
36,METRO40380N36123,"Yates County, NY HUD Metro FMR Area",553,687,807,1087,1091,NY,25348,13491,Yates County,Yates County
17,METRO40420M40420,"Rockford, IL MSA",555,640,846,1142,1228,IL,349431,145935,Boone County,Boone County
37,METRO40580M40580,"Rocky Mount, NC MSA",592,596,774,1057,1187,NC,152392,67124,Edgecombe County,Edgecombe County
13,METRO40660M40660,"Rome, GA MSA",604,641,779,1039,1277,GA,96317,40551,Floyd County,Floyd County
6,METRO40900M40900,"Sacramento--Roseville--Arden-Arcade, CA HUD Metro FMR Area",916,1040,1311,1896,2303,CA,1948278,796739,El Dorado County,El Dorado County
6,METRO40900MM9270,"Yolo, CA HUD Metro FMR Area",1036,1102,1458,2102,2561,CA,200849,75054,Yolo County,Yolo County
26,METRO40980M40980,"Saginaw, MI MSA",547,670,852,1104,1211,MI,200169,86844,Saginaw County,Saginaw County
27,METRO41060M41060,"St. Cloud, MN MSA",635,743,911,1310,1600,MN,189093,78114,Benton County,Benton County
49,METRO41100M41100,"St. George, UT MSA",670,740,946,1355,1662,UT,138115,57734,Washington County,Washington County
20,METRO41140M41140,"St. Joseph, MO-KS MSA",566,631,812,1072,1172,KS,127329,53638,Doniphan County,Doniphan County
17,METRO41180M41180,"St. Louis, MO-IL HUD Metro FMR Area",680,763,989,1300,1530,IL,2723642,1197172,Calhoun County,Calhoun County
17,METRO41180N17005,"Bond County, IL HUD Metro FMR Area",524,652,761,953,1124,IL,17768,7089,Bond County,Bond County
17,METRO41180N17117,"Macoupin County, IL HUD Metro FMR Area",502,551,729,993,1027,IL,47765,21584,Macoupin County,Macoupin County
41,METRO41420M41420,"Salem, OR MSA",687,767,1014,1466,1781,OR,390738,151250,Marion County,Marion County
6,METRO41500M41500,"Salinas, CA MSA",1177,1340,1665,2399,2571,CA,415057,139048,Monterey County,Monterey County
24,METRO41540M41540,"Salisbury, MD HUD Metro FMR Area",767,964,1194,1596,2040,MD,98733,41192,Wicomico County,Wicomico County
10,METRO41540N10005,"Sussex County, DE HUD Metro FMR Area",766,879,1140,1647,1863,DE,197145,123036,Sussex County,Sussex County
24,METRO41540N24039,"Somerset County, MD HUD Metro FMR Area",631,821,940,1266,1271,MD,26470,11130,Somerset County,Somerset County
24,METRO41540N24047,"Worcester County, MD HUD Metro FMR Area",791,891,1178,1524,1960,MD,51454,55749,Worcester County,Worcester County
49,METRO41620M41620,"Salt Lake City, UT HUD Metro FMR Area",751,923,1140,1610,1832,UT,1029655,364031,Salt Lake County,Salt Lake County
49,METRO41620N49045,"Tooele County, UT HUD Metro FMR Area",650,796,940,1359,1651,UT,58218,19455,Tooele County,Tooele County
48,METRO41660M41660,"San Angelo, TX MSA",662,788,1031,1392,1656,TX,111823,47427,Irion County,Irion County
48,METRO41700M41700,"San Antonio-New Braunfels, TX HUD Metro FMR Area",738,905,1126,1479,1811,TX,2018181,788322,Bandera County,Bandera County
48,METRO41700N48013,"Atascosa County, TX HUD Metro FMR Area",602,692,916,1168,1352,TX,44911,17631,Atascosa County,Atascosa County
48,METRO41700N48259,"Kendall County, TX HUD Metro FMR Area",835,1027,1271,1592,2232,TX,33410,14055,Kendall County,Kendall County
48,METRO41700N48325,"Medina County, TX HUD Metro FMR Area",565,651,861,1172,1403,TX,46006,17991,Medina County,Medina County
6,METRO41740M41740,"San Diego-Carlsbad, CA MSA",1422,1590,2068,2962,3632,CA,3095313,1164786,San Diego County,San Diego County
6,METRO41860MM5775,"Oakland-Fremont, CA HUD Metro FMR Area",1562,1892,2357,3243,3977,CA,2559296,982812,Alameda County,Alameda County
6,METRO41860MM7360,"San Francisco, CA HUD Metro FMR Area",2155,2667,3302,4326,4575,CA,1776095,759187,Marin County,Marin County
72,METRO41900M41900,"San German, PR MSA",365,387,443,627,778,PR,137462,69481,Cabo Rojo Municipio,Cabo Rojo Municipio
6,METRO41940M41940,"San Jose-Sunnyvale-Santa Clara, CA HUD Metro FMR Area",2062,2446,2999,4045,4642,CA,1781642,631920,Santa Clara County,Santa Clara County
6,METRO41940N06069,"San Benito County, CA HUD Metro FMR Area",1419,1429,1890,2733,3320,CA,55269,17870,San Benito County,San Benito County
72,METRO41980M21940,"Fajardo, PR HUD Metro FMR Area",426,429,561,740,861,PR,70692,38114,Ceiba Municipio,Ceiba Municipio
72,METRO41980MM1310,"Caguas, PR HUD Metro FMR Area",407,459,525,751,858,PR,320919,133743,Caguas Municipio,Caguas Municipio
72,METRO41980MM7440,"San Juan-Guaynabo, PR HUD Metro FMR Area",465,495,592,785,984,PR,1847867,809656,Aguas Buenas Municipio,Aguas Buenas Municipio
72,METRO41980N72923,"Barranquitas-Aibonito, PR HUD Metro FMR Area",335,365,418,542,565,PR,110648,44350,Aibonito Municipio,Aibonito Municipio
6,METRO42020M42020,"San Luis Obispo-Paso Robles-Arroyo Grande, CA MSA",1130,1275,1645,2378,2889,CA,269637,117315,San Luis Obispo County,San Luis Obispo County
6,METRO42100M42100,"Santa Cruz-Watsonville, CA MSA",1682,1979,2618,3479,3972,CA,262382,104476,Santa Cruz County,Santa Cruz County
35,METRO42140M42140,"Santa Fe, NM MSA",881,999,1151,1514,1670,NM,144170,71267,Santa Fe County,Santa Fe County
6,METRO42200M42200,"Santa Maria-Santa Barbara, CA MSA",1480,1759,2058,2769,3207,CA,423895,152834,Santa Barbara County,Santa Barbara County
6,METRO42220M42220,"Santa Rosa, CA MSA",1334,1540,2008,2903,3509,CA,483878,204572,Sonoma County,Sonoma County
13,METRO42340M42340,"Savannah, GA MSA",885,930,1065,1459,1661,GA,347611,151049,Bryan County,Bryan County
42,METRO42540M42540,"Scranton--Wilkes-Barre, PA MSA",576,677,830,1072,1172,PA,563631,258834,Lackawanna County,Lackawanna County
53,METRO42660MM7600,"Seattle-Bellevue, WA HUD Metro FMR Area",1513,1664,2029,2921,3449,WA,2644584,1137920,King County,King County
53,METRO42660MM8200,"Tacoma, WA HUD Metro FMR Area",922,1036,1356,1961,2382,WA,795225,325375,Pierce County,Pierce County
12,METRO42680M42680,"Sebastian-Vero Beach, FL MSA",652,847,1015,1428,1634,FL,138028,76346,Indian River County,Indian River County
12,METRO42700M42700,"Sebring, FL MSA",577,679,898,1173,1276,FL,98786,55386,Highlands County,Highlands County
55,METRO43100M43100,"Sheboygan, WI MSA",502,640,782,980,1133,WI,115507,50766,Sheboygan County,Sheboygan County
48,METRO43300M43300,"Sherman-Denison, TX MSA",635,744,938,1274,1424,TX,120877,53727,Grayson County,Grayson County
22,METRO43340M43340,"Shreveport-Bossier City, LA HUD Metro FMR Area",639,786,907,1145,1315,LA,398604,173669,Bossier Parish,Bossier Parish
22,METRO43340N22119,"Webster Parish, LA HUD Metro FMR Area",492,606,694,993,1014,LA,41207,19336,Webster Parish,Webster Parish
4,METRO43420M43420,"Sierra Vista-Douglas, AZ MSA",681,685,879,1271,1544,AZ,131346,59041,Cochise County,Cochise County
19,METRO43580M43580,"Sioux City, IA-NE-SD HUD Metro FMR Area",567,668,883,1106,1194,IA,143577,58083,Woodbury County,Woodbury County
19,METRO43580N19149,"Plymouth County, IA HUD Metro FMR Area",450,559,700,943,946,IA,24986,10550,Plymouth County,Plymouth County
46,METRO43620M43620,"Sioux Falls, SD MSA",655,765,934,1234,1419,SD,228261,95862,Lincoln County,Lincoln County
18,METRO43780M43780,"South Bend-Mishawaka, IN HUD Metro FMR Area",566,696,865,1118,1169,IN,266931,114849,St. Joseph County,St. Joseph County
26,METRO43780N26027,"Cass County, MI HUD Metro FMR Area",528,612,810,1037,1095,MI,52293,25887,Cass County,Cass County
45,METRO43900M43900,"Spartanburg, SC HUD Metro FMR Area",582,667,799,1068,1191,SC,284307,122628,Spartanburg County,Spartanburg County
45,METRO43900N45087,"Union County, SC HUD Metro FMR Area",505,522,691,917,998,SC,28961,14153,Union County,Union County
53,METRO44060M44060,"Spokane, WA HUD Metro FMR Area",569,669,885,1266,1484,WA,471221,201434,Spokane County,Spokane County
53,METRO44060N53051,"Pend Oreille County, WA HUD Metro FMR Area",533,627,829,1199,1268,WA,13001,7936,Pend Oreille County,Pend Oreille County
53,METRO44060N53065,"Stevens County, WA HUD Metro FMR Area",508,604,783,1088,1111,WA,43531,21156,Stevens County,Stevens County
17,METRO44100M44100,"Springfield, IL MSA",606,694,894,1135,1208,IL,210170,95555,Menard County,Menard County
25,METRO44140M44140,"Springfield, MA MSA",739,874,1117,1399,1601,MA,621570,254778,Hampden County,Agawam Town city
29,METRO44180M44180,"Springfield, MO HUD Metro FMR Area",582,595,767,1109,1239,MO,388798,171380,Christian County,Christian County
29,METRO44180N29059,"Dallas County, MO HUD Metro FMR Area",498,503,653,829,1069,MO,16777,7662,Dallas County,Dallas County
29,METRO44180N29167,"Polk County, MO HUD Metro FMR Area",535,539,705,1011,1077,MO,31137,13304,Polk County,Polk County
39,METRO44220M44220,"Springfield, OH MSA",529,640,823,1045,1116,OH,138333,61419,Clark County,Clark County
42,METRO44300M44300,"State College, PA MSA",939,961,1103,1558,1653,PA,153990,63297,Centre County,Centre County
51,METRO44420M44420,"Staunton-Waynesboro, VA MSA",688,692,916,1234,1238,VA,118502,52649,Augusta County,Augusta County
6,METRO44700M44700,"Stockton-Lodi, CA MSA",743,875,1157,1673,2032,CA,685306,233755,San Joaquin County,San Joaquin County
45,METRO44940M44940,"Sumter, SC MSA",677,681,833,1138,1291,SC,107456,46011,Sumter County,Sumter County
36,METRO45060M45060,"Syracuse, NY MSA",635,729,910,1153,1299,NY,662577,287712,Madison County,Madison County
12,METRO45220M45220,"Tallahassee, FL HUD Metro FMR Area",771,823,1015,1359,1491,FL,336637,150274,Gadsden County,Gadsden County
12,METRO45220N12129,"Wakulla County, FL HUD Metro FMR Area",605,816,941,1179,1490,FL,30776,12804,Wakulla County,Wakulla County
12,METRO45300M45300,"Tampa-St. Petersburg-Clearwater, FL MSA",917,978,1209,1584,1915,FL,2783243,1353158,Hernando County,Hernando County
18,METRO45460M45460,"Terre Haute, IN HUD Metro FMR Area",547,674,852,1100,1197,IN,150950,65197,Clay County,Clay County
18,METRO45460N18153,"Sullivan County, IN HUD Metro FMR Area",539,634,839,1051,1188,IN,21475,8939,Sullivan County,Sullivan County
5,METRO45500M45500,"Texarkana, TX-Texarkana, AR HUD Metro FMR Area",604,663,847,1080,1332,AR,136027,57774,Miller County,Miller County
5,METRO45500N05081,"Little River County, AR HUD Metro FMR Area",461,491,650,883,1004,AR,13171,6460,Little River County,Little River County
12,METRO45540M45540,"The Villages, FL MSA",664,679,898,1222,1226,FL,93420,53026,Sumter County,Sumter County
39,METRO45780M45780,"Toledo, OH MSA",506,595,772,1056,1162,OH,610001,273413,Fulton County,Fulton County
20,METRO45820M45820,"Topeka, KS MSA",576,630,833,1096,1304,KS,233870,103809,Jackson County,Jackson County
34,METRO45940M45940,"Trenton, NJ MSA",974,1175,1478,1899,2167,NJ,366513,143169,Mercer County,Mercer County
4,METRO46060M46060,"Tucson, AZ MSA",617,726,960,1388,1641,AZ,980263,440909,Pima County,Pima County
40,METRO46140M46140,"Tulsa, OK HUD Metro FMR Area",606,714,922,1238,1401,OK,880832,384184,Creek County,Creek County
40,METRO46140N40111,"Okmulgee County, OK HUD Metro FMR Area",515,557,700,942,1113,OK,40069,17891,Okmulgee County,Okmulgee County
40,METRO46140N40117,"Pawnee County, OK HUD Metro FMR Area",465,564,700,948,1151,OK,16577,7745,Pawnee County,Pawnee County
1,METRO46220M46220,"Tuscaloosa, AL HUD Metro FMR Area",699,750,900,1161,1217,AL,210416,92527,Hale County,Hale County
1,METRO46220N01107,"Pickens County, AL HUD Metro FMR Area",478,481,628,846,849,AL,19746,9483,Pickens County,Pickens County
48,METRO46340M46340,"Tyler, TX MSA",784,789,959,1244,1525,TX,209714,87309,Smith County,Smith County
15,METRO46520M46520,"Urban Honolulu, HI MSA",1490,1675,2215,3203,3891,HI,953207,336899,Honolulu County,Honolulu County
36,METRO46540M46540,"Utica-Rome, NY MSA",591,647,836,1047,1140,NY,299397,137561,Herkimer County,Herkimer County
13,METRO46660M46660,"Valdosta, GA MSA",571,575,747,1057,1312,GA,139588,57434,Brooks County,Brooks County
6,METRO46700M46700,"Vallejo-Fairfield, CA MSA",1052,1267,1544,2232,2708,CA,413344,152698,Solano County,Solano County
48,METRO47020M47020,"Victoria, TX MSA",733,830,1016,1324,1406,TX,94003,39127,Goliad County,Goliad County
34,METRO47220M47220,"Vineland-Bridgeton, NJ MSA",891,990,1301,1727,2053,NJ,156898,55834,Cumberland County,Cumberland County
37,METRO47260M47260,"Virginia Beach-Norfolk-Newport News, VA-NC HUD Metro FMR Area",987,993,1185,1667,2080,NC,1664625,682853,Currituck County,Currituck County
37,METRO47260N37073,"Gates County, NC HUD Metro FMR Area",608,612,730,1055,1282,NC,12197,5208,Gates County,Gates County
6,METRO47300M47300,"Visalia-Porterville, CA MSA",741,746,987,1378,1628,CA,442179,141696,Tulare County,Tulare County
48,METRO47380M47380,"Waco, TX HUD Metro FMR Area",608,668,875,1195,1408,TX,234906,95124,McLennan County,McLennan County
48,METRO47380N48145,"Falls County, TX HUD Metro FMR Area",496,538,711,891,1133,TX,17866,7724,Falls County,Falls County
53,METRO47460N53013,"Columbia County, WA HUD Metro FMR Area",626,727,961,1268,1299,WA,4078,2136,Columbia County,Columbia County
53,METRO47460N53071,"Walla Walla County, WA HUD Metro FMR Area",659,767,1015,1468,1504,WA,58781,23451,Walla Walla County,Walla Walla County
13,METRO47580M47580,"Warner Robins, GA HUD Metro FMR Area",714,838,961,1238,1571,GA,139900,58325,Houston County,Houston County
13,METRO47580N13225,"Peach County, GA HUD Metro FMR Area",600,629,795,1037,1075,GA,27695,11050,Peach County,Peach County
13,METRO47580N13235,"Pulaski County, GA HUD Metro FMR Area",525,608,696,987,1117,GA,12010,5151,Pulaski County,Pulaski County
11,METRO47900M47900,"Washington-Arlington-Alexandria, DC-VA-MD HUD Metro FMR Area",1540,1583,1812,2368,2914,DC,5491097,2175681,District of Columbia,District of Columbia
54,METRO47900MM3630,"Jefferson County, WV HUD Metro FMR Area",816,821,958,1385,1683,WV,53498,22037,Jefferson County,Jefferson County
51,METRO47900MM8820,"Warren County, VA HUD Metro FMR Area",762,807,1067,1539,1731,VA,37575,16034,Warren County,Warren County
51,METRO47900N51047,"Culpeper County, VA HUD Metro FMR Area",845,850,1076,1538,1890,VA,46689,17657,Culpeper County,Culpeper County
51,METRO47900N51157,"Rappahannock County, VA HUD Metro FMR Area",862,868,1148,1476,1842,VA,7373,3839,Rappahannock County,Rappahannock County
19,METRO47940M47940,"Waterloo-Cedar Falls, IA HUD Metro FMR Area",589,704,889,1156,1441,IA,143543,61417,Black Hawk County,Black Hawk County
19,METRO47940N19017,"Bremer County, IA HUD Metro FMR Area",519,590,774,970,1253,IA,24276,9915,Bremer County,Bremer County
36,METRO48060M48060,"Watertown-Fort Drum, NY MSA",818,963,1274,1598,1830,NY,116229,57966,Jefferson County,Jefferson County
55,METRO48140M48140,"Wausau, WI MSA",536,653,835,1046,1271,WI,134063,57734,Marathon County,Marathon County
39,METRO48260M48260,"Weirton-Steubenville, WV-OH MSA",475,586,739,933,999,OH,124454,58334,Jefferson County,Jefferson County
53,METRO48300M48300,"Wenatchee, WA MSA",699,777,1028,1389,1473,WA,110884,51469,Chelan County,Chelan County
36,METRO48325M48325,"Westchester County, NY Statutory Exception Area",1349,1587,1926,2477,2818,NY,949113,370821,Westchester County,Westchester County
39,METRO48540M48540,"Wheeling, WV-OH MSA",591,594,756,969,1176,OH,147950,69542,Belmont County,Belmont County
20,METRO48620M48620,"Wichita, KS HUD Metro FMR Area",535,632,832,1135,1377,KS,598929,252178,Butler County,Butler County
20,METRO48620N20095,"Kingman County, KS HUD Metro FMR Area",437,524,680,965,1102,KS,7858,3818,Kingman County,Kingman County
20,METRO48620N20191,"Sumner County, KS HUD Metro FMR Area",473,561,736,956,1207,KS,24132,10865,Sumner County,Sumner County
48,METRO48660M48660,"Wichita Falls, TX MSA",521,629,811,1123,1424,TX,151306,64823,Archer County,Archer County
42,METRO48700M48700,"Williamsport, PA MSA",741,745,920,1238,1273,PA,116111,52500,Lycoming County,Lycoming County
37,METRO48900M48900,"Wilmington, NC HUD Metro FMR Area",758,838,1064,1489,1808,NC,202667,101436,New Hanover County,New Hanover County
37,METRO48900N37141,"Pender County, NC HUD Metro FMR Area",629,735,842,1140,1479,NC,52217,26724,Pender County,Pender County
51,METRO49020M49020,"Winchester, VA-WV MSA",774,779,1030,1408,1809,VA,128472,56906,Frederick County,Frederick County
37,METRO49180M49180,"Winston-Salem, NC HUD Metro FMR Area",597,624,780,1054,1296,NC,477717,214375,Davie County,Davie County
37,METRO49180N37057,"Davidson County, NC HUD Metro FMR Area",581,585,682,963,1087,NC,162878,72655,Davidson County,Davidson County
25,METRO49340M49340,"Worcester, MA HUD Metro FMR Area",933,1021,1298,1626,1762,MA,534614,218550,Worcester County,Auburn town
25,METRO49340MM1120,"Eastern Worcester County, MA HUD Metro FMR Area",1006,1012,1339,1710,2093,MA,91612,34458,Worcester County,Berlin town
25,METRO49340MM2600,"Fitchburg-Leominster, MA HUD Metro FMR Area",875,881,1161,1462,1580,MA,143062,61146,Worcester County,Ashburnham town
9,METRO49340N09015,"Windham County, CT HUD Metro FMR Area",799,876,1091,1407,1555,CT,118428,49073,Windham County,Ashford town
25,METRO49340N25027,"Western Worcester County, MA HUD Metro FMR Area",768,773,1022,1376,1381,MA,29264,12634,Worcester County,Athol town
53,METRO49420M49420,"Yakima, WA MSA",583,669,878,1200,1348,WA,243231,85474,Yakima County,Yakima County
42,METRO49620M49620,"York-Hanover, PA MSA",653,773,1012,1297,1387,PA,434972,178671,York County,York County
39,METRO49660M49660,"Youngstown-Warren-Boardman, OH HUD Metro FMR Area",501,576,725,949,1050,OH,449135,207996,Mahoning County,Mahoning County
42,METRO49660MM7610,"Sharon, PA HUD Metro FMR Area",586,589,764,973,1114,PA,116638,51733,Mercer County,Mercer County
6,METRO49700M49700,"Yuba City, CA MSA",711,715,931,1346,1635,CA,166892,61493,Sutter County,Sutter County
4,METRO49740M49740,"Yuma, AZ MSA",608,650,860,1243,1511,AZ,195751,87850,Yuma County,Yuma County
1,NCNTY01005N01005,"Barbour County, AL",538,541,716,901,1011,AL,27457,11829,Barbour County,Barbour County
1,NCNTY01011N01011,"Bullock County, AL",539,548,688,912,972,AL,10914,4493,Bullock County,Bullock County
1,NCNTY01013N01013,"Butler County, AL",510,514,678,878,1191,AL,20947,9964,Butler County,Butler County
1,NCNTY01017N01017,"Chambers County, AL",516,640,764,959,1059,AL,34215,17004,Chambers County,Chambers County
1,NCNTY01019N01019,"Cherokee County, AL",520,524,693,933,937,AL,25989,16267,Cherokee County,Cherokee County
1,NCNTY01023N01023,"Choctaw County, AL",541,545,721,903,1019,AL,13859,7269,Choctaw County,Choctaw County
1,NCNTY01025N01025,"Clarke County, AL",492,538,628,908,927,AL,25833,12638,Clarke County,Clarke County
1,NCNTY01027N01027,"Clay County, AL",535,549,628,908,1103,AL,13932,6776,Clay County,Clay County
1,NCNTY01029N01029,"Cleburne County, AL",515,519,686,900,1205,AL,14972,6718,Cleburne County,Cleburne County
1,NCNTY01031N01031,"Coffee County, AL",606,610,743,1074,1305,AL,49948,22330,Coffee County,Coffee County
1,NCNTY01035N01035,"Conecuh County, AL",474,478,628,884,887,AL,13228,7093,Conecuh County,Conecuh County
1,NCNTY01037N01037,"Coosa County, AL",546,550,727,922,1027,AL,11539,6478,Coosa County,Coosa County
1,NCNTY01039N01039,"Covington County, AL",488,491,632,847,1100,AL,37765,18829,Covington County,Covington County
1,NCNTY01041N01041,"Crenshaw County, AL",472,475,628,787,966,AL,13906,6735,Crenshaw County,Crenshaw County
1,NCNTY01043N01043,"Cullman County, AL",536,577,714,962,965,AL,80406,37054,Cullman County,Cullman County
1,NCNTY01045N01045,"Dale County, AL",507,532,668,902,1173,AL,50251,22677,Dale County,Dale County
1,NCNTY01047N01047,"Dallas County, AL",543,562,673,871,953,AL,43820,20208,Dallas County,Dallas County
1,NCNTY01049N01049,"DeKalb County, AL",472,475,628,833,849,AL,71109,31109,DeKalb County,DeKalb County
1,NCNTY01053N01053,"Escambia County, AL",497,555,635,847,869,AL,38319,16486,Escambia County,Escambia County
1,NCNTY01057N01057,"Fayette County, AL",492,549,628,841,887,AL,17241,8437,Fayette County,Fayette County
1,NCNTY01059N01059,"Franklin County, AL",497,548,634,794,857,AL,31704,14022,Franklin County,Franklin County
1,NCNTY01063N01063,"Greene County, AL",492,549,628,884,887,AL,9045,5007,Greene County,Greene County
1,NCNTY01071N01071,"Jackson County, AL",459,605,715,896,966,AL,53227,24786,Jackson County,Jackson County
1,NCNTY01075N01075,"Lamar County, AL",492,546,628,908,940,AL,14564,7354,Lamar County,Lamar County
1,NCNTY01087N01087,"Macon County, AL",502,505,668,906,1140,AL,21452,10259,Macon County,Macon County
1,NCNTY01091N01091,"Marengo County, AL",492,539,628,908,1103,AL,21027,10237,Marengo County,Marengo County
1,NCNTY01093N01093,"Marion County, AL",472,475,628,844,1056,AL,30776,14737,Marion County,Marion County
1,NCNTY01095N01095,"Marshall County, AL",506,510,674,908,911,AL,93019,40342,Marshall County,Marshall County
1,NCNTY01099N01099,"Monroe County, AL",492,549,628,787,892,AL,23068,11333,Monroe County,Monroe County
1,NCNTY01105N01105,"Perry County, AL",535,549,628,803,947,AL,10591,4737,Perry County,Perry County
1,NCNTY01109N01109,"Pike County, AL",544,610,709,958,958,AL,32899,15267,Pike County,Pike County
1,NCNTY01111N01111,"Randolph County, AL",446,573,694,1003,1022,AL,22913,11982,Randolph County,Randolph County
1,NCNTY01119N01119,"Sumter County, AL",580,584,772,967,1044,AL,13763,6786,Sumter County,Sumter County
1,NCNTY01121N01121,"Talladega County, AL",535,538,712,932,978,AL,82291,37088,Talladega County,Talladega County
1,NCNTY01123N01123,"Tallapoosa County, AL",547,566,659,925,1067,AL,41616,22111,Tallapoosa County,Tallapoosa County
1,NCNTY01129N01129,"Washington County, AL",564,574,720,902,1017,AL,17581,8407,Washington County,Washington County
1,NCNTY01131N01131,"Wilcox County, AL",492,549,628,884,887,AL,11670,5649,Wilcox County,Wilcox County
1,NCNTY01133N01133,"Winston County, AL",472,475,628,908,962,AL,24484,13469,Winston County,Winston County
2,NCNTY02013N02013,"Aleutians East Borough, AK",826,890,1163,1457,1572,AK,3141,747,Aleutians East Borough,Aleutians East Borough
2,NCNTY02016N02016,"Aleutians West Census Area, AK",1165,1371,1813,2272,2760,AK,5561,1929,Aleutians West Census Area,Aleutians West Census Area
2,NCNTY02050N02050,"Bethel Census Area, AK",1253,1486,1701,2131,2299,AK,17013,5919,Bethel Census Area,Bethel Census Area
2,NCNTY02060N02060,"Bristol Bay Borough, AK",927,1004,1305,1757,1764,AK,997,969,Bristol Bay Borough,Bristol Bay Borough
2,NCNTY02068N02068,"Denali Borough, AK",1137,1233,1601,2006,2437,AK,1826,1771,Denali Borough,Denali Borough
2,NCNTY02070N02070,"Dillingham Census Area, AK",1139,1212,1488,2056,2057,AK,4847,2427,Dillingham Census Area,Dillingham Census Area
2,NCNTY02100N02100,"Haines Borough, AK",737,799,1038,1350,1580,AK,2508,1631,Haines Borough,Haines Borough
2,NCNTY02105N02105,"Hoonah-Angoon Census Area, AK",616,838,959,1292,1296,AK,2150,1771,Hoonah-Angoon Census Area,Hoonah-Angoon Census Area
2,NCNTY02110N02110,"Juneau City and Borough, AK",995,1170,1548,2213,2719,AK,31275,13055,Juneau City and Borough,Juneau City and Borough
2,NCNTY02122N02122,"Kenai Peninsula Borough, AK",912,921,1216,1613,1766,AK,55400,30578,Kenai Peninsula Borough,Kenai Peninsula Borough
2,NCNTY02130N02130,"Ketchikan Gateway Borough, AK",910,1071,1417,1902,2489,AK,13477,6166,Ketchikan Gateway Borough,Ketchikan Gateway Borough
2,NCNTY02150N02150,"Kodiak Island Borough, AK",1128,1219,1445,1946,1953,AK,13592,5303,Kodiak Island Borough,Kodiak Island Borough
2,NCNTY02158N02158,Kusilvak Census Area,702,864,989,1239,1337,AK,7459,2183,Kusilvak Census Area,Kusilvak Census Area
2,NCNTY02164N02164,"Lake and Peninsula Borough, AK",669,761,942,1180,1655,AK,1631,1502,Lake and Peninsula Borough,Lake and Peninsula Borough
2,NCNTY02180N02180,"Nome Census Area, AK",1141,1489,1776,2225,2401,AK,9492,4008,Nome Census Area,Nome Census Area
2,NCNTY02185N02185,"North Slope Borough, AK",1110,1273,1457,1825,2026,AK,9430,2500,North Slope Borough,North Slope Borough
2,NCNTY02188N02188,"Northwest Arctic Borough, AK",1257,1290,1477,1989,1996,AK,7523,2707,Northwest Arctic Borough,Northwest Arctic Borough
2,NCNTY02195N02195,"Petersburg Census Area, AK",735,892,1144,1433,1741,AK,3815,1994,Petersburg Census Area,Petersburg Census Area
2,NCNTY02198N02198,"Prince of Wales-Hyder Census Area, AK",858,864,1143,1432,1545,AK,5559,2992,Prince of Wales-Hyder Census Area,Prince of Wales-Hyder Census Area
2,NCNTY02220N02220,"Sitka City and Borough, AK",982,1125,1343,1915,2359,AK,8881,4102,Sitka City and Borough,Sitka City and Borough
2,NCNTY02230N02230,"Skagway Municipality, AK",1053,1244,1483,2144,2257,AK,968,636,Skagway Municipality,Skagway Municipality
2,NCNTY02240N02240,"Southeast Fairbanks Census Area, AK",931,1093,1311,1896,2303,AK,7029,3915,Southeast Fairbanks Census Area,Southeast Fairbanks Census Area
2,NCNTY02261N02261,"Valdez-Cordova Census Area, AK",839,977,1293,1620,1968,AK,9636,6102,Valdez-Cordova Census Area,Valdez-Cordova Census Area
2,NCNTY02275N02275,"Wrangell City and Borough, AK",780,785,1039,1315,1581,AK,2369,1428,Wrangell City and Borough,Wrangell City and Borough
2,NCNTY02282N02282,"Yakutat City and Borough, AK",878,935,1237,1550,1883,AK,662,450,Yakutat City and Borough,Yakutat City and Borough
2,NCNTY02290N02290,"Yukon-Koyukuk Census Area, AK",592,722,834,1206,1465,AK,5588,4038,Yukon-Koyukuk Census Area,Yukon-Koyukuk Census Area
4,NCNTY04001N04001,"Apache County, AZ",561,625,763,1074,1245,AZ,71518,32514,Apache County,Apache County
4,NCNTY04007N04007,"Gila County, AZ",698,702,929,1198,1256,AZ,53597,32698,Gila County,Gila County
4,NCNTY04009N04009,"Graham County, AZ",654,743,890,1287,1488,AZ,37220,12980,Graham County,Graham County
4,NCNTY04011N04011,"Greenlee County, AZ",562,578,765,958,1080,AZ,8437,4372,Greenlee County,Greenlee County
4,NCNTY04012N04012,"La Paz County, AZ",634,652,863,1128,1236,AZ,20489,16049,La Paz County,La Paz County
4,NCNTY04017N04017,"Navajo County, AZ",661,666,856,1147,1271,AZ,107449,56938,Navajo County,Navajo County
4,NCNTY04023N04023,"Santa Cruz County, AZ",592,601,795,1071,1075,AZ,47420,18010,Santa Cruz County,Santa Cruz County
5,NCNTY05001N05001,"Arkansas County, AR",520,531,702,948,1004,AR,19019,9436,Arkansas County,Arkansas County
5,NCNTY05003N05003,"Ashley County, AR",481,546,650,862,879,AR,21853,10137,Ashley County,Ashley County
5,NCNTY05005N05005,"Baxter County, AR",512,569,753,955,1018,AR,41513,22580,Baxter County,Baxter County
5,NCNTY05009N05009,"Boone County, AR",499,510,674,975,1082,AR,36903,16827,Boone County,Boone County
5,NCNTY05011N05011,"Bradley County, AR",448,550,698,875,1012,AR,11508,5860,Bradley County,Bradley County
5,NCNTY05013N05013,"Calhoun County, AR",516,609,697,873,1014,AR,5368,2897,Calhoun County,Calhoun County
5,NCNTY05015N05015,"Carroll County, AR",530,534,706,912,1041,AR,27446,13559,Carroll County,Carroll County
5,NCNTY05017N05017,"Chicot County, AR",481,568,650,865,992,AR,11800,5421,Chicot County,Chicot County
5,NCNTY05019N05019,"Clark County, AR",512,527,691,920,1087,AR,22995,10385,Clark County,Clark County
5,NCNTY05021N05021,"Clay County, AR",481,491,650,873,1035,AR,16083,8031,Clay County,Clay County
5,NCNTY05023N05023,"Cleburne County, AR",550,562,743,972,1118,AR,25970,15826,Cleburne County,Cleburne County
5,NCNTY05027N05027,"Columbia County, AR",481,581,675,949,1043,AR,24552,11596,Columbia County,Columbia County
5,NCNTY05029N05029,"Conway County, AR",513,559,740,927,1000,AR,21273,9720,Conway County,Conway County
5,NCNTY05037N05037,"Cross County, AR",544,556,735,923,994,AR,17870,7853,Cross County,Cross County
5,NCNTY05039N05039,"Dallas County, AR",481,491,650,902,905,AR,8116,4305,Dallas County,Dallas County
5,NCNTY05041N05041,"Desha County, AR",481,491,650,899,946,AR,13008,6261,Desha County,Desha County
5,NCNTY05043N05043,"Drew County, AR",519,530,701,935,957,AR,18509,8408,Drew County,Drew County
5,NCNTY05047N05047,"Franklin County, AR",494,504,667,836,970,AR,18125,8021,Franklin County,Franklin County
5,NCNTY05049N05049,"Fulton County, AR",481,491,650,910,913,AR,12245,6778,Fulton County,Fulton County
5,NCNTY05055N05055,"Greene County, AR",554,631,748,1009,1251,AR,42090,17892,Greene County,Greene County
5,NCNTY05057N05057,"Hempstead County, AR",501,511,676,847,914,AR,22609,10419,Hempstead County,Hempstead County
5,NCNTY05059N05059,"Hot Spring County, AR",524,577,707,933,1155,AR,32923,14332,Hot Spring County,Hot Spring County
5,NCNTY05061N05061,"Howard County, AR",434,495,652,821,1010,AR,13789,6238,Howard County,Howard County
5,NCNTY05063N05063,"Independence County, AR",527,531,702,880,980,AR,36647,16187,Independence County,Independence County
5,NCNTY05065N05065,"Izard County, AR",481,491,650,863,879,AR,13696,7232,Izard County,Izard County
5,NCNTY05067N05067,"Jackson County, AR",452,510,674,844,1031,AR,17997,7601,Jackson County,Jackson County
5,NCNTY05071N05071,"Johnson County, AR",532,535,708,901,1094,AR,25540,11311,Johnson County,Johnson County
5,NCNTY05073N05073,"Lafayette County, AR",481,540,650,854,1080,AR,7645,4353,Lafayette County,Lafayette County
5,NCNTY05075N05075,"Lawrence County, AR",481,510,650,870,1044,AR,17415,8000,Lawrence County,Lawrence County
5,NCNTY05077N05077,"Lee County, AR",481,491,650,940,1071,AR,10424,4356,Lee County,Lee County
5,NCNTY05083N05083,"Logan County, AR",481,534,650,826,879,AR,22353,10108,Logan County,Logan County
5,NCNTY05089N05089,"Marion County, AR",452,528,650,821,1142,AR,16653,9354,Marion County,Marion County
5,NCNTY05093N05093,"Mississippi County, AR",459,541,715,910,966,AR,46480,20459,Mississippi County,Mississippi County
5,NCNTY05095N05095,"Monroe County, AR",481,516,650,833,1139,AR,8149,4455,Monroe County,Monroe County
5,NCNTY05097N05097,"Montgomery County, AR",488,491,650,834,1142,AR,9487,5763,Montgomery County,Montgomery County
5,NCNTY05099N05099,"Nevada County, AR",566,578,764,957,1033,AR,8997,4563,Nevada County,Nevada County
5,NCNTY05101N05101,"Newton County, AR",481,501,650,940,946,AR,8330,4664,Newton County,Newton County
5,NCNTY05103N05103,"Ouachita County, AR",523,526,654,867,913,AR,26120,13121,Ouachita County,Ouachita County
5,NCNTY05107N05107,"Phillips County, AR",481,491,650,934,1142,AR,21757,10126,Phillips County,Phillips County
5,NCNTY05109N05109,"Pike County, AR",553,568,650,833,1043,AR,11291,5580,Pike County,Pike County
5,NCNTY05113N05113,"Polk County, AR",464,510,650,814,1108,AR,20662,10002,Polk County,Polk County
5,NCNTY05115N05115,"Pope County, AR",552,556,735,1063,1135,AR,61754,25551,Pope County,Pope County
5,NCNTY05117N05117,"Prairie County, AR",481,491,650,814,946,AR,8715,4503,Prairie County,Prairie County
5,NCNTY05121N05121,"Randolph County, AR",484,494,653,818,950,AR,17969,8513,Randolph County,Randolph County
5,NCNTY05123N05123,"St. Francis County, AR",443,491,650,940,1142,AR,28258,10903,St. Francis County,St. Francis County
5,NCNTY05127N05127,"Scott County, AR",488,491,650,814,946,AR,11233,5193,Scott County,Scott County
5,NCNTY05129N05129,"Searcy County, AR",481,495,650,926,946,AR,8195,4900,Searcy County,Searcy County
5,NCNTY05133N05133,"Sevier County, AR",418,503,650,814,946,AR,17058,6887,Sevier County,Sevier County
5,NCNTY05135N05135,"Sharp County, AR",418,491,650,874,979,AR,17264,9822,Sharp County,Sharp County
5,NCNTY05137N05137,"Stone County, AR",493,503,666,834,900,AR,12394,6712,Stone County,Stone County
5,NCNTY05139N05139,"Union County, AR",581,597,683,911,1182,AR,41639,19653,Union County,Union County
5,NCNTY05141N05141,"Van Buren County, AR",503,513,679,851,918,AR,17295,10345,Van Buren County,Van Buren County
5,NCNTY05145N05145,"White County, AR",534,561,721,1007,1245,AR,77076,32488,White County,White County
5,NCNTY05147N05147,"Woodruff County, AR",429,508,650,814,879,AR,7260,3893,Woodruff County,Woodruff County
5,NCNTY05149N05149,"Yell County, AR",473,540,650,894,1006,AR,22185,9752,Yell County,Yell County
6,NCNTY06003N06003,"Alpine County, CA",704,787,1035,1478,1663,CA,1175,1760,Alpine County,Alpine County
6,NCNTY06005N06005,"Amador County, CA",847,853,1128,1631,1862,CA,38091,18032,Amador County,Amador County
6,NCNTY06009N06009,"Calaveras County, CA",681,860,1001,1447,1758,CA,45578,27925,Calaveras County,Calaveras County
6,NCNTY06011N06011,"Colusa County, CA",636,770,934,1350,1641,CA,21419,7883,Colusa County,Colusa County
6,NCNTY06015N06015,"Del Norte County, CA",672,782,987,1370,1584,CA,28610,11186,Del Norte County,Del Norte County
6,NCNTY06021N06021,"Glenn County, CA",613,681,901,1129,1218,CA,28122,10778,Glenn County,Glenn County
6,NCNTY06023N06023,"Humboldt County, CA",710,816,1065,1540,1772,CA,134623,61559,Humboldt County,Humboldt County
6,NCNTY06027N06027,"Inyo County, CA",819,824,986,1328,1333,CA,18546,9478,Inyo County,Inyo County
6,NCNTY06033N06033,"Lake County, CA",663,790,1032,1492,1631,CA,64665,35492,Lake County,Lake County
6,NCNTY06035N06035,"Lassen County, CA",626,696,920,1330,1471,CA,34895,12710,Lassen County,Lassen County
6,NCNTY06043N06043,"Mariposa County, CA",713,792,1047,1439,1839,CA,18251,10188,Mariposa County,Mariposa County
6,NCNTY06045N06045,"Mendocino County, CA",803,881,1166,1651,1877,CA,87841,40323,Mendocino County,Mendocino County
6,NCNTY06049N06049,"Modoc County, CA",524,582,770,1113,1237,CA,9686,5192,Modoc County,Modoc County
6,NCNTY06051N06051,"Mono County, CA",860,1012,1338,1719,2150,CA,14202,13912,Mono County,Mono County
6,NCNTY06057N06057,"Nevada County, CA",849,999,1321,1910,2158,CA,98764,52590,Nevada County,Nevada County
6,NCNTY06063N06063,"Plumas County, CA",651,792,956,1256,1411,CA,20007,15566,Plumas County,Plumas County
6,NCNTY06091N06091,"Sierra County, CA",932,1041,1369,1955,2200,CA,3240,2328,Sierra County,Sierra County
6,NCNTY06093N06093,"Siskiyou County, CA",588,692,915,1260,1470,CA,44900,23910,Siskiyou County,Siskiyou County
6,NCNTY06103N06103,"Tehama County, CA",624,658,871,1188,1198,CA,63463,26987,Tehama County,Tehama County
6,NCNTY06105N06105,"Trinity County, CA",615,683,904,1307,1453,CA,13786,8681,Trinity County,Trinity County
6,NCNTY06109N06109,"Tuolumne County, CA",701,846,1053,1449,1716,CA,55365,31244,Tuolumne County,Tuolumne County
8,NCNTY08003N08003,"Alamosa County, CO",690,694,824,1096,1262,CO,15445,6554,Alamosa County,Alamosa County
8,NCNTY08007N08007,"Archuleta County, CO",817,822,1037,1360,1607,CO,12084,8762,Archuleta County,Archuleta County
8,NCNTY08009N08009,"Baca County, CO",596,604,700,1012,1230,CO,3788,2248,Baca County,Baca County
8,NCNTY08011N08011,"Bent County, CO",702,706,847,1078,1145,CO,6499,2242,Bent County,Bent County
8,NCNTY08015N08015,"Chaffee County, CO",606,824,943,1270,1275,CO,17809,10020,Chaffee County,Chaffee County
8,NCNTY08017N08017,"Cheyenne County, CO",537,541,715,896,988,CO,1836,975,Cheyenne County,Cheyenne County
8,NCNTY08021N08021,"Conejos County, CO",560,564,700,905,946,CO,8256,4286,Conejos County,Conejos County
8,NCNTY08023N08023,"Costilla County, CO",614,618,780,977,1195,CO,3524,2613,Costilla County,Costilla County
8,NCNTY08025N08025,"Crowley County, CO",672,689,789,989,1067,CO,5823,1559,Crowley County,Crowley County
8,NCNTY08027N08027,"Custer County, CO",637,641,808,1115,1419,CO,4255,3956,Custer County,Custer County
8,NCNTY08029N08029,"Delta County, CO",732,737,975,1249,1328,CO,30952,14572,Delta County,Delta County
8,NCNTY08033N08033,"Dolores County, CO",637,653,748,1082,1146,CO,2064,1468,Dolores County,Dolores County
8,NCNTY08037N08037,"Eagle County, CO",985,1199,1533,1921,2240,CO,52197,31312,Eagle County,Eagle County
8,NCNTY08043N08043,"Fremont County, CO",647,652,851,1204,1328,CO,46824,19242,Fremont County,Fremont County
8,NCNTY08045N08045,"Garfield County, CO",998,1005,1300,1809,2253,CO,56389,23309,Garfield County,Garfield County
8,NCNTY08049N08049,"Grand County, CO",732,862,1140,1542,1747,CO,14843,16061,Grand County,Grand County
8,NCNTY08051N08051,"Gunnison County, CO",840,845,1022,1424,1795,CO,15324,11412,Gunnison County,Gunnison County
8,NCNTY08053N08053,"Hinsdale County, CO",646,807,924,1269,1416,CO,843,1388,Hinsdale County,Hinsdale County
8,NCNTY08055N08055,"Huerfano County, CO",650,654,816,1068,1103,CO,6711,5075,Huerfano County,Huerfano County
8,NCNTY08057N08057,"Jackson County, CO",785,790,997,1249,1527,CO,1394,1286,Jackson County,Jackson County
8,NCNTY08061N08061,"Kiowa County, CO",647,651,821,1127,1258,CO,1398,805,Kiowa County,Kiowa County
8,NCNTY08063N08063,"Kit Carson County, CO",605,609,805,1028,1414,CO,8270,3527,Kit Carson County,Kit Carson County
8,NCNTY08065N08065,"Lake County, CO",849,860,997,1414,1527,CO,7310,4271,Lake County,Lake County
8,NCNTY08067N08067,"La Plata County, CO",909,985,1130,1634,1796,CO,51334,25860,La Plata County,La Plata County
8,NCNTY08071N08071,"Las Animas County, CO",674,678,897,1258,1315,CO,15507,8217,Las Animas County,Las Animas County
8,NCNTY08073N08073,"Lincoln County, CO",616,620,820,1087,1440,CO,5467,2420,Lincoln County,Lincoln County
8,NCNTY08075N08075,"Logan County, CO",681,685,821,1187,1338,CO,22709,8981,Logan County,Logan County
8,NCNTY08079N08079,"Mineral County, CO",793,798,1006,1381,1541,CO,712,1201,Mineral County,Mineral County
8,NCNTY08081N08081,"Moffat County, CO",728,747,855,1192,1497,CO,13795,6196,Moffat County,Moffat County
8,NCNTY08083N08083,"Montezuma County, CO",670,674,851,1224,1495,CO,25535,12094,Montezuma County,Montezuma County
8,NCNTY08085N08085,"Montrose County, CO",713,718,950,1304,1309,CO,41276,18250,Montrose County,Montrose County
8,NCNTY08087N08087,"Morgan County, CO",599,645,853,1113,1254,CO,28159,11490,Morgan County,Morgan County
8,NCNTY08089N08089,"Otero County, CO",622,626,828,1037,1269,CO,18831,8969,Otero County,Otero County
8,NCNTY08091N08091,"Ouray County, CO",814,963,1267,1649,1941,CO,4436,3083,Ouray County,Ouray County
8,NCNTY08095N08095,"Phillips County, CO",578,582,770,965,1176,CO,4442,2087,Phillips County,Phillips County
8,NCNTY08097N08097,"Pitkin County, CO",1193,1404,1857,2501,2510,CO,17148,12953,Pitkin County,Pitkin County
8,NCNTY08099N08099,"Prowers County, CO",612,619,719,997,1164,CO,12551,5942,Prowers County,Prowers County
8,NCNTY08103N08103,"Rio Blanco County, CO",705,710,895,1205,1210,CO,6666,3309,Rio Blanco County,Rio Blanco County
8,NCNTY08105N08105,"Rio Grande County, CO",596,611,700,1012,1105,CO,11982,6630,Rio Grande County,Rio Grande County
8,NCNTY08107N08107,"Routt County, CO",1025,1032,1365,1964,2091,CO,23509,16303,Routt County,Routt County
8,NCNTY08109N08109,"Saguache County, CO",546,550,727,1051,1082,CO,6108,3843,Saguache County,Saguache County
8,NCNTY08111N08111,"San Juan County, CO",1080,1087,1371,1882,2100,CO,699,756,San Juan County,San Juan County
8,NCNTY08113N08113,"San Miguel County, CO",1045,1230,1627,2182,2506,CO,7359,6638,San Miguel County,San Miguel County
8,NCNTY08115N08115,"Sedgwick County, CO",538,541,716,897,1070,CO,2379,1415,Sedgwick County,Sedgwick County
8,NCNTY08117N08117,"Summit County, CO",1175,1182,1564,1960,2396,CO,27994,29842,Summit County,Summit County
8,NCNTY08121N08121,"Washington County, CO",659,676,774,970,1186,CO,4814,2434,Washington County,Washington County
8,NCNTY08125N08125,"Yuma County, CO",578,582,770,1112,1174,CO,10043,4466,Yuma County,Yuma County
9,NCNTY09005N09005,"Litchfield County, CT",784,953,1221,1550,1650,CT,189927,87550,Litchfield County,Barkhamsted town
12,NCNTY12007N12007,"Bradford County, FL",614,630,721,1021,1209,FL,28520,11011,Bradford County,Bradford County
12,NCNTY12013N12013,"Calhoun County, FL",613,629,720,1041,1126,FL,14625,5999,Calhoun County,Calhoun County
12,NCNTY12023N12023,"Columbia County, FL",647,690,856,1139,1188,FL,67531,28636,Columbia County,Columbia County
12,NCNTY12027N12027,"DeSoto County, FL",585,589,779,1088,1207,FL,34862,14590,DeSoto County,DeSoto County
12,NCNTY12029N12029,"Dixie County, FL",625,641,734,937,1072,FL,16422,9319,Dixie County,Dixie County
12,NCNTY12037N12037,"Franklin County, FL",671,725,830,1105,1458,FL,11549,8652,Franklin County,Franklin County
12,NCNTY12043N12043,"Glades County, FL",630,634,839,1051,1134,FL,12884,6979,Glades County,Glades County
12,NCNTY12047N12047,"Hamilton County, FL",591,606,694,948,1012,FL,14799,5778,Hamilton County,Hamilton County
12,NCNTY12049N12049,"Hardee County, FL",630,646,740,1070,1244,FL,27731,9722,Hardee County,Hardee County
12,NCNTY12051N12051,"Hendry County, FL",715,720,870,1163,1222,FL,39140,14564,Hendry County,Hendry County
12,NCNTY12059N12059,"Holmes County, FL",540,544,719,901,1263,FL,19927,8641,Holmes County,Holmes County
12,NCNTY12063N12063,"Jackson County, FL",461,627,718,988,997,FL,49746,21003,Jackson County,Jackson County
12,NCNTY12067N12067,"Lafayette County, FL",698,716,820,1186,1440,FL,8870,3328,Lafayette County,Lafayette County
12,NCNTY12075N12075,"Levy County, FL",541,545,717,981,1102,FL,40801,20123,Levy County,Levy County
12,NCNTY12077N12077,"Liberty County, FL",591,606,694,872,1013,FL,8365,3357,Liberty County,Liberty County
12,NCNTY12079N12079,"Madison County, FL",512,660,756,988,1096,FL,19224,8481,Madison County,Madison County
12,NCNTY12087N12087,"Monroe County, FL",1162,1367,1808,2378,3044,FL,73090,52764,Monroe County,Monroe County
12,NCNTY12093N12093,"Okeechobee County, FL",713,718,849,1149,1230,FL,39996,18509,Okeechobee County,Okeechobee County
12,NCNTY12107N12107,"Putnam County, FL",657,674,772,1016,1044,FL,74364,37337,Putnam County,Putnam County
12,NCNTY12121N12121,"Suwannee County, FL",591,606,694,1003,1208,FL,41551,19164,Suwannee County,Suwannee County
12,NCNTY12123N12123,"Taylor County, FL",591,606,694,1003,1006,FL,22570,11004,Taylor County,Taylor County
12,NCNTY12125N12125,"Union County, FL",610,625,716,932,1209,FL,15535,4508,Union County,Union County
12,NCNTY12133N12133,"Washington County, FL",521,525,694,1003,1219,FL,24896,10796,Washington County,Washington County
13,NCNTY13001N13001,"Appling County, GA",523,526,660,931,1159,GA,18236,8512,Appling County,Appling County
13,NCNTY13003N13003,"Atkinson County, GA",496,499,660,929,1035,GA,8375,3522,Atkinson County,Atkinson County
13,NCNTY13005N13005,"Bacon County, GA",549,552,660,845,1159,GA,11096,4801,Bacon County,Bacon County
13,NCNTY13009N13009,"Baldwin County, GA",652,653,766,974,1035,GA,45720,20159,Baldwin County,Baldwin County
13,NCNTY13011N13011,"Banks County, GA",604,620,710,953,1060,GA,18395,7595,Banks County,Banks County
13,NCNTY13017N13017,"Ben Hill County, GA",533,537,710,985,1113,GA,17634,7942,Ben Hill County,Ben Hill County
13,NCNTY13019N13019,"Berrien County, GA",496,499,660,923,1159,GA,19286,8709,Berrien County,Berrien County
13,NCNTY13023N13023,"Bleckley County, GA",530,534,669,872,1049,GA,13063,5304,Bleckley County,Bleckley County
13,NCNTY13031N13031,"Bulloch County, GA",561,616,754,1090,1324,GA,70217,28794,Bulloch County,Bulloch County
13,NCNTY13037N13037,"Calhoun County, GA",499,503,665,886,1042,GA,6694,2409,Calhoun County,Calhoun County
13,NCNTY13039N13039,"Camden County, GA",747,752,912,1235,1560,GA,50513,21114,Camden County,Camden County
13,NCNTY13043N13043,"Candler County, GA",496,499,660,954,1035,GA,10998,4761,Candler County,Candler County
13,NCNTY13049N13049,"Charlton County, GA",545,549,688,927,1079,GA,12171,4475,Charlton County,Charlton County
13,NCNTY13055N13055,"Chattooga County, GA",507,510,675,916,1170,GA,26015,10977,Chattooga County,Chattooga County
13,NCNTY13061N13061,"Clay County, GA",496,499,660,954,1035,GA,3183,2102,Clay County,Clay County
13,NCNTY13065N13065,"Clinch County, GA",523,526,660,954,1035,GA,6798,3007,Clinch County,Clinch County
13,NCNTY13069N13069,"Coffee County, GA",562,562,660,827,892,GA,42356,17061,Coffee County,Coffee County
13,NCNTY13071N13071,"Colquitt County, GA",552,556,693,868,1002,GA,45498,18311,Colquitt County,Colquitt County
13,NCNTY13075N13075,"Cook County, GA",541,544,682,928,1067,GA,17212,7287,Cook County,Cook County
13,NCNTY13081N13081,"Crisp County, GA",523,526,660,948,1040,GA,23439,10734,Crisp County,Crisp County
13,NCNTY13087N13087,"Decatur County, GA",543,547,723,974,977,GA,27842,12125,Decatur County,Decatur County
13,NCNTY13091N13091,"Dodge County, GA",518,522,690,865,945,GA,21796,9857,Dodge County,Dodge County
13,NCNTY13093N13093,"Dooly County, GA",581,611,699,876,1008,GA,14918,6328,Dooly County,Dooly County
13,NCNTY13099N13099,"Early County, GA",480,576,660,934,1035,GA,11008,4975,Early County,Early County
13,NCNTY13105N13105,"Elbert County, GA",535,539,666,885,1049,GA,20166,9583,Elbert County,Elbert County
13,NCNTY13107N13107,"Emanuel County, GA",528,531,660,860,1011,GA,22598,9968,Emanuel County,Emanuel County
13,NCNTY13109N13109,"Evans County, GA",541,545,683,862,1064,GA,11000,4664,Evans County,Evans County
13,NCNTY13111N13111,"Fannin County, GA",662,680,778,1047,1177,GA,23682,16207,Fannin County,Fannin County
13,NCNTY13119N13119,"Franklin County, GA",424,576,660,917,1033,GA,22084,10553,Franklin County,Franklin County
13,NCNTY13123N13123,"Gilmer County, GA",623,627,793,994,1330,GA,28292,16564,Gilmer County,Gilmer County
13,NCNTY13125N13125,"Glascock County, GA",521,524,660,897,947,GA,3082,1519,Glascock County,Glascock County
13,NCNTY13129N13129,"Gordon County, GA",464,557,687,993,1207,GA,55186,22278,Gordon County,Gordon County
13,NCNTY13131N13131,"Grady County, GA",607,623,713,972,1085,GA,25011,10760,Grady County,Grady County
13,NCNTY13133N13133,"Greene County, GA",613,629,720,969,1052,GA,15994,8688,Greene County,Greene County
13,NCNTY13137N13137,"Habersham County, GA",567,571,734,988,992,GA,43041,18146,Habersham County,Habersham County
13,NCNTY13141N13141,"Hancock County, GA",496,499,660,954,978,GA,9429,5360,Hancock County,Hancock County
13,NCNTY13147N13147,"Hart County, GA",547,551,729,913,985,GA,25213,13007,Hart County,Hart County
13,NCNTY13155N13155,"Irwin County, GA",523,526,660,827,1035,GA,9538,4033,Irwin County,Irwin County
13,NCNTY13157N13157,"Jackson County, GA",619,623,813,1052,1352,GA,60485,23752,Jackson County,Jackson County
13,NCNTY13161N13161,"Jeff Davis County, GA",523,526,660,827,999,GA,15068,6488,Jeff Davis County,Jeff Davis County
13,NCNTY13163N13163,"Jefferson County, GA",496,499,660,848,1053,GA,16930,7298,Jefferson County,Jefferson County
13,NCNTY13165N13165,"Jenkins County, GA",523,526,660,843,1035,GA,8340,4221,Jenkins County,Jenkins County
13,NCNTY13167N13167,"Johnson County, GA",562,576,660,889,892,GA,9980,4120,Johnson County,Johnson County
13,NCNTY13175N13175,"Laurens County, GA",536,539,660,873,1095,GA,48434,21368,Laurens County,Laurens County
13,NCNTY13187N13187,"Lumpkin County, GA",670,674,892,1237,1567,GA,29966,12925,Lumpkin County,Lumpkin County
13,NCNTY13193N13193,"Macon County, GA",496,499,660,827,892,GA,14740,6136,Macon County,Macon County
13,NCNTY13201N13201,"Miller County, GA",593,608,696,872,1091,GA,6125,2791,Miller County,Miller County
13,NCNTY13205N13205,"Mitchell County, GA",562,565,679,876,918,GA,23498,8996,Mitchell County,Mitchell County
13,NCNTY13209N13209,"Montgomery County, GA",562,576,660,943,1035,GA,9123,3921,Montgomery County,Montgomery County
13,NCNTY13229N13229,"Pierce County, GA",562,576,660,946,1035,GA,18758,7986,Pierce County,Pierce County
13,NCNTY13233N13233,"Polk County, GA",587,591,782,1041,1122,GA,41475,16908,Polk County,Polk County
13,NCNTY13237N13237,"Putnam County, GA",691,709,812,1017,1145,GA,21218,12804,Putnam County,Putnam County
13,NCNTY13239N13239,"Quitman County, GA",523,526,660,954,1035,GA,2513,2047,Quitman County,Quitman County
13,NCNTY13241N13241,"Rabun County, GA",575,578,765,1014,1153,GA,16276,12313,Rabun County,Rabun County
13,NCNTY13243N13243,"Randolph County, GA",565,569,752,942,1179,GA,7719,4153,Randolph County,Randolph County
13,NCNTY13249N13249,"Schley County, GA",496,499,660,954,1035,GA,5010,2208,Schley County,Schley County
13,NCNTY13251N13251,"Screven County, GA",496,499,660,881,1035,GA,14593,6739,Screven County,Screven County
13,NCNTY13253N13253,"Seminole County, GA",531,534,707,962,1202,GA,8729,4797,Seminole County,Seminole County
13,NCNTY13257N13257,"Stephens County, GA",499,502,664,960,1166,GA,26175,12662,Stephens County,Stephens County
13,NCNTY13259N13259,"Stewart County, GA",496,499,660,855,1035,GA,6058,2383,Stewart County,Stewart County
13,NCNTY13261N13261,"Sumter County, GA",566,570,754,945,1236,GA,32819,13909,Sumter County,Sumter County
13,NCNTY13263N13263,"Talbot County, GA",701,705,884,1165,1386,GA,6865,3399,Talbot County,Talbot County
13,NCNTY13265N13265,"Taliaferro County, GA",633,637,799,1001,1167,GA,1717,1015,Taliaferro County,Taliaferro County
13,NCNTY13267N13267,"Tattnall County, GA",562,576,660,952,1159,GA,25520,9966,Tattnall County,Tattnall County
13,NCNTY13269N13269,"Taylor County, GA",430,576,660,884,1046,GA,8906,4563,Taylor County,Taylor County
13,NCNTY13271N13271,"Telfair County, GA",500,503,666,834,1044,GA,16500,7297,Telfair County,Telfair County
13,NCNTY13275N13275,"Thomas County, GA",626,644,804,1047,1170,GA,44720,20177,Thomas County,Thomas County
13,NCNTY13277N13277,"Tift County, GA",552,555,703,881,1008,GA,40118,16434,Tift County,Tift County
13,NCNTY13279N13279,"Toombs County, GA",476,559,660,883,1159,GA,27223,12144,Toombs County,Toombs County
13,NCNTY13281N13281,"Towns County, GA",639,643,783,1062,1375,GA,10471,7731,Towns County,Towns County
13,NCNTY13283N13283,"Treutlen County, GA",496,499,660,954,1035,GA,6885,2992,Treutlen County,Treutlen County
13,NCNTY13285N13285,"Troup County, GA",658,662,845,1196,1225,GA,67044,28046,Troup County,Troup County
13,NCNTY13287N13287,"Turner County, GA",523,526,660,827,1159,GA,8930,3841,Turner County,Turner County
13,NCNTY13291N13291,"Union County, GA",572,576,722,905,1202,GA,21356,14052,Union County,Union County
13,NCNTY13293N13293,"Upson County, GA",489,629,761,994,1140,GA,27153,12161,Upson County,Upson County
13,NCNTY13299N13299,"Ware County, GA",425,506,661,956,1013,GA,36312,16326,Ware County,Ware County
13,NCNTY13301N13301,"Warren County, GA",505,508,672,943,1180,GA,5834,2985,Warren County,Warren County
13,NCNTY13303N13303,"Washington County, GA",562,576,660,925,929,GA,21187,9047,Washington County,Washington County
13,NCNTY13305N13305,"Wayne County, GA",496,499,660,915,1035,GA,30099,12199,Wayne County,Wayne County
13,NCNTY13307N13307,"Webster County, GA",535,538,675,846,1058,GA,2799,1523,Webster County,Webster County
13,NCNTY13309N13309,"Wheeler County, GA",523,526,660,954,1035,GA,7421,2625,Wheeler County,Wheeler County
13,NCNTY13311N13311,"White County, GA",617,621,778,1048,1052,GA,27144,16062,White County,White County
13,NCNTY13315N13315,"Wilcox County, GA",562,576,660,827,1035,GA,9255,3510,Wilcox County,Wilcox County
13,NCNTY13317N13317,"Wilkes County, GA",552,556,735,921,1152,GA,10593,5158,Wilkes County,Wilkes County
13,NCNTY13319N13319,"Wilkinson County, GA",526,530,664,864,1104,GA,9563,4487,Wilkinson County,Wilkinson County
15,NCNTY15001N15001,"Hawaii County, HI",995,1170,1548,1939,2133,HI,185079,82324,Hawaii County,Hawaii County
15,NCNTY15007N15007,"Kauai County, HI",1083,1332,1686,2251,2744,HI,67091,29793,Kauai County,Kauai County
16,NCNTY16003N16003,"Adams County, ID",501,529,700,956,1150,ID,3976,2636,Adams County,Adams County
16,NCNTY16007N16007,"Bear Lake County, ID",501,530,700,1012,1230,ID,5986,3914,Bear Lake County,Bear Lake County
16,NCNTY16009N16009,"Benewah County, ID",554,586,775,1038,1215,ID,9285,4629,Benewah County,Benewah County
16,NCNTY16011N16011,"Bingham County, ID",529,559,740,933,1233,ID,45607,16141,Bingham County,Bingham County
16,NCNTY16013N16013,"Blaine County, ID",679,799,1057,1340,1857,ID,21376,15050,Blaine County,Blaine County
16,NCNTY16017N16017,"Bonner County, ID",570,617,797,1066,1325,ID,40877,24669,Bonner County,Bonner County
16,NCNTY16021N16021,"Boundary County, ID",540,571,755,1092,1241,ID,10972,5175,Boundary County,Boundary County
16,NCNTY16025N16025,"Camas County, ID",501,531,700,1012,1150,ID,1117,831,Camas County,Camas County
16,NCNTY16029N16029,"Caribou County, ID",501,529,700,911,1142,ID,6963,3226,Caribou County,Caribou County
16,NCNTY16031N16031,"Cassia County, ID",505,553,706,1007,1172,ID,22952,8372,Cassia County,Cassia County
16,NCNTY16033N16033,"Clark County, ID",501,531,700,968,1150,ID,982,531,Clark County,Clark County
16,NCNTY16035N16035,"Clearwater County, ID",558,590,781,979,1056,ID,8761,4453,Clearwater County,Clearwater County
16,NCNTY16037N16037,"Custer County, ID",551,583,771,1115,1267,ID,4368,3103,Custer County,Custer County
16,NCNTY16039N16039,"Elmore County, ID",568,600,794,1098,1375,ID,27038,12162,Elmore County,Elmore County
16,NCNTY16043N16043,"Fremont County, ID",538,569,753,943,1104,ID,13242,8531,Fremont County,Fremont County
16,NCNTY16047N16047,"Gooding County, ID",511,542,714,1032,1252,ID,15464,6093,Gooding County,Gooding County
16,NCNTY16049N16049,"Idaho County, ID",501,552,700,943,1190,ID,16267,8744,Idaho County,Idaho County
16,NCNTY16053N16053,"Jerome County, ID",552,605,772,990,1203,ID,22374,8101,Jerome County,Jerome County
16,NCNTY16057N16057,"Latah County, ID",543,597,757,1095,1330,ID,37244,15988,Latah County,Latah County
16,NCNTY16059N16059,"Lemhi County, ID",566,609,791,1064,1300,ID,7936,4729,Lemhi County,Lemhi County
16,NCNTY16061N16061,"Lewis County, ID",501,579,700,1012,1094,ID,3821,1880,Lewis County,Lewis County
16,NCNTY16063N16063,"Lincoln County, ID",573,651,802,1129,1301,ID,5208,1976,Lincoln County,Lincoln County
16,NCNTY16065N16065,"Madison County, ID",633,649,743,1074,1305,ID,37536,11280,Madison County,Madison County
16,NCNTY16067N16067,"Minidoka County, ID",501,611,700,965,968,ID,20069,7665,Minidoka County,Minidoka County
16,NCNTY16071N16071,"Oneida County, ID",541,574,757,1025,1029,ID,4286,1906,Oneida County,Oneida County
16,NCNTY16075N16075,"Payette County, ID",559,591,782,1034,1278,ID,22623,8945,Payette County,Payette County
16,NCNTY16077N16077,"Power County, ID",591,624,826,1035,1117,ID,7817,2944,Power County,Power County
16,NCNTY16079N16079,"Shoshone County, ID",531,582,742,1013,1238,ID,12765,7061,Shoshone County,Shoshone County
16,NCNTY16081N16081,"Teton County, ID",703,705,914,1145,1466,ID,10170,5478,Teton County,Teton County
16,NCNTY16083N16083,"Twin Falls County, ID",514,594,786,1066,1319,ID,77230,31072,Twin Falls County,Twin Falls County
16,NCNTY16085N16085,"Valley County, ID",563,595,787,1138,1293,ID,9862,11789,Valley County,Valley County
16,NCNTY16087N16087,"Washington County, ID",511,541,715,1020,1098,ID,10198,4529,Washington County,Washington County
17,NCNTY17001N17001,"Adams County, IL",607,611,776,1077,1124,IL,67103,29842,Adams County,Adams County
17,NCNTY17009N17009,"Brown County, IL",502,560,741,928,1064,IL,6937,2462,Brown County,Brown County
17,NCNTY17011N17011,"Bureau County, IL",517,609,805,1009,1088,IL,34978,15720,Bureau County,Bureau County
17,NCNTY17015N17015,"Carroll County, IL",499,556,736,922,1162,IL,15387,8437,Carroll County,Carroll County
17,NCNTY17017N17017,"Cass County, IL",473,589,697,966,1001,IL,13642,5836,Cass County,Cass County
17,NCNTY17021N17021,"Christian County, IL",551,596,743,958,1008,IL,34800,15563,Christian County,Christian County
17,NCNTY17023N17023,"Clark County, IL",508,566,749,1002,1075,IL,16335,7772,Clark County,Clark County
17,NCNTY17025N17025,"Clay County, IL",473,609,697,873,1081,IL,13815,6404,Clay County,Clay County
17,NCNTY17029N17029,"Coles County, IL",540,629,786,1083,1147,IL,53873,23425,Coles County,Coles County
17,NCNTY17033N17033,"Crawford County, IL",476,597,702,880,949,IL,19817,8661,Crawford County,Crawford County
17,NCNTY17035N17035,"Cumberland County, IL",448,538,697,873,1155,IL,11048,4874,Cumberland County,Cumberland County
17,NCNTY17041N17041,"Douglas County, IL",477,532,704,976,1044,IL,19980,8390,Douglas County,Douglas County
17,NCNTY17045N17045,"Edgar County, IL",479,534,706,928,1034,IL,18576,8803,Edgar County,Edgar County
17,NCNTY17047N17047,"Edwards County, IL",473,609,697,991,1133,IL,6721,3187,Edwards County,Edwards County
17,NCNTY17049N17049,"Effingham County, IL",550,553,717,1037,1161,IL,34242,14570,Effingham County,Effingham County
17,NCNTY17051N17051,"Fayette County, IL",500,540,714,895,965,IL,22140,9302,Fayette County,Fayette County
17,NCNTY17055N17055,"Franklin County, IL",600,604,768,993,1038,IL,39561,18525,Franklin County,Franklin County
17,NCNTY17057N17057,"Fulton County, IL",537,632,792,1051,1320,IL,37069,16195,Fulton County,Fulton County
17,NCNTY17059N17059,"Gallatin County, IL",473,609,697,997,1001,IL,5589,2746,Gallatin County,Gallatin County
17,NCNTY17061N17061,"Greene County, IL",475,585,701,897,966,IL,13886,6389,Greene County,Greene County
17,NCNTY17065N17065,"Hamilton County, IL",486,550,716,897,1028,IL,8457,4104,Hamilton County,Hamilton County
17,NCNTY17067N17067,"Hancock County, IL",451,555,697,927,1043,IL,19104,9274,Hancock County,Hancock County
17,NCNTY17069N17069,"Hardin County, IL",473,557,697,873,1001,IL,4320,2488,Hardin County,Hardin County
17,NCNTY17071N17071,"Henderson County, IL",476,570,741,928,1030,IL,7331,3827,Henderson County,Henderson County
17,NCNTY17075N17075,"Iroquois County, IL",543,566,701,922,1155,IL,29718,13452,Iroquois County,Iroquois County
17,NCNTY17079N17079,"Jasper County, IL",473,598,697,999,1001,IL,9698,4345,Jasper County,Jasper County
17,NCNTY17081N17081,"Jefferson County, IL",497,578,751,941,1034,IL,38827,16954,Jefferson County,Jefferson County
17,NCNTY17085N17085,"Jo Daviess County, IL",491,609,697,973,1069,IL,22678,13574,Jo Daviess County,Jo Daviess County
17,NCNTY17087N17087,"Johnson County, IL",498,556,735,929,1055,IL,12582,5598,Johnson County,Johnson County
17,NCNTY17095N17095,"Knox County, IL",464,547,723,946,977,IL,52919,24077,Knox County,Knox County
17,NCNTY17099N17099,"La Salle County, IL",540,636,841,1156,1263,IL,113924,49978,La Salle County,La Salle County
17,NCNTY17101N17101,"Lawrence County, IL",547,547,724,907,979,IL,16833,6936,Lawrence County,Lawrence County
17,NCNTY17103N17103,"Lee County, IL",533,627,829,1039,1176,IL,36031,15049,Lee County,Lee County
17,NCNTY17105N17105,"Livingston County, IL",488,574,759,1015,1116,IL,38950,15895,Livingston County,Livingston County
17,NCNTY17107N17107,"Logan County, IL",506,564,746,995,1083,IL,30305,12107,Logan County,Logan County
17,NCNTY17109N17109,"McDonough County, IL",533,625,786,985,1168,IL,32612,14419,McDonough County,McDonough County
17,NCNTY17121N17121,"Marion County, IL",472,539,713,947,1002,IL,39437,18296,Marion County,Marion County
17,NCNTY17125N17125,"Mason County, IL",552,615,814,1020,1100,IL,14666,7077,Mason County,Mason County
17,NCNTY17127N17127,"Massac County, IL",564,656,832,1042,1135,IL,15429,7113,Massac County,Massac County
17,NCNTY17135N17135,"Montgomery County, IL",523,557,697,873,978,IL,30104,13080,Montgomery County,Montgomery County
17,NCNTY17137N17137,"Morgan County, IL",493,581,768,1026,1038,IL,35547,15515,Morgan County,Morgan County
17,NCNTY17139N17139,"Moultrie County, IL",529,601,704,951,1074,IL,14846,6260,Moultrie County,Moultrie County
17,NCNTY17141N17141,"Ogle County, IL",522,615,813,1072,1205,IL,53497,22561,Ogle County,Ogle County
17,NCNTY17145N17145,"Perry County, IL",473,609,697,931,1009,IL,22350,9426,Perry County,Perry County
17,NCNTY17149N17149,"Pike County, IL",473,527,697,873,942,IL,16430,7951,Pike County,Pike County
17,NCNTY17151N17151,"Pope County, IL",473,527,697,906,1001,IL,4470,2491,Pope County,Pope County
17,NCNTY17153N17153,"Pulaski County, IL",593,609,697,1008,1224,IL,6161,3155,Pulaski County,Pulaski County
17,NCNTY17155N17155,"Putnam County, IL",543,598,791,1019,1291,IL,6006,3074,Putnam County,Putnam County
17,NCNTY17157N17157,"Randolph County, IL",506,607,730,950,1143,IL,33476,13707,Randolph County,Randolph County
17,NCNTY17159N17159,"Richland County, IL",523,527,697,873,1002,IL,16233,7513,Richland County,Richland County
17,NCNTY17165N17165,"Saline County, IL",463,545,721,982,986,IL,24913,11697,Saline County,Saline County
17,NCNTY17169N17169,"Schuyler County, IL",484,540,714,895,1076,IL,7544,3459,Schuyler County,Schuyler County
17,NCNTY17171N17171,"Scott County, IL",479,534,707,886,956,IL,5355,2459,Scott County,Scott County
17,NCNTY17173N17173,"Shelby County, IL",473,558,697,1008,1149,IL,22363,10396,Shelby County,Shelby County
17,NCNTY17177N17177,"Stephenson County, IL",463,528,698,895,1107,IL,47711,22081,Stephenson County,Stephenson County
17,NCNTY17181N17181,"Union County, IL",448,527,697,980,1224,IL,17808,7924,Union County,Union County
17,NCNTY17185N17185,"Wabash County, IL",514,573,758,1021,1025,IL,11947,5585,Wabash County,Wabash County
17,NCNTY17187N17187,"Warren County, IL",527,585,774,971,1046,IL,17707,7682,Warren County,Warren County
17,NCNTY17189N17189,"Washington County, IL",591,595,787,986,1064,IL,14716,6534,Washington County,Washington County
17,NCNTY17191N17191,"Wayne County, IL",473,527,697,873,944,IL,16760,7975,Wayne County,Wayne County
17,NCNTY17193N17193,"White County, IL",448,529,697,901,1033,IL,14665,7181,White County,White County
17,NCNTY17195N17195,"Whiteside County, IL",539,619,783,981,1082,IL,58498,25770,Whiteside County,Whiteside County
18,NCNTY18001N18001,"Adams County, IN",479,582,688,995,1208,IN,34387,13014,Adams County,Adams County
18,NCNTY18009N18009,"Blackford County, IN",479,529,688,922,1029,IN,12766,6051,Blackford County,Blackford County
18,NCNTY18017N18017,"Cass County, IN",442,520,688,862,992,IN,38966,16474,Cass County,Cass County
18,NCNTY18023N18023,"Clinton County, IN",476,576,741,991,1002,IN,33224,13321,Clinton County,Clinton County
18,NCNTY18025N18025,"Crawford County, IN",479,520,688,918,988,IN,10713,5520,Crawford County,Crawford County
18,NCNTY18027N18027,"Daviess County, IN",501,544,720,955,973,IN,31648,12471,Daviess County,Daviess County
18,NCNTY18031N18031,"Decatur County, IN",576,632,828,1072,1119,IN,25740,11209,Decatur County,Decatur County
18,NCNTY18033N18033,"DeKalb County, IN",515,585,740,987,1000,IN,42223,17558,DeKalb County,DeKalb County
18,NCNTY18037N18037,"Dubois County, IN",533,535,695,948,1221,IN,41889,17384,Dubois County,Dubois County
18,NCNTY18041N18041,"Fayette County, IN",501,560,720,902,1063,IN,24277,10898,Fayette County,Fayette County
18,NCNTY18045N18045,"Fountain County, IN",538,584,773,968,1045,IN,17240,7865,Fountain County,Fountain County
18,NCNTY18047N18047,"Franklin County, IN",489,575,761,953,1093,IN,23087,9538,Franklin County,Franklin County
18,NCNTY18049N18049,"Fulton County, IN",488,613,702,880,949,IN,20836,9708,Fulton County,Fulton County
18,NCNTY18051N18051,"Gibson County, IN",604,613,710,910,960,IN,33503,14645,Gibson County,Gibson County
18,NCNTY18053N18053,"Grant County, IN",513,573,706,953,1021,IN,70061,30443,Grant County,Grant County
18,NCNTY18055N18055,"Greene County, IN",473,567,688,862,1208,IN,33165,15211,Greene County,Greene County
18,NCNTY18065N18065,"Henry County, IN",500,578,719,967,1002,IN,49462,21288,Henry County,Henry County
18,NCNTY18069N18069,"Huntington County, IN",514,588,727,1000,1021,IN,37124,15805,Huntington County,Huntington County
18,NCNTY18071N18071,"Jackson County, IN",562,655,808,1110,1292,IN,42376,18202,Jackson County,Jackson County
18,NCNTY18075N18075,"Jay County, IN",479,520,688,906,930,IN,21253,9221,Jay County,Jay County
18,NCNTY18077N18077,"Jefferson County, IN",588,591,765,1040,1074,IN,32428,14311,Jefferson County,Jefferson County
18,NCNTY18079N18079,"Jennings County, IN",545,592,783,1032,1058,IN,28525,12069,Jennings County,Jennings County
18,NCNTY18083N18083,"Knox County, IN",576,580,767,1033,1037,IN,38440,17038,Knox County,Knox County
18,NCNTY18085N18085,"Kosciusko County, IN",558,644,779,1031,1068,IN,77358,37038,Kosciusko County,Kosciusko County
18,NCNTY18087N18087,"LaGrange County, IN",484,566,696,967,1222,IN,37128,14094,LaGrange County,LaGrange County
18,NCNTY18093N18093,"Lawrence County, IN",496,565,747,936,1311,IN,46134,21074,Lawrence County,Lawrence County
18,NCNTY18099N18099,"Marshall County, IN",505,573,726,964,1073,IN,47051,19845,Marshall County,Marshall County
18,NCNTY18101N18101,"Martin County, IN",479,556,688,969,1208,IN,10334,4786,Martin County,Martin County
18,NCNTY18103N18103,"Miami County, IN",479,601,688,957,1208,IN,36903,15479,Miami County,Miami County
18,NCNTY18107N18107,"Montgomery County, IN",540,575,760,978,1027,IN,38124,16535,Montgomery County,Montgomery County
18,NCNTY18113N18113,"Noble County, IN",498,598,716,950,1158,IN,47536,20109,Noble County,Noble County
18,NCNTY18117N18117,"Orange County, IN",479,537,688,932,1140,IN,19840,9176,Orange County,Orange County
18,NCNTY18121N18121,"Parke County, IN",522,568,751,941,1108,IN,17339,8085,Parke County,Parke County
18,NCNTY18123N18123,"Perry County, IN",481,522,691,919,934,IN,19338,8495,Perry County,Perry County
18,NCNTY18125N18125,"Pike County, IN",448,528,698,875,1121,IN,12845,5735,Pike County,Pike County
18,NCNTY18131N18131,"Pulaski County, IN",486,560,698,920,1003,IN,13402,6060,Pulaski County,Pulaski County
18,NCNTY18135N18135,"Randolph County, IN",479,555,688,920,1125,IN,26171,11743,Randolph County,Randolph County
18,NCNTY18137N18137,"Ripley County, IN",469,583,728,944,1033,IN,28818,11952,Ripley County,Ripley County
18,NCNTY18139N18139,"Rush County, IN",498,544,716,897,1023,IN,17392,7508,Rush County,Rush County
18,NCNTY18147N18147,"Spencer County, IN",442,520,688,926,981,IN,20952,8872,Spencer County,Spencer County
18,NCNTY18149N18149,"Starke County, IN",509,553,731,953,1047,IN,23363,10962,Starke County,Starke County
18,NCNTY18151N18151,"Steuben County, IN",539,585,774,991,1100,IN,34185,19377,Steuben County,Steuben County
18,NCNTY18155N18155,"Switzerland County, IN",531,577,763,1028,1031,IN,10613,4969,Switzerland County,Switzerland County
18,NCNTY18159N18159,"Tipton County, IN",573,664,823,1031,1112,IN,15936,6998,Tipton County,Tipton County
18,NCNTY18169N18169,"Wabash County, IN",533,562,731,916,988,IN,32888,14171,Wabash County,Wabash County
18,NCNTY18171N18171,"Warren County, IN",526,572,756,1018,1022,IN,8508,3680,Warren County,Warren County
18,NCNTY18177N18177,"Wayne County, IN",482,546,717,928,969,IN,68917,31242,Wayne County,Wayne County
18,NCNTY18181N18181,"White County, IN",513,568,738,1034,1053,IN,24643,12970,White County,White County
19,NCNTY19001N19001,"Adair County, IA",481,502,664,877,947,IA,7682,3698,Adair County,Adair County
19,NCNTY19003N19003,"Adams County, IA",481,517,664,960,1163,IA,4029,2010,Adams County,Adams County
19,NCNTY19005N19005,"Allamakee County, IA",481,506,664,865,977,IA,14330,7617,Allamakee County,Allamakee County
19,NCNTY19007N19007,"Appanoose County, IA",494,516,682,862,936,IA,12887,6633,Appanoose County,Appanoose County
19,NCNTY19009N19009,"Audubon County, IA",481,502,664,863,898,IA,6119,2972,Audubon County,Audubon County
19,NCNTY19015N19015,"Boone County, IA",574,666,793,1082,1086,IA,26306,11756,Boone County,Boone County
19,NCNTY19019N19019,"Buchanan County, IA",525,540,714,962,965,IA,20958,8968,Buchanan County,Buchanan County
19,NCNTY19021N19021,"Buena Vista County, IA",459,527,687,946,1055,IA,20260,8237,Buena Vista County,Buena Vista County
19,NCNTY19023N19023,"Butler County, IA",488,510,674,861,911,IA,14867,6682,Butler County,Butler County
19,NCNTY19025N19025,"Calhoun County, IA",481,580,664,845,922,IA,9670,5108,Calhoun County,Calhoun County
19,NCNTY19027N19027,"Carroll County, IA",499,502,664,865,898,IA,20816,9376,Carroll County,Carroll County
19,NCNTY19029N19029,"Cass County, IA",481,580,664,862,904,IA,13956,6591,Cass County,Cass County
19,NCNTY19031N19031,"Cedar County, IA",564,589,779,1023,1056,IA,18499,8064,Cedar County,Cedar County
19,NCNTY19033N19033,"Cerro Gordo County, IA",503,592,783,1010,1224,IA,44151,22163,Cerro Gordo County,Cerro Gordo County
19,NCNTY19035N19035,"Cherokee County, IA",481,541,664,960,962,IA,12072,5777,Cherokee County,Cherokee County
19,NCNTY19037N19037,"Chickasaw County, IA",481,566,664,960,977,IA,12439,5679,Chickasaw County,Chickasaw County
19,NCNTY19039N19039,"Clarke County, IA",569,594,786,1006,1062,IA,9286,4086,Clarke County,Clarke County
19,NCNTY19041N19041,"Clay County, IA",496,518,685,982,1201,IA,16667,8062,Clay County,Clay County
19,NCNTY19043N19043,"Clayton County, IA",486,526,696,873,941,IA,18129,8999,Clayton County,Clayton County
19,NCNTY19045N19045,"Clinton County, IA",567,614,798,1049,1195,IA,49116,21733,Clinton County,Clinton County
19,NCNTY19047N19047,"Crawford County, IA",495,516,683,856,923,IA,17096,6943,Crawford County,Crawford County
19,NCNTY19051N19051,"Davis County, IA",516,538,712,942,977,IA,8753,3600,Davis County,Davis County
19,NCNTY19053N19053,"Decatur County, IA",499,503,664,844,1061,IA,8457,3834,Decatur County,Decatur County
19,NCNTY19055N19055,"Delaware County, IA",481,502,664,960,1166,IA,17764,8028,Delaware County,Delaware County
19,NCNTY19057N19057,"Des Moines County, IA",515,606,802,1029,1263,IA,40325,18535,Des Moines County,Des Moines County
19,NCNTY19059N19059,"Dickinson County, IA",565,590,780,986,1113,IA,16667,12849,Dickinson County,Dickinson County
19,NCNTY19063N19063,"Emmet County, IA",481,509,664,944,947,IA,10302,4758,Emmet County,Emmet County
19,NCNTY19065N19065,"Fayette County, IA",496,518,685,858,926,IA,20880,9558,Fayette County,Fayette County
19,NCNTY19067N19067,"Floyd County, IA",481,534,664,901,904,IA,16303,7526,Floyd County,Floyd County
19,NCNTY19069N19069,"Franklin County, IA",481,502,664,894,898,IA,10680,4894,Franklin County,Franklin County
19,NCNTY19071N19071,"Fremont County, IA",485,507,670,847,941,IA,7441,3431,Fremont County,Fremont County
19,NCNTY19073N19073,"Greene County, IA",501,523,692,908,991,IA,9336,4546,Greene County,Greene County
19,NCNTY19079N19079,"Hamilton County, IA",532,576,734,927,1185,IA,15673,7219,Hamilton County,Hamilton County
19,NCNTY19081N19081,"Hancock County, IA",481,517,664,832,1064,IA,11341,5330,Hancock County,Hancock County
19,NCNTY19083N19083,"Hardin County, IA",481,502,664,958,1061,IA,17534,8224,Hardin County,Hardin County
19,NCNTY19087N19087,"Henry County, IA",592,596,713,960,964,IA,20145,8280,Henry County,Henry County
19,NCNTY19089N19089,"Howard County, IA",481,580,664,959,983,IA,9566,4367,Howard County,Howard County
19,NCNTY19091N19091,"Humboldt County, IA",497,519,686,902,999,IA,9815,4684,Humboldt County,Humboldt County
19,NCNTY19093N19093,"Ida County, IA",481,545,664,943,1147,IA,7089,3426,Ida County,Ida County
19,NCNTY19095N19095,"Iowa County, IA",481,534,664,960,1166,IA,16355,7258,Iowa County,Iowa County
19,NCNTY19097N19097,"Jackson County, IA",502,573,693,952,1049,IA,19848,9415,Jackson County,Jackson County
19,NCNTY19099N19099,"Jasper County, IA",520,569,752,1027,1177,IA,36842,16181,Jasper County,Jasper County
19,NCNTY19101N19101,"Jefferson County, IA",502,590,781,979,1372,IA,16843,7594,Jefferson County,Jefferson County
19,NCNTY19107N19107,"Keokuk County, IA",481,514,664,913,988,IA,10511,4931,Keokuk County,Keokuk County
19,NCNTY19109N19109,"Kossuth County, IA",501,523,692,932,935,IA,15543,7486,Kossuth County,Kossuth County
19,NCNTY19111N19111,"Lee County, IA",462,576,719,953,1091,IA,35862,16205,Lee County,Lee County
19,NCNTY19115N19115,"Louisa County, IA",498,553,732,917,989,IA,11387,5002,Louisa County,Louisa County
19,NCNTY19117N19117,"Lucas County, IA",597,623,824,1032,1114,IA,8898,4238,Lucas County,Lucas County
19,NCNTY19119N19119,"Lyon County, IA",484,505,668,868,919,IA,11581,4848,Lyon County,Lyon County
19,NCNTY19123N19123,"Mahaska County, IA",542,565,748,937,1011,IA,22381,9766,Mahaska County,Mahaska County
19,NCNTY19125N19125,"Marion County, IA",588,592,783,988,1099,IA,33309,13914,Marion County,Marion County
19,NCNTY19127N19127,"Marshall County, IA",502,610,782,1016,1057,IA,40648,16831,Marshall County,Marshall County
19,NCNTY19131N19131,"Mitchell County, IA",507,529,700,877,946,IA,10776,4850,Mitchell County,Mitchell County
19,NCNTY19133N19133,"Monona County, IA",499,502,664,912,1016,IA,9243,4697,Monona County,Monona County
19,NCNTY19135N19135,"Monroe County, IA",519,542,717,898,984,IA,7970,3884,Monroe County,Monroe County
19,NCNTY19137N19137,"Montgomery County, IA",496,518,685,923,926,IA,10740,5239,Montgomery County,Montgomery County
19,NCNTY19139N19139,"Muscatine County, IA",593,698,923,1179,1397,IA,42745,17910,Muscatine County,Muscatine County
19,NCNTY19141N19141,"O'Brien County, IA",481,502,664,928,931,IA,14398,6649,O'Brien County,O'Brien County
19,NCNTY19143N19143,"Osceola County, IA",481,502,664,863,911,IA,6462,2990,Osceola County,Osceola County
19,NCNTY19145N19145,"Page County, IA",490,518,676,901,1124,IA,15932,7181,Page County,Page County
19,NCNTY19147N19147,"Palo Alto County, IA",481,502,664,895,1046,IA,9421,4628,Palo Alto County,Palo Alto County
19,NCNTY19151N19151,"Pocahontas County, IA",481,526,664,888,898,IA,7310,3794,Pocahontas County,Pocahontas County
19,NCNTY19157N19157,"Poweshiek County, IA",549,582,758,954,1151,IA,18914,8949,Poweshiek County,Poweshiek County
19,NCNTY19159N19159,"Ringgold County, IA",481,538,664,908,911,IA,5131,2613,Ringgold County,Ringgold County
19,NCNTY19161N19161,"Sac County, IA",481,524,664,940,985,IA,10350,5429,Sac County,Sac County
19,NCNTY19165N19165,"Shelby County, IA",522,545,721,987,1013,IA,12167,5542,Shelby County,Shelby County
19,NCNTY19167N19167,"Sioux County, IA",517,540,714,983,1013,IA,33704,12279,Sioux County,Sioux County
19,NCNTY19171N19171,"Tama County, IA",521,559,740,927,1000,IA,17767,7766,Tama County,Tama County
19,NCNTY19173N19173,"Taylor County, IA",439,503,665,833,899,IA,6317,3107,Taylor County,Taylor County
19,NCNTY19175N19175,"Union County, IA",481,523,664,960,1037,IA,12534,5937,Union County,Union County
19,NCNTY19177N19177,"Van Buren County, IA",481,566,664,908,911,IA,7570,3670,Van Buren County,Van Buren County
19,NCNTY19179N19179,"Wapello County, IA",491,578,765,975,1063,IA,35625,16098,Wapello County,Wapello County
19,NCNTY19185N19185,"Wayne County, IA",481,502,664,885,898,IA,6403,3212,Wayne County,Wayne County
19,NCNTY19187N19187,"Webster County, IA",540,543,695,956,960,IA,38013,17035,Webster County,Webster County
19,NCNTY19189N19189,"Winnebago County, IA",481,510,664,960,971,IA,10866,5194,Winnebago County,Winnebago County
19,NCNTY19191N19191,"Winneshiek County, IA",501,523,692,947,1014,IA,21056,8721,Winneshiek County,Winneshiek County
19,NCNTY19195N19195,"Worth County, IA",481,542,664,919,1024,IA,7598,3548,Worth County,Worth County
19,NCNTY19197N19197,"Wright County, IA",438,515,681,864,933,IA,13229,6529,Wright County,Wright County
20,NCNTY20001N20001,"Allen County, KS",509,513,678,849,1098,KS,13371,6226,Allen County,Allen County
20,NCNTY20003N20003,"Anderson County, KS",490,587,672,940,1101,KS,8102,3720,Anderson County,Anderson County
20,NCNTY20005N20005,"Atchison County, KS",536,556,736,922,1233,KS,16924,6990,Atchison County,Atchison County
20,NCNTY20007N20007,"Barber County, KS",535,556,735,921,994,KS,4861,2765,Barber County,Barber County
20,NCNTY20009N20009,"Barton County, KS",503,522,691,866,1029,KS,27674,12696,Barton County,Barton County
20,NCNTY20011N20011,"Bourbon County, KS",476,527,697,916,942,KS,15173,7167,Bourbon County,Bourbon County
20,NCNTY20013N20013,"Brown County, KS",490,508,672,842,983,KS,9984,4779,Brown County,Brown County
20,NCNTY20017N20017,"Chase County, KS",490,517,672,902,979,KS,2790,1503,Chase County,Chase County
20,NCNTY20019N20019,"Chautauqua County, KS",555,576,762,955,1110,KS,3669,2150,Chautauqua County,Chautauqua County
20,NCNTY20021N20021,"Cherokee County, KS",519,561,712,954,1037,KS,21603,9890,Cherokee County,Cherokee County
20,NCNTY20023N20023,"Cheyenne County, KS",535,641,734,1061,1069,KS,2726,1518,Cheyenne County,Cheyenne County
20,NCNTY20025N20025,"Clark County, KS",582,604,799,1045,1080,KS,2215,1135,Clark County,Clark County
20,NCNTY20027N20027,"Clay County, KS",651,676,894,1181,1473,KS,8535,4042,Clay County,Clay County
20,NCNTY20029N20029,"Cloud County, KS",492,511,676,859,979,KS,9533,4659,Cloud County,Cloud County
20,NCNTY20031N20031,"Coffey County, KS",490,513,672,898,1068,KS,8601,3964,Coffey County,Coffey County
20,NCNTY20033N20033,"Comanche County, KS",490,508,672,842,979,KS,1891,1044,Comanche County,Comanche County
20,NCNTY20035N20035,"Cowley County, KS",522,542,717,936,969,KS,36311,16030,Cowley County,Cowley County
20,NCNTY20037N20037,"Crawford County, KS",565,569,752,1059,1135,KS,39134,17801,Crawford County,Crawford County
20,NCNTY20039N20039,"Decatur County, KS",490,508,672,925,979,KS,2961,1818,Decatur County,Decatur County
20,NCNTY20041N20041,"Dickinson County, KS",449,528,699,941,945,KS,19754,8972,Dickinson County,Dickinson County
20,NCNTY20047N20047,"Edwards County, KS",490,508,672,842,979,KS,3037,1636,Edwards County,Edwards County
20,NCNTY20049N20049,"Elk County, KS",490,508,672,842,1153,KS,2882,1760,Elk County,Elk County
20,NCNTY20051N20051,"Ellis County, KS",528,551,725,954,1254,KS,28452,12872,Ellis County,Ellis County
20,NCNTY20053N20053,"Ellsworth County, KS",495,513,679,851,918,KS,6497,3239,Ellsworth County,Ellsworth County
20,NCNTY20055N20055,"Finney County, KS",578,609,793,994,1164,KS,36776,13276,Finney County,Finney County
20,NCNTY20057N20057,"Ford County, KS",566,587,777,1075,1125,KS,33848,12005,Ford County,Ford County
20,NCNTY20059N20059,"Franklin County, KS",563,631,835,1046,1220,KS,25992,11147,Franklin County,Franklin County
20,NCNTY20061N20061,"Geary County, KS",773,778,1029,1462,1807,KS,34362,14517,Geary County,Geary County
20,NCNTY20063N20063,"Gove County, KS",490,508,672,842,908,KS,2695,1373,Gove County,Gove County
20,NCNTY20065N20065,"Graham County, KS",490,587,672,886,979,KS,2597,1484,Graham County,Graham County
20,NCNTY20067N20067,"Grant County, KS",490,508,672,842,979,KS,7829,2945,Grant County,Grant County
20,NCNTY20069N20069,"Gray County, KS",527,547,724,907,1015,KS,6006,2340,Gray County,Gray County
20,NCNTY20071N20071,"Greeley County, KS",535,555,734,960,1069,KS,1247,629,Greeley County,Greeley County
20,NCNTY20073N20073,"Greenwood County, KS",490,564,672,842,1039,KS,6689,4068,Greenwood County,Greenwood County
20,NCNTY20075N20075,"Hamilton County, KS",512,531,703,881,950,KS,2690,1236,Hamilton County,Hamilton County
20,NCNTY20077N20077,"Harper County, KS",514,534,706,885,1083,KS,6034,3116,Harper County,Harper County
20,NCNTY20081N20081,"Haskell County, KS",643,668,883,1106,1286,KS,4256,1666,Haskell County,Haskell County
20,NCNTY20083N20083,"Hodgeman County, KS",497,545,682,918,922,KS,1916,973,Hodgeman County,Hodgeman County
20,NCNTY20089N20089,"Jewell County, KS",490,553,672,842,908,KS,3077,2032,Jewell County,Jewell County
20,NCNTY20093N20093,"Kearny County, KS",490,508,672,860,979,KS,3977,1556,Kearny County,Kearny County
20,NCNTY20097N20097,"Kiowa County, KS",432,587,672,970,1180,KS,2553,1220,Kiowa County,Kiowa County
20,NCNTY20099N20099,"Labette County, KS",455,536,709,920,1101,KS,21607,10092,Labette County,Labette County
20,NCNTY20101N20101,"Lane County, KS",535,555,734,966,1069,KS,1750,990,Lane County,Lane County
20,NCNTY20105N20105,"Lincoln County, KS",490,577,672,879,979,KS,3241,1864,Lincoln County,Lincoln County
20,NCNTY20109N20109,"Logan County, KS",490,508,672,972,1057,KS,2756,1441,Logan County,Logan County
20,NCNTY20111N20111,"Lyon County, KS",440,508,672,969,987,KS,33690,15237,Lyon County,Lyon County
20,NCNTY20113N20113,"McPherson County, KS",573,594,786,995,1123,KS,29180,12721,McPherson County,McPherson County
20,NCNTY20115N20115,"Marion County, KS",490,508,672,842,908,KS,12660,5946,Marion County,Marion County
20,NCNTY20117N20117,"Marshall County, KS",490,508,672,859,953,KS,10117,4866,Marshall County,Marshall County
20,NCNTY20119N20119,"Meade County, KS",490,513,672,905,908,KS,4575,1998,Meade County,Meade County
20,NCNTY20123N20123,"Mitchell County, KS",492,511,676,847,985,KS,6373,3296,Mitchell County,Mitchell County
20,NCNTY20125N20125,"Montgomery County, KS",501,525,694,915,1011,KS,35471,16578,Montgomery County,Montgomery County
20,NCNTY20127N20127,"Morris County, KS",490,541,672,923,926,KS,5923,3206,Morris County,Morris County
20,NCNTY20129N20129,"Morton County, KS",490,508,672,860,908,KS,3233,1467,Morton County,Morton County
20,NCNTY20131N20131,"Nemaha County, KS",490,555,672,930,1174,KS,10178,4562,Nemaha County,Nemaha County
20,NCNTY20133N20133,"Neosho County, KS",490,582,672,900,908,KS,16512,7513,Neosho County,Neosho County
20,NCNTY20135N20135,"Ness County, KS",490,587,672,924,927,KS,3107,1740,Ness County,Ness County
20,NCNTY20137N20137,"Norton County, KS",490,508,672,955,979,KS,5671,2542,Norton County,Norton County
20,NCNTY20141N20141,"Osborne County, KS",490,587,672,905,908,KS,3858,2206,Osborne County,Osborne County
20,NCNTY20143N20143,"Ottawa County, KS",519,538,712,950,971,KS,6091,2779,Ottawa County,Ottawa County
20,NCNTY20145N20145,"Pawnee County, KS",490,508,672,879,979,KS,6973,3152,Pawnee County,Pawnee County
20,NCNTY20147N20147,"Phillips County, KS",490,587,672,922,979,KS,5642,3049,Phillips County,Phillips County
20,NCNTY20151N20151,"Pratt County, KS",556,599,763,956,1301,KS,9656,4514,Pratt County,Pratt County
20,NCNTY20153N20153,"Rawlins County, KS",490,508,672,842,979,KS,2519,1458,Rawlins County,Rawlins County
20,NCNTY20155N20155,"Reno County, KS",496,584,772,967,1101,KS,64511,28274,Reno County,Reno County
20,NCNTY20157N20157,"Republic County, KS",490,554,672,951,955,KS,4980,2877,Republic County,Republic County
20,NCNTY20159N20159,"Rice County, KS",490,517,672,896,1084,KS,10083,4548,Rice County,Rice County
20,NCNTY20163N20163,"Rooks County, KS",490,527,672,842,908,KS,5181,2768,Rooks County,Rooks County
20,NCNTY20165N20165,"Rush County, KS",490,565,672,935,938,KS,3307,1869,Rush County,Rush County
20,NCNTY20167N20167,"Russell County, KS",513,532,704,969,1026,KS,6970,3910,Russell County,Russell County
20,NCNTY20169N20169,"Saline County, KS",552,611,800,1046,1120,KS,55606,24101,Saline County,Saline County
20,NCNTY20171N20171,"Scott County, KS",624,647,856,1072,1409,KS,4936,2193,Scott County,Scott County
20,NCNTY20175N20175,"Seward County, KS",486,655,756,1004,1114,KS,22952,8061,Seward County,Seward County
20,NCNTY20179N20179,"Sheridan County, KS",490,508,672,873,979,KS,2556,1265,Sheridan County,Sheridan County
20,NCNTY20181N20181,"Sherman County, KS",552,572,757,948,1023,KS,6010,3148,Sherman County,Sherman County
20,NCNTY20183N20183,"Smith County, KS",490,567,672,903,979,KS,3853,2232,Smith County,Smith County
20,NCNTY20185N20185,"Stafford County, KS",495,514,680,852,919,KS,4437,2319,Stafford County,Stafford County
20,NCNTY20187N20187,"Stanton County, KS",490,508,672,842,979,KS,2235,990,Stanton County,Stanton County
20,NCNTY20189N20189,"Stevens County, KS",543,564,746,935,1158,KS,5724,2306,Stevens County,Stevens County
20,NCNTY20193N20193,"Thomas County, KS",490,547,672,972,1007,KS,7900,3536,Thomas County,Thomas County
20,NCNTY20195N20195,"Trego County, KS",496,595,681,853,921,KS,3001,1682,Trego County,Trego County
20,NCNTY20199N20199,"Wallace County, KS",490,564,672,940,979,KS,1485,781,Wallace County,Wallace County
20,NCNTY20201N20201,"Washington County, KS",490,508,672,842,908,KS,5799,2955,Washington County,Washington County
20,NCNTY20203N20203,"Wichita County, KS",490,508,672,972,979,KS,2234,1054,Wichita County,Wichita County
20,NCNTY20205N20205,"Wilson County, KS",490,510,672,932,1107,KS,9409,4682,Wilson County,Wilson County
20,NCNTY20207N20207,"Woodson County, KS",498,516,683,856,995,KS,3309,2022,Woodson County,Woodson County
21,NCNTY21001N21001,"Adair County, KY",451,467,618,811,935,KY,18656,8568,Adair County,Adair County
21,NCNTY21005N21005,"Anderson County, KY",540,659,754,1015,1019,KY,21421,9127,Anderson County,Anderson County
21,NCNTY21007N21007,"Ballard County, KY",501,529,700,877,946,KY,8249,3885,Ballard County,Ballard County
21,NCNTY21009N21009,"Barren County, KY",426,543,663,872,902,KY,42173,19188,Barren County,Barren County
21,NCNTY21011N21011,"Bath County, KY",478,504,667,836,940,KY,11591,5405,Bath County,Bath County
21,NCNTY21013N21013,"Bell County, KY",473,511,618,832,835,KY,28691,13154,Bell County,Bell County
21,NCNTY21021N21021,"Boyle County, KY",522,574,729,994,1154,KY,28432,12312,Boyle County,Boyle County
21,NCNTY21025N21025,"Breathitt County, KY",443,467,618,840,843,KY,13878,6231,Breathitt County,Breathitt County
21,NCNTY21027N21027,"Breckinridge County, KY",464,467,618,774,1010,KY,20059,10630,Breckinridge County,Breckinridge County
21,NCNTY21033N21033,"Caldwell County, KY",443,536,618,807,843,KY,12984,6292,Caldwell County,Caldwell County
21,NCNTY21035N21035,"Calloway County, KY",490,577,763,1028,1031,KY,37191,18065,Calloway County,Calloway County
21,NCNTY21039N21039,"Carlisle County, KY",486,513,679,851,926,KY,5104,2441,Carlisle County,Carlisle County
21,NCNTY21041N21041,"Carroll County, KY",520,554,726,1013,1032,KY,10811,4696,Carroll County,Carroll County
21,NCNTY21043N21043,"Carter County, KY",465,491,649,813,988,KY,27720,12311,Carter County,Carter County
21,NCNTY21045N21045,"Casey County, KY",443,534,618,811,835,KY,15955,7487,Casey County,Casey County
21,NCNTY21051N21051,"Clay County, KY",443,539,618,774,1034,KY,21730,8875,Clay County,Clay County
21,NCNTY21053N21053,"Clinton County, KY",448,498,625,783,845,KY,10272,5311,Clinton County,Clinton County
21,NCNTY21055N21055,"Crittenden County, KY",443,513,618,840,843,KY,9315,4569,Crittenden County,Crittenden County
21,NCNTY21057N21057,"Cumberland County, KY",450,515,652,817,889,KY,6856,3690,Cumberland County,Cumberland County
21,NCNTY21063N21063,"Elliott County, KY",486,537,679,851,926,KY,7852,3371,Elliott County,Elliott County
21,NCNTY21065N21065,"Estill County, KY",443,467,618,786,890,KY,14672,6865,Estill County,Estill County
21,NCNTY21069N21069,"Fleming County, KY",443,467,618,774,843,KY,14348,6623,Fleming County,Fleming County
21,NCNTY21071N21071,"Floyd County, KY",523,527,642,846,1070,KY,39451,18175,Floyd County,Floyd County
21,NCNTY21073N21073,"Franklin County, KY",582,678,813,1065,1220,KY,49285,23164,Franklin County,Franklin County
21,NCNTY21075N21075,"Fulton County, KY",486,489,647,816,875,KY,6813,3372,Fulton County,Fulton County
21,NCNTY21079N21079,"Garrard County, KY",488,538,681,853,1035,KY,16912,7463,Garrard County,Garrard County
21,NCNTY21083N21083,"Graves County, KY",468,494,653,877,918,KY,37121,16777,Graves County,Graves County
21,NCNTY21085N21085,"Grayson County, KY",443,539,618,840,843,KY,25746,13561,Grayson County,Grayson County
21,NCNTY21087N21087,"Green County, KY",445,469,621,778,839,KY,11258,5324,Green County,Green County
21,NCNTY21095N21095,"Harlan County, KY",482,502,618,832,835,KY,29278,13513,Harlan County,Harlan County
21,NCNTY21097N21097,"Harrison County, KY",464,507,648,893,1011,KY,18846,8208,Harrison County,Harrison County
21,NCNTY21099N21099,"Hart County, KY",443,516,618,870,978,KY,18199,8559,Hart County,Hart County
21,NCNTY21105N21105,"Hickman County, KY",443,489,618,832,835,KY,4902,2342,Hickman County,Hickman County
21,NCNTY21107N21107,"Hopkins County, KY",496,523,692,912,1003,KY,46920,21180,Hopkins County,Hopkins County
21,NCNTY21109N21109,"Jackson County, KY",443,489,618,877,880,KY,13494,6523,Jackson County,Jackson County
21,NCNTY21115N21115,"Johnson County, KY",443,486,618,832,835,KY,23356,10624,Johnson County,Johnson County
21,NCNTY21119N21119,"Knott County, KY",443,467,618,784,837,KY,16346,7461,Knott County,Knott County
21,NCNTY21121N21121,"Knox County, KY",443,523,618,843,1085,KY,31883,14485,Knox County,Knox County
21,NCNTY21125N21125,"Laurel County, KY",480,568,671,920,1054,KY,58849,25446,Laurel County,Laurel County
21,NCNTY21127N21127,"Lawrence County, KY",443,526,618,839,843,KY,15860,7286,Lawrence County,Lawrence County
21,NCNTY21129N21129,"Lee County, KY",443,483,618,788,843,KY,7887,3436,Lee County,Lee County
21,NCNTY21131N21131,"Leslie County, KY",474,489,618,840,843,KY,11310,5278,Leslie County,Leslie County
21,NCNTY21133N21133,"Letcher County, KY",485,543,677,848,928,KY,24519,11601,Letcher County,Letcher County
21,NCNTY21135N21135,"Lewis County, KY",443,517,618,774,912,KY,13870,6481,Lewis County,Lewis County
21,NCNTY21137N21137,"Lincoln County, KY",443,470,618,808,939,KY,24742,10819,Lincoln County,Lincoln County
21,NCNTY21139N21139,"Livingston County, KY",487,559,680,924,927,KY,9519,4824,Livingston County,Livingston County
21,NCNTY21141N21141,"Logan County, KY",470,541,657,860,888,KY,26835,12339,Logan County,Logan County
21,NCNTY21143N21143,"Lyon County, KY",443,483,618,840,843,KY,8314,4791,Lyon County,Lyon County
21,NCNTY21145N21145,"McCracken County, KY",506,596,788,997,1199,KY,65565,31079,McCracken County,McCracken County
21,NCNTY21147N21147,"McCreary County, KY",443,467,618,808,835,KY,18306,7507,McCreary County,McCreary County
21,NCNTY21151N21151,"Madison County, KY",500,546,722,1029,1073,KY,82916,35043,Madison County,Madison County
21,NCNTY21153N21153,"Magoffin County, KY",443,539,618,809,843,KY,13333,5950,Magoffin County,Magoffin County
21,NCNTY21155N21155,"Marion County, KY",470,573,656,822,1058,KY,19820,8182,Marion County,Marion County
21,NCNTY21157N21157,"Marshall County, KY",626,642,735,921,1002,KY,31448,15748,Marshall County,Marshall County
21,NCNTY21159N21159,"Martin County, KY",443,474,618,840,843,KY,12929,5164,Martin County,Martin County
21,NCNTY21161N21161,"Mason County, KY",465,520,650,840,887,KY,17490,8105,Mason County,Mason County
21,NCNTY21165N21165,"Menifee County, KY",468,494,653,818,883,KY,6306,3744,Menifee County,Menifee County
21,NCNTY21167N21167,"Mercer County, KY",485,512,677,905,1189,KY,21331,9941,Mercer County,Mercer County
21,NCNTY21169N21169,"Metcalfe County, KY",443,540,618,774,835,KY,10099,4681,Metcalfe County,Metcalfe County
21,NCNTY21171N21171,"Monroe County, KY",454,479,634,809,857,KY,10963,5204,Monroe County,Monroe County
21,NCNTY21173N21173,"Montgomery County, KY",522,551,729,917,1202,KY,26499,11699,Montgomery County,Montgomery County
21,NCNTY21175N21175,"Morgan County, KY",443,540,618,791,836,KY,13923,5830,Morgan County,Morgan County
21,NCNTY21177N21177,"Muhlenberg County, KY",448,504,626,784,877,KY,31499,13699,Muhlenberg County,Muhlenberg County
21,NCNTY21179N21179,"Nelson County, KY",523,553,731,1050,1053,KY,43437,18075,Nelson County,Nelson County
21,NCNTY21181N21181,"Nicholas County, KY",443,467,618,840,843,KY,7135,3261,Nicholas County,Nicholas County
21,NCNTY21183N21183,"Ohio County, KY",443,498,618,840,843,KY,23842,10219,Ohio County,Ohio County
21,NCNTY21187N21187,"Owen County, KY",475,503,663,872,904,KY,10841,5634,Owen County,Owen County
21,NCNTY21189N21189,"Owsley County, KY",443,489,618,840,843,KY,4755,2328,Owsley County,Owsley County
21,NCNTY21193N21193,"Perry County, KY",443,489,618,832,835,KY,28712,12791,Perry County,Perry County
21,NCNTY21195N21195,"Pike County, KY",529,559,739,926,1087,KY,65024,30304,Pike County,Pike County
21,NCNTY21197N21197,"Powell County, KY",458,523,639,823,872,KY,12613,5598,Powell County,Powell County
21,NCNTY21199N21199,"Pulaski County, KY",435,517,662,855,895,KY,63063,31443,Pulaski County,Pulaski County
21,NCNTY21201N21201,"Robertson County, KY",492,519,687,861,937,KY,2282,1095,Robertson County,Robertson County
21,NCNTY21203N21203,"Rockcastle County, KY",464,467,618,859,964,KY,17056,7703,Rockcastle County,Rockcastle County
21,NCNTY21205N21205,"Rowan County, KY",526,619,734,920,1108,KY,23333,10102,Rowan County,Rowan County
21,NCNTY21207N21207,"Russell County, KY",509,512,618,805,1085,KY,17565,9993,Russell County,Russell County
21,NCNTY21213N21213,"Simpson County, KY",522,590,729,913,985,KY,17327,7435,Simpson County,Simpson County
21,NCNTY21217N21217,"Taylor County, KY",521,524,654,862,959,KY,24512,10864,Taylor County,Taylor County
21,NCNTY21219N21219,"Todd County, KY",480,507,671,841,907,KY,12460,5286,Todd County,Todd County
21,NCNTY21225N21225,"Union County, KY",443,540,618,878,1085,KY,15007,6141,Union County,Union County
21,NCNTY21229N21229,"Washington County, KY",482,523,673,843,1162,KY,11717,5044,Washington County,Washington County
21,NCNTY21231N21231,"Wayne County, KY",443,540,618,894,907,KY,20813,10942,Wayne County,Wayne County
21,NCNTY21233N21233,"Webster County, KY",443,518,618,892,914,KY,13621,5936,Webster County,Webster County
21,NCNTY21235N21235,"Whitley County, KY",459,550,641,803,1093,KY,35637,15166,Whitley County,Whitley County
21,NCNTY21237N21237,"Wolfe County, KY",443,467,618,778,843,KY,7355,3660,Wolfe County,Wolfe County
22,NCNTY22003N22003,"Allen Parish, LA",519,523,641,906,930,LA,25764,9733,Allen Parish,Allen Parish
22,NCNTY22007N22007,"Assumption Parish, LA",595,622,712,1001,1057,LA,23421,10351,Assumption Parish,Assumption Parish
22,NCNTY22009N22009,"Avoyelles Parish, LA",452,548,703,931,1037,LA,42073,18042,Avoyelles Parish,Avoyelles Parish
22,NCNTY22011N22011,"Beauregard Parish, LA",569,591,681,971,1196,LA,35654,15040,Beauregard Parish,Beauregard Parish
22,NCNTY22013N22013,"Bienville Parish, LA",536,560,641,865,868,LA,14353,7718,Bienville Parish,Bienville Parish
22,NCNTY22021N22021,"Caldwell Parish, LA",536,560,641,927,991,LA,10132,4994,Caldwell Parish,Caldwell Parish
22,NCNTY22025N22025,"Catahoula Parish, LA",481,485,641,828,952,LA,10407,4877,Catahoula Parish,Catahoula Parish
22,NCNTY22027N22027,"Claiborne Parish, LA",530,534,706,932,1086,LA,17195,7761,Claiborne Parish,Claiborne Parish
22,NCNTY22029N22029,"Concordia Parish, LA",500,503,641,835,952,LA,20822,9383,Concordia Parish,Concordia Parish
22,NCNTY22035N22035,"East Carroll Parish, LA",484,488,641,807,952,LA,7759,2904,East Carroll Parish,East Carroll Parish
22,NCNTY22039N22039,"Evangeline Parish, LA",507,510,654,828,1035,LA,33984,14662,Evangeline Parish,Evangeline Parish
22,NCNTY22041N22041,"Franklin Parish, LA",496,500,661,828,982,LA,20767,9034,Franklin Parish,Franklin Parish
22,NCNTY22049N22049,"Jackson Parish, LA",536,542,641,857,1071,LA,16274,7680,Jackson Parish,Jackson Parish
22,NCNTY22053N22053,"Jefferson Davis Parish, LA",546,560,641,927,933,LA,31594,13306,Jefferson Davis Parish,Jefferson Davis Parish
22,NCNTY22059N22059,"La Salle Parish, LA",513,516,683,890,1014,LA,14890,6560,La Salle Parish,La Salle Parish
22,NCNTY22061N22061,"Lincoln Parish, LA",660,663,783,1054,1058,LA,46735,19479,Lincoln Parish,Lincoln Parish
22,NCNTY22065N22065,"Madison Parish, LA",481,485,641,814,866,LA,12093,4804,Madison Parish,Madison Parish
22,NCNTY22067N22067,"Morehouse Parish, LA",536,560,641,897,952,LA,27979,12423,Morehouse Parish,Morehouse Parish
22,NCNTY22069N22069,"Natchitoches Parish, LA",572,585,774,1028,1046,LA,39566,18587,Natchitoches Parish,Natchitoches Parish
22,NCNTY22081N22081,"Red River Parish, LA",626,630,834,1045,1127,LA,9091,4128,Red River Parish,Red River Parish
22,NCNTY22083N22083,"Richland Parish, LA",498,501,663,831,1165,LA,20725,8621,Richland Parish,Richland Parish
22,NCNTY22085N22085,"Sabine Parish, LA",468,513,641,871,1114,LA,24233,14130,Sabine Parish,Sabine Parish
22,NCNTY22097N22097,"St. Landry Parish, LA",541,544,719,933,972,LA,83384,35692,St. Landry Parish,St. Landry Parish
22,NCNTY22101N22101,"St. Mary Parish, LA",664,668,827,1095,1335,LA,54650,23028,St. Mary Parish,St. Mary Parish
22,NCNTY22107N22107,"Tensas Parish, LA",500,503,641,927,952,LA,5252,3357,Tensas Parish,Tensas Parish
22,NCNTY22115N22115,"Vernon Parish, LA",685,807,1067,1337,1551,LA,52334,21433,Vernon Parish,Vernon Parish
22,NCNTY22117N22117,"Washington Parish, LA",595,621,711,968,1153,LA,47168,21039,Washington Parish,Washington Parish
22,NCNTY22123N22123,"West Carroll Parish, LA",481,485,641,825,866,LA,11604,5046,West Carroll Parish,West Carroll Parish
22,NCNTY22127N22127,"Winn Parish, LA",517,520,686,933,1193,LA,15313,7234,Winn Parish,Winn Parish
23,NCNTY23003N23003,"Aroostook County, ME",588,661,775,1045,1121,ME,71870,39529,Aroostook County,Allagash town
23,NCNTY23007N23007,"Franklin County, ME",651,695,796,1054,1076,ME,30768,21709,Franklin County,Avon town
23,NCNTY23009N23009,"Hancock County, ME",801,837,1003,1261,1356,ME,54418,40184,Hancock County,Amherst town
23,NCNTY23011N23011,"Kennebec County, ME",717,722,889,1158,1202,ME,122151,60972,Kennebec County,Albion town
23,NCNTY23013N23013,"Knox County, ME",790,826,993,1386,1492,ME,39730,23749,Knox County,Appleton town
23,NCNTY23015N23015,"Lincoln County, ME",814,833,995,1270,1445,ME,34457,23496,Lincoln County,Alna town
23,NCNTY23017N23017,"Oxford County, ME",724,729,890,1258,1462,ME,57833,36055,Oxford County,Andover town
23,NCNTY23021N23021,"Piscataquis County, ME",624,666,763,1103,1330,ME,17535,15340,Piscataquis County,Abbot town
23,NCNTY23025N23025,"Somerset County, ME",615,704,909,1186,1270,ME,52228,30569,Somerset County,Anson town
23,NCNTY23027N23027,"Waldo County, ME",758,810,927,1246,1587,ME,38786,21566,Waldo County,Belfast city
23,NCNTY23029N23029,"Washington County, ME",661,665,865,1084,1169,ME,32856,23001,Washington County,Addison town
24,NCNTY24011N24011,"Caroline County, MD",779,784,1037,1383,1650,MD,33066,13482,Caroline County,Caroline County
24,NCNTY24019N24019,"Dorchester County, MD",827,847,971,1337,1406,MD,32618,16554,Dorchester County,Dorchester County
24,NCNTY24023N24023,"Garrett County, MD",497,611,774,1069,1359,MD,30097,18854,Garrett County,Garrett County
24,NCNTY24029N24029,"Kent County, MD",850,856,1108,1398,1689,MD,20197,10549,Kent County,Kent County
24,NCNTY24041N24041,"Talbot County, MD",909,953,1261,1679,2080,MD,37782,19577,Talbot County,Talbot County
25,NCNTY25007N25007,"Dukes County, MA",1238,1641,1879,2493,2568,MA,16535,17188,Dukes County,Aquinnah town
25,NCNTY25011N25011,"Franklin County, MA HUD Nonmetro FMR Area",923,929,1181,1535,1680,MA,71372,33758,Franklin County,Ashfield town
25,NCNTY25019N25019,"Nantucket County, MA",1416,1426,1886,2568,2577,MA,10172,11618,Nantucket County,Nantucket town
26,NCNTY26001N26001,"Alcona County, MI",584,587,700,927,987,MI,10942,11073,Alcona County,Alcona County
26,NCNTY26003N26003,"Alger County, MI",489,530,701,880,1177,MI,9601,6554,Alger County,Alger County
26,NCNTY26005N26005,"Allegan County, MI",689,693,838,1127,1261,MI,111408,49426,Allegan County,Allegan County
26,NCNTY26007N26007,"Alpena County, MI",570,574,700,966,1021,MI,29598,16053,Alpena County,Alpena County
26,NCNTY26009N26009,"Antrim County, MI",475,610,740,1013,1120,MI,23580,17824,Antrim County,Antrim County
26,NCNTY26011N26011,"Arenac County, MI",489,561,700,932,1186,MI,15899,9803,Arenac County,Arenac County
26,NCNTY26013N26013,"Baraga County, MI",489,529,700,924,987,MI,8860,5270,Baraga County,Baraga County
26,NCNTY26019N26019,"Benzie County, MI",591,640,846,1060,1144,MI,17525,12199,Benzie County,Benzie County
26,NCNTY26023N26023,"Branch County, MI",604,608,780,1009,1054,MI,45248,20841,Branch County,Branch County
26,NCNTY26029N26029,"Charlevoix County, MI",557,621,798,1110,1384,MI,25949,17249,Charlevoix County,Charlevoix County
26,NCNTY26031N26031,"Cheboygan County, MI",515,574,738,971,998,MI,26152,18298,Cheboygan County,Cheboygan County
26,NCNTY26033N26033,"Chippewa County, MI",518,589,760,952,1027,MI,38520,21253,Chippewa County,Chippewa County
26,NCNTY26035N26035,"Clare County, MI",489,530,700,932,1034,MI,30926,23233,Clare County,Clare County
26,NCNTY26039N26039,"Crawford County, MI",547,593,784,1021,1228,MI,14074,11092,Crawford County,Crawford County
26,NCNTY26041N26041,"Delta County, MI",475,567,700,985,1042,MI,37069,20214,Delta County,Delta County
26,NCNTY26043N26043,"Dickinson County, MI",552,598,791,991,1069,MI,26168,13990,Dickinson County,Dickinson County
26,NCNTY26047N26047,"Emmet County, MI",573,669,873,1144,1297,MI,32694,21304,Emmet County,Emmet County
26,NCNTY26051N26051,"Gladwin County, MI",489,570,700,971,1162,MI,25692,17672,Gladwin County,Gladwin County
26,NCNTY26053N26053,"Gogebic County, MI",525,579,700,987,1230,MI,16427,10795,Gogebic County,Gogebic County
26,NCNTY26055N26055,"Grand Traverse County, MI",655,801,938,1263,1407,MI,86986,41599,Grand Traverse County,Grand Traverse County
26,NCNTY26057N26057,"Gratiot County, MI",451,531,702,880,949,MI,42476,16339,Gratiot County,Gratiot County
26,NCNTY26059N26059,"Hillsdale County, MI",550,570,754,972,1021,MI,46688,21757,Hillsdale County,Hillsdale County
26,NCNTY26061N26061,"Houghton County, MI",501,561,732,939,1278,MI,36628,18636,Houghton County,Houghton County
26,NCNTY26063N26063,"Huron County, MI",553,560,700,930,1050,MI,33118,21199,Huron County,Huron County
26,NCNTY26067N26067,"Ionia County, MI",614,618,817,1068,1151,MI,63905,24778,Ionia County,Ionia County
26,NCNTY26069N26069,"Iosco County, MI",450,611,700,877,1230,MI,25887,20443,Iosco County,Iosco County
26,NCNTY26071N26071,"Iron County, MI",489,547,700,917,1230,MI,11817,9197,Iron County,Iron County
26,NCNTY26073N26073,"Isabella County, MI",567,628,771,1051,1282,MI,70311,28381,Isabella County,Isabella County
26,NCNTY26079N26079,"Kalkaska County, MI",493,581,768,1024,1113,MI,17153,12171,Kalkaska County,Kalkaska County
26,NCNTY26083N26083,"Keweenaw County, MI",489,529,700,984,987,MI,2156,2467,Keweenaw County,Keweenaw County
26,NCNTY26085N26085,"Lake County, MI",492,543,705,883,953,MI,11539,14966,Lake County,Lake County
26,NCNTY26089N26089,"Leelanau County, MI",698,733,857,1154,1330,MI,21708,14935,Leelanau County,Leelanau County
26,NCNTY26091N26091,"Lenawee County, MI",533,626,828,1066,1131,MI,99892,43452,Lenawee County,Lenawee County
26,NCNTY26095N26095,"Luce County, MI",489,571,700,945,966,MI,6631,4343,Luce County,Luce County
26,NCNTY26097N26097,"Mackinac County, MI",489,611,700,885,1076,MI,11113,11010,Mackinac County,Mackinac County
26,NCNTY26101N26101,"Manistee County, MI",517,562,741,999,1002,MI,24733,15694,Manistee County,Manistee County
26,NCNTY26103N26103,"Marquette County, MI",513,604,799,1001,1080,MI,67077,34330,Marquette County,Marquette County
26,NCNTY26105N26105,"Mason County, MI",534,593,784,982,1060,MI,28705,17293,Mason County,Mason County
26,NCNTY26107N26107,"Mecosta County, MI",594,598,706,938,954,MI,42798,21131,Mecosta County,Mecosta County
26,NCNTY26109N26109,"Menominee County, MI",489,605,700,946,950,MI,24029,14227,Menominee County,Menominee County
26,NCNTY26113N26113,"Missaukee County, MI",550,650,788,987,1065,MI,14849,9117,Missaukee County,Missaukee County
26,NCNTY26119N26119,"Montmorency County, MI",503,544,720,1005,1015,MI,9765,9597,Montmorency County,Montmorency County
26,NCNTY26123N26123,"Newaygo County, MI",557,569,752,963,1016,MI,48460,25075,Newaygo County,Newaygo County
26,NCNTY26127N26127,"Oceana County, MI",489,529,700,943,946,MI,26570,15944,Oceana County,Oceana County
26,NCNTY26129N26129,"Ogemaw County, MI",495,614,709,918,1091,MI,21699,16047,Ogemaw County,Ogemaw County
26,NCNTY26131N26131,"Ontonagon County, MI",489,606,700,984,987,MI,6780,5672,Ontonagon County,Ontonagon County
26,NCNTY26133N26133,"Osceola County, MI",489,570,700,888,990,MI,23528,13632,Osceola County,Osceola County
26,NCNTY26135N26135,"Oscoda County, MI",496,584,711,942,1003,MI,8640,9118,Oscoda County,Oscoda County
26,NCNTY26137N26137,"Otsego County, MI",563,624,807,1113,1163,MI,24164,14731,Otsego County,Otsego County
26,NCNTY26141N26141,"Presque Isle County, MI",489,611,700,1012,1018,MI,13376,10428,Presque Isle County,Presque Isle County
26,NCNTY26143N26143,"Roscommon County, MI",569,590,731,984,988,MI,24449,24459,Roscommon County,Roscommon County
26,NCNTY26149N26149,"St. Joseph County, MI",562,569,752,942,1148,MI,61295,27778,St. Joseph County,St. Joseph County
26,NCNTY26151N26151,"Sanilac County, MI",528,543,718,933,1096,MI,43114,22725,Sanilac County,Sanilac County
26,NCNTY26153N26153,"Schoolcraft County, MI",489,529,700,877,980,MI,8485,6313,Schoolcraft County,Schoolcraft County
26,NCNTY26155N26155,"Shiawassee County, MI",565,569,752,1027,1044,MI,70648,30319,Shiawassee County,Shiawassee County
26,NCNTY26157N26157,"Tuscola County, MI",450,565,700,925,1043,MI,55729,24451,Tuscola County,Tuscola County
26,NCNTY26165N26165,"Wexford County, MI",577,624,826,1035,1117,MI,32735,16736,Wexford County,Wexford County
27,NCNTY27001N27001,"Aitkin County, MN",611,615,813,1050,1234,MN,16202,16029,Aitkin County,Aitkin County
27,NCNTY27005N27005,"Becker County, MN",504,623,770,1011,1177,MN,32504,18784,Becker County,Becker County
27,NCNTY27007N27007,"Beltrami County, MN",536,624,825,1090,1115,MN,44442,20527,Beltrami County,Beltrami County
27,NCNTY27011N27011,"Big Stone County, MN",459,564,700,964,968,MN,5269,3115,Big Stone County,Big Stone County
27,NCNTY27015N27015,"Brown County, MN",458,568,713,893,964,MN,25893,11493,Brown County,Brown County
27,NCNTY27021N27021,"Cass County, MN",585,600,794,995,1085,MN,28567,24903,Cass County,Cass County
27,NCNTY27023N27023,"Chippewa County, MN",463,599,707,1014,1075,MN,12441,5721,Chippewa County,Chippewa County
27,NCNTY27029N27029,"Clearwater County, MN",500,577,763,1051,1055,MN,8695,4773,Clearwater County,Clearwater County
27,NCNTY27031N27031,"Cook County, MN",511,694,795,1024,1099,MN,5176,5839,Cook County,Cook County
27,NCNTY27033N27033,"Cottonwood County, MN",461,532,704,955,958,MN,11687,5412,Cottonwood County,Cottonwood County
27,NCNTY27035N27035,"Crow Wing County, MN",557,655,867,1108,1212,MN,62500,40180,Crow Wing County,Crow Wing County
27,NCNTY27041N27041,"Douglas County, MN",545,641,848,1062,1177,MN,36009,19905,Douglas County,Douglas County
27,NCNTY27043N27043,"Faribault County, MN",459,529,700,946,967,MN,14553,7090,Faribault County,Faribault County
27,NCNTY27047N27047,"Freeborn County, MN",458,539,713,918,1087,MN,31255,14231,Freeborn County,Freeborn County
27,NCNTY27049N27049,"Goodhue County, MN",672,677,895,1121,1237,MN,46183,20337,Goodhue County,Goodhue County
27,NCNTY27051N27051,"Grant County, MN",459,611,700,1012,1230,MN,6018,3324,Grant County,Grant County
27,NCNTY27057N27057,"Hubbard County, MN",568,573,758,1044,1048,MN,20428,14622,Hubbard County,Hubbard County
27,NCNTY27061N27061,"Itasca County, MN",526,618,818,1025,1106,MN,45058,27065,Itasca County,Itasca County
27,NCNTY27063N27063,"Jackson County, MN",459,558,700,880,946,MN,10266,4990,Jackson County,Jackson County
27,NCNTY27065N27065,"Kanabec County, MN",663,667,876,1105,1539,MN,16239,7849,Kanabec County,Kanabec County
27,NCNTY27067N27067,"Kandiyohi County, MN",578,603,772,1116,1295,MN,42239,19476,Kandiyohi County,Kandiyohi County
27,NCNTY27069N27069,"Kittson County, MN",459,529,700,890,946,MN,4552,2605,Kittson County,Kittson County
27,NCNTY27071N27071,"Koochiching County, MN",459,555,700,964,968,MN,13311,7900,Koochiching County,Koochiching County
27,NCNTY27073N27073,"Lac qui Parle County, MN",459,558,700,877,946,MN,7259,3692,Lac qui Parle County,Lac qui Parle County
27,NCNTY27075N27075,"Lake County, MN",543,643,829,1142,1146,MN,10866,7681,Lake County,Lake County
27,NCNTY27077N27077,"Lake of the Woods County, MN",519,599,793,1044,1096,MN,4045,3672,Lake of the Woods County,Lake of the Woods County
27,NCNTY27081N27081,"Lincoln County, MN",491,566,749,938,1012,MN,5896,3108,Lincoln County,Lincoln County
27,NCNTY27083N27083,"Lyon County, MN",470,542,717,943,1165,MN,25857,11098,Lyon County,Lyon County
27,NCNTY27085N27085,"McLeod County, MN",545,629,832,1189,1350,MN,36651,15760,McLeod County,McLeod County
27,NCNTY27087N27087,"Mahnomen County, MN",497,649,758,950,1025,MN,5413,2786,Mahnomen County,Mahnomen County
27,NCNTY27089N27089,"Marshall County, MN",459,548,700,1009,1108,MN,9439,4812,Marshall County,Marshall County
27,NCNTY27091N27091,"Martin County, MN",459,530,701,965,969,MN,20840,10009,Martin County,Martin County
27,NCNTY27093N27093,"Meeker County, MN",534,628,831,1041,1213,MN,23300,10674,Meeker County,Meeker County
27,NCNTY27097N27097,"Morrison County, MN",483,558,738,987,1045,MN,33198,15731,Morrison County,Morrison County
27,NCNTY27099N27099,"Mower County, MN",511,602,796,1094,1114,MN,39163,17027,Mower County,Mower County
27,NCNTY27101N27101,"Murray County, MN",459,568,700,946,968,MN,8725,4556,Murray County,Murray County
27,NCNTY27105N27105,"Nobles County, MN",577,581,768,1004,1038,MN,21378,8535,Nobles County,Nobles County
27,NCNTY27107N27107,"Norman County, MN",460,546,703,881,1108,MN,6852,3421,Norman County,Norman County
27,NCNTY27111N27111,"Otter Tail County, MN",533,577,763,968,1031,MN,57303,35594,Otter Tail County,Otter Tail County
27,NCNTY27113N27113,"Pennington County, MN",498,586,775,971,1048,MN,13930,6297,Pennington County,Pennington County
27,NCNTY27115N27115,"Pine County, MN",550,635,840,1058,1271,MN,29750,17276,Pine County,Pine County
27,NCNTY27117N27117,"Pipestone County, MN",459,607,700,943,946,MN,9596,4483,Pipestone County,Pipestone County
27,NCNTY27121N27121,"Pope County, MN",508,586,775,1044,1048,MN,10995,6435,Pope County,Pope County
27,NCNTY27125N27125,"Red Lake County, MN",577,611,700,943,946,MN,4089,1948,Red Lake County,Red Lake County
27,NCNTY27127N27127,"Redwood County, MN",459,604,700,1007,1011,MN,16059,7272,Redwood County,Redwood County
27,NCNTY27129N27129,"Renville County, MN",539,559,700,877,972,MN,15730,7355,Renville County,Renville County
27,NCNTY27131N27131,"Rice County, MN",618,723,956,1264,1305,MN,64142,24453,Rice County,Rice County
27,NCNTY27133N27133,"Rock County, MN",485,559,740,1000,1028,MN,9687,4262,Rock County,Rock County
27,NCNTY27135N27135,"Roseau County, MN",486,572,757,948,1023,MN,15629,7469,Roseau County,Roseau County
27,NCNTY27147N27147,"Steele County, MN",546,630,833,1123,1463,MN,36576,15343,Steele County,Steele County
27,NCNTY27149N27149,"Stevens County, MN",462,617,706,885,1147,MN,9726,4160,Stevens County,Stevens County
27,NCNTY27151N27151,"Swift County, MN",544,548,700,993,1069,MN,9783,4835,Swift County,Swift County
27,NCNTY27153N27153,"Todd County, MN",472,556,735,921,994,MN,24895,12917,Todd County,Todd County
27,NCNTY27155N27155,"Traverse County, MN",459,529,700,877,968,MN,3558,2073,Traverse County,Traverse County
27,NCNTY27159N27159,"Wadena County, MN",459,548,700,915,1230,MN,13843,6899,Wadena County,Wadena County
27,NCNTY27161N27161,"Waseca County, MN",465,537,710,1027,1030,MN,19136,7903,Waseca County,Waseca County
27,NCNTY27165N27165,"Watonwan County, MN",459,611,700,943,946,MN,11211,5047,Watonwan County,Watonwan County
27,NCNTY27167N27167,"Wilkin County, MN",459,529,700,1012,1230,MN,6576,3078,Wilkin County,Wilkin County
27,NCNTY27169N27169,"Winona County, MN",515,616,801,1029,1183,MN,51461,20760,Winona County,Winona County
27,NCNTY27173N27173,"Yellow Medicine County, MN",459,576,700,971,975,MN,10438,4760,Yellow Medicine County,Yellow Medicine County
28,NCNTY28001N28001,"Adams County, MS",542,571,747,936,1010,MS,32297,14656,Adams County,Adams County
28,NCNTY28003N28003,"Alcorn County, MS",497,539,685,989,1070,MS,37057,17077,Alcorn County,Alcorn County
28,NCNTY28005N28005,"Amite County, MS",479,526,661,860,912,MS,13131,6635,Amite County,Amite County
28,NCNTY28007N28007,"Attala County, MS",472,541,651,851,933,MS,19564,9126,Attala County,Attala County
28,NCNTY28011N28011,"Bolivar County, MS",553,593,762,955,1030,MS,34145,14070,Bolivar County,Bolivar County
28,NCNTY28013N28013,"Calhoun County, MS",472,544,651,856,1060,MS,14962,6913,Calhoun County,Calhoun County
28,NCNTY28015N28015,"Carroll County, MS",472,492,651,894,898,MS,10597,5052,Carroll County,Carroll County
28,NCNTY28017N28017,"Chickasaw County, MS",418,497,651,841,1009,MS,17392,7514,Chickasaw County,Chickasaw County
28,NCNTY28019N28019,"Choctaw County, MS",503,525,694,916,1103,MS,8547,4150,Choctaw County,Choctaw County
28,NCNTY28021N28021,"Claiborne County, MS",494,561,681,853,1048,MS,9604,4223,Claiborne County,Claiborne County
28,NCNTY28023N28023,"Clarke County, MS",502,550,692,867,935,MS,16732,7876,Clarke County,Clarke County
28,NCNTY28025N28025,"Clay County, MS",472,518,651,918,1000,MS,20634,9180,Clay County,Clay County
28,NCNTY28027N28027,"Coahoma County, MS",441,519,687,861,936,MS,26151,10792,Coahoma County,Coahoma County
28,NCNTY28031N28031,"Covington County, MS",509,558,702,880,968,MS,19568,8496,Covington County,Covington County
28,NCNTY28037N28037,"Franklin County, MS",472,518,651,836,898,MS,8118,4154,Franklin County,Franklin County
28,NCNTY28039N28039,"George County, MS",596,621,822,1059,1133,MS,22578,9330,George County,George County
28,NCNTY28041N28041,"Greene County, MS",581,596,682,937,940,MS,14400,5123,Greene County,Greene County
28,NCNTY28043N28043,"Grenada County, MS",472,492,651,855,880,MS,21906,10155,Grenada County,Grenada County
28,NCNTY28051N28051,"Holmes County, MS",472,492,651,828,1069,MS,19198,8415,Holmes County,Holmes County
28,NCNTY28053N28053,"Humphreys County, MS",472,569,651,816,925,MS,9375,3855,Humphreys County,Humphreys County
28,NCNTY28055N28055,"Issaquena County, MS",472,518,651,820,898,MS,1406,560,Issaquena County,Issaquena County
28,NCNTY28057N28057,"Itawamba County, MS",487,567,671,870,974,MS,23401,10126,Itawamba County,Itawamba County
28,NCNTY28061N28061,"Jasper County, MS",531,582,732,920,1009,MS,17062,8212,Jasper County,Jasper County
28,NCNTY28063N28063,"Jefferson County, MS",472,518,651,823,898,MS,7726,3673,Jefferson County,Jefferson County
28,NCNTY28065N28065,"Jefferson Davis County, MS",524,631,722,992,995,MS,12487,5876,Jefferson Davis County,Jefferson Davis County
28,NCNTY28067N28067,"Jones County, MS",495,604,771,966,1042,MS,67761,28424,Jones County,Jones County
28,NCNTY28069N28069,"Kemper County, MS",490,511,676,847,932,MS,10456,4722,Kemper County,Kemper County
28,NCNTY28071N28071,"Lafayette County, MS",692,814,954,1324,1413,MS,47351,22729,Lafayette County,Lafayette County
28,NCNTY28075N28075,"Lauderdale County, MS",540,607,803,1006,1107,MS,80261,34698,Lauderdale County,Lauderdale County
28,NCNTY28077N28077,"Lawrence County, MS",558,612,770,965,1062,MS,12929,6019,Lawrence County,Lawrence County
28,NCNTY28079N28079,"Leake County, MS",498,519,687,861,1086,MS,23805,9415,Leake County,Leake County
28,NCNTY28081N28081,"Lee County, MS",579,583,770,985,1161,MS,82910,35872,Lee County,Lee County
28,NCNTY28083N28083,"Leflore County, MS",504,507,671,841,907,MS,32317,13199,Leflore County,Leflore County
28,NCNTY28085N28085,"Lincoln County, MS",533,536,691,949,953,MS,34869,15255,Lincoln County,Lincoln County
28,NCNTY28087N28087,"Lowndes County, MS",560,614,772,1116,1356,MS,59779,26556,Lowndes County,Lowndes County
28,NCNTY28091N28091,"Marion County, MS",485,584,669,901,904,MS,27088,11838,Marion County,Marion County
28,NCNTY28095N28095,"Monroe County, MS",490,540,676,847,997,MS,36989,16455,Monroe County,Monroe County
28,NCNTY28097N28097,"Montgomery County, MS",472,518,651,816,1143,MS,10925,5194,Montgomery County,Montgomery County
28,NCNTY28099N28099,"Neshoba County, MS",519,541,715,896,966,MS,29676,12357,Neshoba County,Neshoba County
28,NCNTY28101N28101,"Newton County, MS",516,538,712,905,1124,MS,21720,9373,Newton County,Newton County
28,NCNTY28103N28103,"Noxubee County, MS",472,516,651,894,898,MS,11545,5170,Noxubee County,Noxubee County
28,NCNTY28105N28105,"Oktibbeha County, MS",583,711,834,1045,1314,MS,47671,20947,Oktibbeha County,Oktibbeha County
28,NCNTY28107N28107,"Panola County, MS",503,552,694,934,938,MS,34707,14697,Panola County,Panola County
28,NCNTY28109N28109,"Pearl River County, MS",601,626,828,1082,1278,MS,55834,23968,Pearl River County,Pearl River County
28,NCNTY28113N28113,"Pike County, MS",527,567,726,949,1001,MS,40404,17861,Pike County,Pike County
28,NCNTY28115N28115,"Pontotoc County, MS",506,533,697,909,942,MS,29957,12440,Pontotoc County,Pontotoc County
28,NCNTY28117N28117,"Prentiss County, MS",472,538,651,816,898,MS,25276,11054,Prentiss County,Prentiss County
28,NCNTY28119N28119,"Quitman County, MS",421,495,655,821,885,MS,8223,3589,Quitman County,Quitman County
28,NCNTY28123N28123,"Scott County, MS",492,539,678,863,935,MS,28264,11470,Scott County,Scott County
28,NCNTY28125N28125,"Sharkey County, MS",472,518,651,853,880,MS,4916,2100,Sharkey County,Sharkey County
28,NCNTY28129N28129,"Smith County, MS",446,520,651,894,898,MS,16491,7237,Smith County,Smith County
28,NCNTY28131N28131,"Stone County, MS",500,549,690,948,951,MS,17786,7161,Stone County,Stone County
28,NCNTY28133N28133,"Sunflower County, MS",448,609,697,873,1095,MS,29450,9685,Sunflower County,Sunflower County
28,NCNTY28135N28135,"Tallahatchie County, MS",472,492,651,830,1097,MS,15378,5530,Tallahatchie County,Tallahatchie County
28,NCNTY28139N28139,"Tippah County, MS",472,496,651,816,910,MS,22232,9696,Tippah County,Tippah County
28,NCNTY28141N28141,"Tishomingo County, MS",472,569,651,941,1014,MS,19593,10295,Tishomingo County,Tishomingo County
28,NCNTY28145N28145,"Union County, MS",505,608,696,952,1188,MS,27134,11520,Union County,Union County
28,NCNTY28147N28147,"Walthall County, MS",520,542,717,985,989,MS,15443,7132,Walthall County,Walthall County
28,NCNTY28149N28149,"Warren County, MS",602,605,731,984,1144,MS,48773,21896,Warren County,Warren County
28,NCNTY28151N28151,"Washington County, MS",529,577,688,917,1097,MS,51137,21708,Washington County,Washington County
28,NCNTY28153N28153,"Wayne County, MS",472,518,651,878,898,MS,20747,9213,Wayne County,Wayne County
28,NCNTY28155N28155,"Webster County, MS",472,569,651,831,1142,MS,10253,4804,Webster County,Webster County
28,NCNTY28157N28157,"Wilkinson County, MS",472,518,651,816,880,MS,9878,5037,Wilkinson County,Wilkinson County
28,NCNTY28159N28159,"Winston County, MS",472,502,651,941,1143,MS,19198,8745,Winston County,Winston County
28,NCNTY28161N28161,"Yalobusha County, MS",472,526,651,872,898,MS,12678,6344,Yalobusha County,Yalobusha County
29,NCNTY29001N29001,"Adair County, MO",465,519,687,959,1207,MO,25607,11263,Adair County,Adair County
29,NCNTY29005N29005,"Atchison County, MO",437,500,662,829,1010,MO,5685,2985,Atchison County,Atchison County
29,NCNTY29007N29007,"Audrain County, MO",464,532,704,882,952,MO,25529,10852,Audrain County,Audrain County
29,NCNTY29009N29009,"Barry County, MO",492,495,646,870,873,MO,35597,17523,Barry County,Barry County
29,NCNTY29011N29011,"Barton County, MO",426,564,646,843,1111,MO,12402,5600,Barton County,Barton County
29,NCNTY29015N29015,"Benton County, MO",493,513,679,982,1193,MO,19056,14150,Benton County,Benton County
29,NCNTY29023N29023,"Butler County, MO",470,553,732,947,1030,MO,42794,19731,Butler County,Butler County
29,NCNTY29029N29029,"Camden County, MO",506,580,767,997,1290,MO,44002,41183,Camden County,Camden County
29,NCNTY29033N29033,"Carroll County, MO",426,488,646,809,985,MO,9295,4630,Carroll County,Carroll County
29,NCNTY29035N29035,"Carter County, MO",434,510,675,846,912,MO,6265,3247,Carter County,Carter County
29,NCNTY29039N29039,"Cedar County, MO",447,509,673,846,981,MO,13982,7224,Cedar County,Cedar County
29,NCNTY29041N29041,"Chariton County, MO",426,493,646,872,1135,MO,7831,4167,Chariton County,Chariton County
29,NCNTY29045N29045,"Clark County, MO",426,500,646,866,985,MO,7139,3473,Clark County,Clark County
29,NCNTY29053N29053,"Cooper County, MO",456,523,692,938,1004,MO,17601,7463,Cooper County,Cooper County
29,NCNTY29055N29055,"Crawford County, MO",557,560,684,931,1043,MO,24696,11955,Crawford County,Crawford County
29,NCNTY29057N29057,"Dade County, MO",465,533,705,883,964,MO,7883,3965,Dade County,Dade County
29,NCNTY29061N29061,"Daviess County, MO",426,540,646,934,1004,MO,8433,4199,Daviess County,Daviess County
29,NCNTY29065N29065,"Dent County, MO",426,488,646,809,985,MO,15657,7285,Dent County,Dent County
29,NCNTY29067N29067,"Douglas County, MO",426,488,646,885,1135,MO,13684,6519,Douglas County,Douglas County
29,NCNTY29069N29069,"Dunklin County, MO",426,496,646,908,1060,MO,31953,14419,Dunklin County,Dunklin County
29,NCNTY29073N29073,"Gasconade County, MO",427,507,648,937,1138,MO,15222,8205,Gasconade County,Gasconade County
29,NCNTY29075N29075,"Gentry County, MO",429,492,651,830,924,MO,6738,3209,Gentry County,Gentry County
29,NCNTY29079N29079,"Grundy County, MO",448,513,679,977,1036,MO,10261,5023,Grundy County,Grundy County
29,NCNTY29081N29081,"Harrison County, MO",457,538,711,923,961,MO,8957,4407,Harrison County,Harrison County
29,NCNTY29083N29083,"Henry County, MO",487,573,758,1046,1116,MO,22272,10886,Henry County,Henry County
29,NCNTY29085N29085,"Hickory County, MO",442,488,646,886,985,MO,9627,6835,Hickory County,Hickory County
29,NCNTY29087N29087,"Holt County, MO",426,488,646,815,1099,MO,4912,2806,Holt County,Holt County
29,NCNTY29089N29089,"Howard County, MO",500,573,758,967,1025,MO,10144,4582,Howard County,Howard County
29,NCNTY29091N29091,"Howell County, MO",450,516,682,855,1042,MO,40400,18021,Howell County,Howell County
29,NCNTY29093N29093,"Iron County, MO",426,538,646,876,1135,MO,10630,5329,Iron County,Iron County
29,NCNTY29101N29101,"Johnson County, MO",506,581,768,1110,1297,MO,52595,21528,Johnson County,Johnson County
29,NCNTY29103N29103,"Knox County, MO",426,488,646,882,985,MO,4131,2289,Knox County,Knox County
29,NCNTY29105N29105,"Laclede County, MO",476,494,654,946,1122,MO,35571,15778,Laclede County,Laclede County
29,NCNTY29109N29109,"Lawrence County, MO",441,534,686,992,1128,MO,38634,16649,Lawrence County,Lawrence County
29,NCNTY29111N29111,"Lewis County, MO",423,497,658,841,1004,MO,10211,4535,Lewis County,Lewis County
29,NCNTY29115N29115,"Linn County, MO",426,490,646,809,873,MO,12761,6429,Linn County,Linn County
29,NCNTY29117N29117,"Livingston County, MO",472,541,716,924,1258,MO,15195,6730,Livingston County,Livingston County
29,NCNTY29121N29121,"Macon County, MO",439,504,667,898,902,MO,15566,7665,Macon County,Macon County
29,NCNTY29123N29123,"Madison County, MO",460,527,697,873,942,MO,12226,5970,Madison County,Madison County
29,NCNTY29125N29125,"Maries County, MO",426,515,646,809,941,MO,9176,4611,Maries County,Maries County
29,NCNTY29127N29127,"Marion County, MO",439,538,666,900,904,MO,28781,12826,Marion County,Marion County
29,NCNTY29129N29129,"Mercer County, MO",431,494,653,862,996,MO,3785,2135,Mercer County,Mercer County
29,NCNTY29131N29131,"Miller County, MO",482,593,731,916,988,MO,24748,12758,Miller County,Miller County
29,NCNTY29133N29133,"Mississippi County, MO",472,556,735,921,1121,MO,14358,5711,Mississippi County,Mississippi County
29,NCNTY29137N29137,"Monroe County, MO",443,508,672,842,1118,MO,8840,4798,Monroe County,Monroe County
29,NCNTY29139N29139,"Montgomery County, MO",458,525,695,928,939,MO,12236,6130,Montgomery County,Montgomery County
29,NCNTY29141N29141,"Morgan County, MO",461,542,717,949,969,MO,20565,15517,Morgan County,Morgan County
29,NCNTY29143N29143,"New Madrid County, MO",448,514,680,852,927,MO,18956,8531,New Madrid County,New Madrid County
29,NCNTY29147N29147,"Nodaway County, MO",459,540,714,946,1125,MO,23370,9524,Nodaway County,Nodaway County
29,NCNTY29149N29149,"Oregon County, MO",426,488,646,934,948,MO,10881,5486,Oregon County,Oregon County
29,NCNTY29153N29153,"Ozark County, MO",426,496,646,841,985,MO,9723,5652,Ozark County,Ozark County
29,NCNTY29155N29155,"Pemiscot County, MO",426,488,646,876,1036,MO,18296,8161,Pemiscot County,Pemiscot County
29,NCNTY29157N29157,"Perry County, MO",475,544,720,1017,1265,MO,18971,8568,Perry County,Perry County
29,NCNTY29159N29159,"Pettis County, MO",552,607,760,1025,1027,MO,42201,18249,Pettis County,Pettis County
29,NCNTY29161N29161,"Phelps County, MO",509,577,763,977,1302,MO,45156,19533,Phelps County,Phelps County
29,NCNTY29163N29163,"Pike County, MO",462,601,700,966,980,MO,18516,7875,Pike County,Pike County
29,NCNTY29169N29169,"Pulaski County, MO",566,726,859,1242,1509,MO,52274,17904,Pulaski County,Pulaski County
29,NCNTY29171N29171,"Putnam County, MO",448,514,680,983,1037,MO,4979,2982,Putnam County,Putnam County
29,NCNTY29173N29173,"Ralls County, MO",514,589,779,976,1188,MO,10167,5183,Ralls County,Ralls County
29,NCNTY29175N29175,"Randolph County, MO",517,579,681,945,999,MO,25414,10714,Randolph County,Randolph County
29,NCNTY29179N29179,"Reynolds County, MO",426,488,646,809,985,MO,6696,4033,Reynolds County,Reynolds County
29,NCNTY29181N29181,"Ripley County, MO",426,523,646,809,985,MO,14100,6597,Ripley County,Ripley County
29,NCNTY29185N29185,"St. Clair County, MO",426,507,646,873,976,MO,9805,5640,St. Clair County,St. Clair County
29,NCNTY29186N29186,"Ste. Genevieve County, MO",464,567,703,980,1109,MO,18145,8637,Ste. Genevieve County,Ste. Genevieve County
29,NCNTY29187N29187,"St. Francois County, MO",470,521,689,980,1066,MO,65359,28458,St. Francois County,St. Francois County
29,NCNTY29195N29195,"Saline County, MO",468,536,709,916,971,MO,23370,10117,Saline County,Saline County
29,NCNTY29197N29197,"Schuyler County, MO",437,500,662,846,926,MO,4431,2102,Schuyler County,Schuyler County
29,NCNTY29199N29199,"Scotland County, MO",426,529,646,809,985,MO,4843,2369,Scotland County,Scotland County
29,NCNTY29201N29201,"Scott County, MO",444,546,691,958,1076,MO,39191,16987,Scott County,Scott County
29,NCNTY29203N29203,"Shannon County, MO",420,494,653,818,896,MO,8441,4164,Shannon County,Shannon County
29,NCNTY29205N29205,"Shelby County, MO",426,490,646,834,1115,MO,6373,3206,Shelby County,Shelby County
29,NCNTY29207N29207,"Stoddard County, MO",436,513,679,851,918,MO,29968,13609,Stoddard County,Stoddard County
29,NCNTY29209N29209,"Stone County, MO",501,608,759,1027,1297,MO,32202,20373,Stone County,Stone County
29,NCNTY29211N29211,"Sullivan County, MO",489,561,742,930,1003,MO,6714,3358,Sullivan County,Sullivan County
29,NCNTY29213N29213,"Taney County, MO",517,628,771,1038,1042,MO,51675,29255,Taney County,Taney County
29,NCNTY29215N29215,"Texas County, MO",415,488,646,890,1087,MO,26008,11685,Texas County,Texas County
29,NCNTY29217N29217,"Vernon County, MO",471,541,715,939,966,MO,21159,9495,Vernon County,Vernon County
29,NCNTY29221N29221,"Washington County, MO",445,488,646,809,873,MO,25195,11017,Washington County,Washington County
29,NCNTY29223N29223,"Wayne County, MO",479,504,658,824,900,MO,13521,8083,Wayne County,Wayne County
29,NCNTY29227N29227,"Worth County, MO",426,488,646,868,985,MO,2171,1281,Worth County,Worth County
29,NCNTY29229N29229,"Wright County, MO",426,488,646,832,953,MO,18815,8700,Wright County,Wright County
30,NCNTY30001N30001,"Beaverhead County, MT",507,595,729,917,1280,MT,9246,5273,Beaverhead County,Beaverhead County
30,NCNTY30003N30003,"Big Horn County, MT",567,629,815,1021,1261,MT,12865,4695,Big Horn County,Big Horn County
30,NCNTY30005N30005,"Blaine County, MT",487,611,700,930,956,MT,6491,2843,Blaine County,Blaine County
30,NCNTY30007N30007,"Broadwater County, MT",584,635,840,1052,1371,MT,5612,2695,Broadwater County,Broadwater County
30,NCNTY30011N30011,"Carter County, MT",487,545,700,968,1143,MT,1160,810,Carter County,Carter County
30,NCNTY30015N30015,"Chouteau County, MT",487,541,700,943,946,MT,5813,2879,Chouteau County,Chouteau County
30,NCNTY30017N30017,"Custer County, MT",504,547,724,1014,1017,MT,11699,5560,Custer County,Custer County
30,NCNTY30019N30019,"Daniels County, MT",587,657,844,1220,1378,MT,1751,1111,Daniels County,Daniels County
30,NCNTY30021N30021,"Dawson County, MT",484,658,753,943,1018,MT,8966,4233,Dawson County,Dawson County
30,NCNTY30023N30023,"Deer Lodge County, MT",487,597,700,963,1230,MT,9298,5122,Deer Lodge County,Deer Lodge County
30,NCNTY30025N30025,"Fallon County, MT",487,595,700,947,1143,MT,2890,1470,Fallon County,Fallon County
30,NCNTY30027N30027,"Fergus County, MT",559,608,804,1007,1313,MT,11586,5836,Fergus County,Fergus County
30,NCNTY30029N30029,"Flathead County, MT",583,691,862,1246,1455,MT,90928,46963,Flathead County,Flathead County
30,NCNTY30031N30031,"Gallatin County, MT",680,731,962,1391,1690,MT,89513,42289,Gallatin County,Gallatin County
30,NCNTY30033N30033,"Garfield County, MT",487,545,700,908,1143,MT,1206,844,Garfield County,Garfield County
30,NCNTY30035N30035,"Glacier County, MT",481,546,722,905,1032,MT,13399,5348,Glacier County,Glacier County
30,NCNTY30039N30039,"Granite County, MT",522,567,750,940,1224,MT,3079,2822,Granite County,Granite County
30,NCNTY30041N30041,"Hill County, MT",583,586,701,913,1167,MT,16096,7250,Hill County,Hill County
30,NCNTY30043N30043,"Jefferson County, MT",640,696,920,1153,1541,MT,11406,5055,Jefferson County,Jefferson County
30,NCNTY30045N30045,"Judith Basin County, MT",487,545,700,985,1143,MT,2072,1336,Judith Basin County,Judith Basin County
30,NCNTY30047N30047,"Lake County, MT",504,643,785,1052,1144,MT,28746,16588,Lake County,Lake County
30,NCNTY30049N30049,"Lewis and Clark County, MT",606,743,943,1351,1515,MT,63395,30180,Lewis and Clark County,Lewis and Clark County
30,NCNTY30051N30051,"Liberty County, MT",542,545,700,968,1143,MT,2339,1043,Liberty County,Liberty County
30,NCNTY30053N30053,"Lincoln County, MT",509,585,731,1047,1284,MT,19687,11413,Lincoln County,Lincoln County
30,NCNTY30055N30055,"McCone County, MT",487,545,700,877,1143,MT,1734,1008,McCone County,McCone County
30,NCNTY30057N30057,"Madison County, MT",694,712,815,1021,1331,MT,7691,6940,Madison County,Madison County
30,NCNTY30059N30059,"Meagher County, MT",504,564,724,997,1182,MT,1891,1432,Meagher County,Meagher County
30,NCNTY30061N30061,"Mineral County, MT",487,545,700,1012,1143,MT,4223,2446,Mineral County,Mineral County
30,NCNTY30065N30065,"Musselshell County, MT",563,662,876,1098,1430,MT,4538,2654,Musselshell County,Musselshell County
30,NCNTY30067N30067,"Park County, MT",607,709,938,1219,1549,MT,15636,9375,Park County,Park County
30,NCNTY30069N30069,"Petroleum County, MT",587,657,844,1167,1378,MT,494,324,Petroleum County,Petroleum County
30,NCNTY30071N30071,"Phillips County, MT",487,545,700,877,1230,MT,4253,2335,Phillips County,Phillips County
30,NCNTY30073N30073,"Pondera County, MT",487,608,700,1012,1202,MT,6153,2659,Pondera County,Pondera County
30,NCNTY30075N30075,"Powder River County, MT",487,529,700,877,1143,MT,1743,1022,Powder River County,Powder River County
30,NCNTY30077N30077,"Powell County, MT",487,549,700,925,1143,MT,7027,3105,Powell County,Powell County
30,NCNTY30079N30079,"Prairie County, MT",487,545,700,968,1143,MT,1179,673,Prairie County,Prairie County
30,NCNTY30081N30081,"Ravalli County, MT",574,624,825,1193,1449,MT,40212,19583,Ravalli County,Ravalli County
30,NCNTY30083N30083,"Richland County, MT",648,705,932,1168,1489,MT,9746,4550,Richland County,Richland County
30,NCNTY30085N30085,"Roosevelt County, MT",506,550,727,937,1026,MT,10425,4063,Roosevelt County,Roosevelt County
30,NCNTY30087N30087,"Rosebud County, MT",487,611,700,926,1159,MT,9233,4057,Rosebud County,Rosebud County
30,NCNTY30089N30089,"Sanders County, MT",538,573,727,946,1048,MT,11413,6678,Sanders County,Sanders County
30,NCNTY30091N30091,"Sheridan County, MT",508,569,730,915,1124,MT,3384,2089,Sheridan County,Sheridan County
30,NCNTY30093N30093,"Silver Bow County, MT",580,630,785,984,1061,MT,34200,16717,Silver Bow County,Silver Bow County
30,NCNTY30095N30095,"Stillwater County, MT",518,591,744,1076,1215,MT,9117,4803,Stillwater County,Stillwater County
30,NCNTY30097N30097,"Sweet Grass County, MT",551,617,792,1145,1293,MT,3651,2148,Sweet Grass County,Sweet Grass County
30,NCNTY30099N30099,"Teton County, MT",492,579,766,960,1345,MT,6073,2892,Teton County,Teton County
30,NCNTY30101N30101,"Toole County, MT",487,611,700,918,1230,MT,5324,2336,Toole County,Toole County
30,NCNTY30103N30103,"Treasure County, MT",536,600,771,966,1259,MT,718,422,Treasure County,Treasure County
30,NCNTY30105N30105,"Valley County, MT",527,573,758,950,1027,MT,7369,4879,Valley County,Valley County
30,NCNTY30107N30107,"Wheatland County, MT",487,545,700,968,1143,MT,2168,1197,Wheatland County,Wheatland County
30,NCNTY30109N30109,"Wibaux County, MT",567,635,815,1127,1331,MT,1017,538,Wibaux County,Wibaux County
31,NCNTY31001N31001,"Adams County, NE",502,641,769,1036,1215,NE,31364,13350,Adams County,Adams County
31,NCNTY31003N31003,"Antelope County, NE",457,611,700,943,946,NE,6685,3284,Antelope County,Antelope County
31,NCNTY31005N31005,"Arthur County, NE",603,699,924,1158,1249,NE,460,254,Arthur County,Arthur County
31,NCNTY31007N31007,"Banner County, NE",513,594,786,1005,1104,NE,690,369,Banner County,Banner County
31,NCNTY31009N31009,"Blaine County, NE",493,572,756,967,1062,NE,478,326,Blaine County,Blaine County
31,NCNTY31011N31011,"Boone County, NE",474,634,726,910,1040,NE,5505,2649,Boone County,Boone County
31,NCNTY31013N31013,"Box Butte County, NE",457,551,700,935,973,NE,11308,5478,Box Butte County,Box Butte County
31,NCNTY31015N31015,"Boyd County, NE",457,529,700,877,1077,NE,2099,1390,Boyd County,Boyd County
31,NCNTY31017N31017,"Brown County, NE",533,618,817,1024,1148,NE,3145,1865,Brown County,Brown County
31,NCNTY31019N31019,"Buffalo County, NE",556,655,866,1184,1438,NE,46102,19064,Buffalo County,Buffalo County
31,NCNTY31021N31021,"Burt County, NE",521,604,799,1001,1248,NE,6858,3467,Burt County,Burt County
31,NCNTY31023N31023,"Butler County, NE",503,583,771,1038,1042,NE,8395,4053,Butler County,Butler County
31,NCNTY31027N31027,"Cedar County, NE",458,531,702,978,982,NE,8852,4148,Cedar County,Cedar County
31,NCNTY31029N31029,"Chase County, NE",503,673,771,966,1083,NE,3966,1946,Chase County,Chase County
31,NCNTY31031N31031,"Cherry County, NE",523,700,801,1121,1125,NE,5713,3157,Cherry County,Cherry County
31,NCNTY31033N31033,"Cheyenne County, NE",493,641,755,1017,1021,NE,9998,4888,Cheyenne County,Cheyenne County
31,NCNTY31035N31035,"Clay County, NE",461,618,707,886,1088,NE,6542,3001,Clay County,Clay County
31,NCNTY31037N31037,"Colfax County, NE",518,660,794,1017,1073,NE,10515,4097,Colfax County,Colfax County
31,NCNTY31039N31039,"Cuming County, NE",474,579,726,926,1020,NE,9139,4204,Cuming County,Cuming County
31,NCNTY31041N31041,"Custer County, NE",463,537,710,890,960,NE,10939,5579,Custer County,Custer County
31,NCNTY31045N31045,"Dawes County, NE",527,611,808,1012,1135,NE,9182,4252,Dawes County,Dawes County
31,NCNTY31047N31047,"Dawson County, NE",508,625,778,1035,1189,NE,24326,10123,Dawson County,Dawson County
31,NCNTY31049N31049,"Deuel County, NE",532,616,815,1057,1102,NE,1941,1044,Deuel County,Deuel County
31,NCNTY31053N31053,"Dodge County, NE",606,664,878,1129,1280,NE,36691,16584,Dodge County,Dodge County
31,NCNTY31057N31057,"Dundy County, NE",513,594,786,1005,1104,NE,2008,1125,Dundy County,Dundy County
31,NCNTY31059N31059,"Fillmore County, NE",469,611,718,941,1004,NE,5890,2913,Fillmore County,Fillmore County
31,NCNTY31061N31061,"Franklin County, NE",474,549,726,934,1275,NE,3225,1734,Franklin County,Franklin County
31,NCNTY31063N31063,"Frontier County, NE",495,578,758,950,1025,NE,2756,1574,Frontier County,Frontier County
31,NCNTY31065N31065,"Furnas County, NE",457,529,700,877,961,NE,4959,2721,Furnas County,Furnas County
31,NCNTY31067N31067,"Gage County, NE",504,593,784,1012,1203,NE,22311,10446,Gage County,Gage County
31,NCNTY31069N31069,"Garden County, NE",466,540,714,895,1003,NE,2057,1314,Garden County,Garden County
31,NCNTY31071N31071,"Garfield County, NE",462,535,708,887,995,NE,2049,1178,Garfield County,Garfield County
31,NCNTY31073N31073,"Gosper County, NE",461,618,707,1019,1112,NE,2044,1267,Gosper County,Gosper County
31,NCNTY31075N31075,"Grant County, NE",513,594,786,1005,1104,NE,614,391,Grant County,Grant County
31,NCNTY31077N31077,"Greeley County, NE",457,529,700,877,946,NE,2538,1300,Greeley County,Greeley County
31,NCNTY31083N31083,"Harlan County, NE",457,529,700,883,955,NE,3423,2375,Harlan County,Harlan County
31,NCNTY31085N31085,"Hayes County, NE",543,629,832,1064,1169,NE,967,511,Hayes County,Hayes County
31,NCNTY31087N31087,"Hitchcock County, NE",459,531,703,1016,1029,NE,2908,1763,Hitchcock County,Hitchcock County
31,NCNTY31089N31089,"Holt County, NE",474,616,727,942,1277,NE,10435,5215,Holt County,Holt County
31,NCNTY31091N31091,"Hooker County, NE",513,594,786,1005,1104,NE,736,431,Hooker County,Hooker County
31,NCNTY31095N31095,"Jefferson County, NE",457,529,700,883,983,NE,7547,3918,Jefferson County,Jefferson County
31,NCNTY31097N31097,"Johnson County, NE",460,533,705,949,953,NE,5217,2191,Johnson County,Johnson County
31,NCNTY31099N31099,"Kearney County, NE",568,761,871,1091,1177,NE,6489,2886,Kearney County,Kearney County
31,NCNTY31101N31101,"Keith County, NE",563,567,750,950,1014,NE,8368,5424,Keith County,Keith County
31,NCNTY31103N31103,"Keya Paha County, NE",513,594,786,1005,1104,NE,824,549,Keya Paha County,Keya Paha County
31,NCNTY31105N31105,"Kimball County, NE",516,598,791,991,1087,NE,3821,1963,Kimball County,Kimball County
31,NCNTY31107N31107,"Knox County, NE",457,580,700,1012,1050,NE,8701,4788,Knox County,Knox County
31,NCNTY31111N31111,"Lincoln County, NE",545,596,788,1061,1065,NE,36288,16583,Lincoln County,Lincoln County
31,NCNTY31113N31113,"Logan County, NE",457,529,700,980,983,NE,763,395,Logan County,Logan County
31,NCNTY31115N31115,"Loup County, NE",457,529,700,895,983,NE,632,426,Loup County,Loup County
31,NCNTY31117N31117,"McPherson County, NE",513,594,786,1005,1104,NE,539,283,McPherson County,McPherson County
31,NCNTY31119N31119,"Madison County, NE",536,616,815,1098,1102,NE,34876,15014,Madison County,Madison County
31,NCNTY31123N31123,"Morrill County, NE",517,680,792,992,1076,NE,5042,2442,Morrill County,Morrill County
31,NCNTY31125N31125,"Nance County, NE",457,611,700,877,1129,NE,3735,1801,Nance County,Nance County
31,NCNTY31127N31127,"Nemaha County, NE",550,613,729,939,1085,NE,7248,3498,Nemaha County,Nemaha County
31,NCNTY31129N31129,"Nuckolls County, NE",457,611,700,950,953,NE,4500,2465,Nuckolls County,Nuckolls County
31,NCNTY31131N31131,"Otoe County, NE",520,609,797,999,1343,NE,15740,7025,Otoe County,Otoe County
31,NCNTY31133N31133,"Pawnee County, NE",457,529,700,894,983,NE,2773,1588,Pawnee County,Pawnee County
31,NCNTY31135N31135,"Perkins County, NE",457,547,700,929,1207,NE,2970,1450,Perkins County,Perkins County
31,NCNTY31137N31137,"Phelps County, NE",457,611,700,1012,1112,NE,9188,4175,Phelps County,Phelps County
31,NCNTY31139N31139,"Pierce County, NE",480,616,736,922,995,NE,7266,3222,Pierce County,Pierce County
31,NCNTY31141N31141,"Platte County, NE",552,649,859,1157,1161,NE,32237,13378,Platte County,Platte County
31,NCNTY31143N31143,"Polk County, NE",457,530,700,943,946,NE,5406,2731,Polk County,Polk County
31,NCNTY31145N31145,"Red Willow County, NE",487,564,746,935,1008,NE,11055,5267,Red Willow County,Red Willow County
31,NCNTY31147N31147,"Richardson County, NE",457,595,700,943,946,NE,8363,4393,Richardson County,Richardson County
31,NCNTY31149N31149,"Rock County, NE",457,529,700,980,983,NE,1526,912,Rock County,Rock County
31,NCNTY31151N31151,"Saline County, NE",580,672,889,1114,1265,NE,14200,5762,Saline County,Saline County
31,NCNTY31157N31157,"Scotts Bluff County, NE",548,637,839,1062,1337,NE,36970,16408,Scotts Bluff County,Scotts Bluff County
31,NCNTY31161N31161,"Sheridan County, NE",457,599,700,995,1139,NE,5469,2936,Sheridan County,Sheridan County
31,NCNTY31163N31163,"Sherman County, NE",457,535,700,1005,1008,NE,3152,1941,Sherman County,Sherman County
31,NCNTY31165N31165,"Sioux County, NE",476,551,729,913,1280,NE,1311,815,Sioux County,Sioux County
31,NCNTY31167N31167,"Stanton County, NE",550,637,843,1056,1290,NE,6129,2633,Stanton County,Stanton County
31,NCNTY31169N31169,"Thayer County, NE",457,547,700,900,1046,NE,5228,2731,Thayer County,Thayer County
31,NCNTY31171N31171,"Thomas County, NE",513,594,786,1005,1104,NE,647,402,Thomas County,Thomas County
31,NCNTY31173N31173,"Thurston County, NE",542,546,722,905,976,NE,6940,2408,Thurston County,Thurston County
31,NCNTY31175N31175,"Valley County, NE",467,541,715,896,1229,NE,4260,2273,Valley County,Valley County
31,NCNTY31179N31179,"Wayne County, NE",499,585,764,957,1342,NE,9595,3776,Wayne County,Wayne County
31,NCNTY31181N31181,"Webster County, NE",535,539,713,893,964,NE,3812,1912,Webster County,Webster County
31,NCNTY31183N31183,"Wheeler County, NE",513,594,786,1005,1104,NE,818,576,Wheeler County,Wheeler County
31,NCNTY31185N31185,"York County, NE",496,621,760,1012,1193,NE,13665,6231,York County,York County
32,NCNTY32001N32001,"Churchill County, NV",726,731,967,1332,1337,NV,24877,10826,Churchill County,Churchill County
32,NCNTY32005N32005,"Douglas County, NV",689,840,1073,1526,1885,NV,46997,23671,Douglas County,Douglas County
32,NCNTY32007N32007,"Elko County, NV",643,757,1001,1447,1468,NV,48818,19566,Elko County,Elko County
32,NCNTY32009N32009,"Esmeralda County, NV",450,560,700,993,1100,NV,783,850,Esmeralda County,Esmeralda County
32,NCNTY32011N32011,"Eureka County, NV",605,711,941,1335,1478,NV,1987,1076,Eureka County,Eureka County
32,NCNTY32013N32013,"Humboldt County, NV",651,776,1014,1270,1371,NV,16528,7123,Humboldt County,Humboldt County
32,NCNTY32015N32015,"Lander County, NV",756,889,1176,1473,1848,NV,5775,2575,Lander County,Lander County
32,NCNTY32017N32017,"Lincoln County, NV",479,651,745,1077,1171,NV,5345,2730,Lincoln County,Lincoln County
32,NCNTY32019N32019,"Lyon County, NV",583,686,907,1311,1593,NV,51980,22547,Lyon County,Lyon County
32,NCNTY32021N32021,"Mineral County, NV",461,555,718,932,1128,NV,4772,2830,Mineral County,Mineral County
32,NCNTY32023N32023,"Nye County, NV",557,691,867,1206,1395,NV,43946,22350,Nye County,Nye County
32,NCNTY32027N32027,"Pershing County, NV",450,573,700,900,1100,NV,6753,2464,Pershing County,Pershing County
32,NCNTY32033N32033,"White Pine County, NV",630,854,980,1417,1498,NV,10030,4498,White Pine County,White Pine County
33,NCNTY33001N33001,"Belknap County, NH",750,856,1100,1456,1487,NH,60088,37386,Belknap County,Alton town
33,NCNTY33003N33003,"Carroll County, NH",751,880,1097,1452,1770,NH,47818,39813,Carroll County,Albany town
33,NCNTY33005N33005,"Cheshire County, NH",796,896,1167,1572,1706,NH,77117,34773,Cheshire County,Alstead town
33,NCNTY33007N33007,"Coos County, NH",640,729,844,1087,1253,NH,33055,21321,Coos County,Atkinson and Gilmanton Academy grant
33,NCNTY33009N33009,"Grafton County, NH",760,884,1158,1451,2034,NH,89118,51120,Grafton County,Alexandria town
33,NCNTY33013N33013,"Merrimack County, NH",859,931,1194,1594,1765,NH,146445,63541,Merrimack County,Allenstown town
33,NCNTY33019N33019,"Sullivan County, NH",774,805,1065,1388,1667,NH,43742,22341,Sullivan County,Acworth town
35,NCNTY35003N35003,"Catron County, NM",546,549,700,960,1147,NM,3725,3289,Catron County,Catron County
35,NCNTY35005N35005,"Chaves County, NM",567,668,883,1132,1398,NM,65645,26697,Chaves County,Chaves County
35,NCNTY35006N35006,"Cibola County, NM",659,665,774,1067,1126,NM,27213,11101,Cibola County,Cibola County
35,NCNTY35007N35007,"Colfax County, NM",608,612,810,1015,1328,NM,13750,10023,Colfax County,Colfax County
35,NCNTY35009N35009,"Curry County, NM",641,754,998,1379,1595,NM,48376,20062,Curry County,Curry County
35,NCNTY35011N35011,"De Baca County, NM",691,695,886,1216,1452,NM,2022,1344,De Baca County,De Baca County
35,NCNTY35015N35015,"Eddy County, NM",731,736,974,1408,1664,NM,53829,22585,Eddy County,Eddy County
35,NCNTY35017N35017,"Grant County, NM",656,683,825,1082,1296,NM,29514,14693,Grant County,Grant County
35,NCNTY35019N35019,"Guadalupe County, NM",568,624,714,1032,1170,NM,4687,2393,Guadalupe County,Guadalupe County
35,NCNTY35021N35021,"Harding County, NM",546,549,700,1012,1147,NM,695,526,Harding County,Harding County
35,NCNTY35023N35023,"Hidalgo County, NM",557,611,700,1012,1141,NM,4894,2393,Hidalgo County,Hidalgo County
35,NCNTY35025N35025,"Lea County, NM",789,794,1002,1326,1530,NM,64727,24919,Lea County,Lea County
35,NCNTY35027N35027,"Lincoln County, NM",646,754,998,1323,1636,NM,20497,17519,Lincoln County,Lincoln County
35,NCNTY35028N35028,"Los Alamos County, NM",867,984,1198,1629,2104,NM,17950,8354,Los Alamos County,Los Alamos County
35,NCNTY35029N35029,"Luna County, NM",505,557,737,1066,1295,NM,25095,10999,Luna County,Luna County
35,NCNTY35031N35031,"McKinley County, NM",580,727,832,1050,1125,NM,71492,25813,McKinley County,McKinley County
35,NCNTY35033N35033,"Mora County, NM",680,684,872,1196,1429,NM,4881,3232,Mora County,Mora County
35,NCNTY35035N35035,"Otero County, NM",640,644,760,1099,1335,NM,63797,30992,Otero County,Otero County
35,NCNTY35037N35037,"Quay County, NM",526,529,700,965,1147,NM,9041,5569,Quay County,Quay County
35,NCNTY35039N35039,"Rio Arriba County, NM",623,639,732,931,1084,NM,40246,19638,Rio Arriba County,Rio Arriba County
35,NCNTY35041N35041,"Roosevelt County, NM",665,670,886,1271,1477,NM,19846,8163,Roosevelt County,Roosevelt County
35,NCNTY35047N35047,"San Miguel County, NM",708,744,921,1169,1362,NM,29393,15595,San Miguel County,San Miguel County
35,NCNTY35051N35051,"Sierra County, NM",564,615,813,1175,1333,NM,11988,8356,Sierra County,Sierra County
35,NCNTY35053N35053,"Socorro County, NM",601,659,755,1038,1204,NM,17866,8059,Socorro County,Socorro County
35,NCNTY35055N35055,"Taos County, NM",776,842,991,1242,1460,NM,32937,20265,Taos County,Taos County
35,NCNTY35059N35059,"Union County, NM",529,532,704,1018,1101,NM,4549,2305,Union County,Union County
36,NCNTY36003N36003,"Allegany County, NY",531,581,706,917,1111,NY,48946,26140,Allegany County,Allegany County
36,NCNTY36009N36009,"Cattaraugus County, NY",584,587,722,998,1113,NY,80317,41111,Cattaraugus County,Cattaraugus County
36,NCNTY36011N36011,"Cayuga County, NY",591,653,827,1046,1137,NY,80026,36489,Cayuga County,Cayuga County
36,NCNTY36013N36013,"Chautauqua County, NY",579,591,730,947,1095,NY,134905,66920,Chautauqua County,Chautauqua County
36,NCNTY36017N36017,"Chenango County, NY",574,621,769,966,1048,NY,50477,24710,Chenango County,Chenango County
36,NCNTY36019N36019,"Clinton County, NY",591,687,844,1096,1179,NY,82128,35888,Clinton County,Clinton County
36,NCNTY36021N36021,"Columbia County, NY",727,790,988,1334,1368,NY,63096,32775,Columbia County,Columbia County
36,NCNTY36023N36023,"Cortland County, NY",663,701,837,1080,1192,NY,49336,20577,Cortland County,Cortland County
36,NCNTY36025N36025,"Delaware County, NY",619,623,784,1019,1060,NY,47980,31222,Delaware County,Delaware County
36,NCNTY36031N36031,"Essex County, NY",653,713,885,1183,1215,NY,39370,25603,Essex County,Essex County
36,NCNTY36033N36033,"Franklin County, NY",551,641,745,984,1007,NY,51599,25306,Franklin County,Franklin County
36,NCNTY36035N36035,"Fulton County, NY",546,664,805,1009,1141,NY,55531,28562,Fulton County,Fulton County
36,NCNTY36037N36037,"Genesee County, NY",572,666,805,1088,1199,NY,60079,25589,Genesee County,Genesee County
36,NCNTY36039N36039,"Greene County, NY",653,827,1017,1326,1613,NY,49221,29210,Greene County,Greene County
36,NCNTY36041N36041,"Hamilton County, NY",682,686,908,1188,1302,NY,4836,8694,Hamilton County,Hamilton County
36,NCNTY36049N36049,"Lewis County, NY",622,692,792,1107,1256,NY,27087,15112,Lewis County,Lewis County
36,NCNTY36057N36057,"Montgomery County, NY",674,678,820,1027,1145,NY,50219,23063,Montgomery County,Montgomery County
36,NCNTY36077N36077,"Otsego County, NY",684,688,872,1093,1393,NY,62259,30777,Otsego County,Otsego County
36,NCNTY36089N36089,"St. Lawrence County, NY",646,672,850,1065,1277,NY,111944,52133,St. Lawrence County,St. Lawrence County
36,NCNTY36097N36097,"Schuyler County, NY",572,622,728,1051,1230,NY,18343,9455,Schuyler County,Schuyler County
36,NCNTY36099N36099,"Seneca County, NY",716,720,851,1165,1414,NY,35251,16043,Seneca County,Seneca County
36,NCNTY36101N36101,"Steuben County, NY",639,661,784,1054,1185,NY,98990,48875,Steuben County,Steuben County
36,NCNTY36105N36105,"Sullivan County, NY",691,833,1019,1316,1442,NY,77547,49186,Sullivan County,Sullivan County
36,NCNTY36121N36121,"Wyoming County, NY",496,563,712,959,962,NY,42155,17970,Wyoming County,Wyoming County
37,NCNTY37005N37005,"Alleghany County, NC",511,515,681,943,1029,NC,11155,8094,Alleghany County,Alleghany County
37,NCNTY37007N37007,"Anson County, NC",605,621,711,982,1249,NC,26948,11576,Anson County,Anson County
37,NCNTY37009N37009,"Ashe County, NC",510,513,679,982,1193,NC,27281,17342,Ashe County,Ashe County
37,NCNTY37011N37011,"Avery County, NC",623,627,830,1058,1321,NC,17797,13890,Avery County,Avery County
37,NCNTY37013N37013,"Beaufort County, NC",581,585,697,942,946,NC,47759,24688,Beaufort County,Beaufort County
37,NCNTY37015N37015,"Bertie County, NC",589,604,692,871,1049,NC,21282,9822,Bertie County,Bertie County
37,NCNTY37017N37017,"Bladen County, NC",536,540,714,961,965,NC,35190,17718,Bladen County,Bladen County
37,NCNTY37029N37029,"Camden County, NC",911,916,1130,1478,1588,NC,9980,4104,Camden County,Camden County
37,NCNTY37031N37031,"Carteret County, NC",709,714,928,1235,1630,NC,66469,48179,Carteret County,Carteret County
37,NCNTY37033N37033,"Caswell County, NC",547,551,679,923,1094,NC,23719,10619,Caswell County,Caswell County
37,NCNTY37039N37039,"Cherokee County, NC",612,616,737,994,1173,NC,27444,17515,Cherokee County,Cherokee County
37,NCNTY37041N37041,"Chowan County, NC",707,726,831,1101,1460,NC,14793,7289,Chowan County,Chowan County
37,NCNTY37043N37043,"Clay County, NC",647,651,794,995,1263,NC,10587,7140,Clay County,Clay County
37,NCNTY37045N37045,"Cleveland County, NC",579,630,724,947,1218,NC,98078,43373,Cleveland County,Cleveland County
37,NCNTY37047N37047,"Columbus County, NC",522,539,679,897,1017,NC,58098,26042,Columbus County,Columbus County
37,NCNTY37055N37055,"Dare County, NC",827,832,1029,1488,1741,NC,33920,33492,Dare County,Dare County
37,NCNTY37061N37061,"Duplin County, NC",563,566,713,945,1217,NC,58505,25728,Duplin County,Duplin County
37,NCNTY37075N37075,"Graham County, NC",541,544,679,851,1193,NC,8861,5930,Graham County,Graham County
37,NCNTY37077N37077,"Granville County, NC",653,657,869,1089,1317,NC,59916,22827,Granville County,Granville County
37,NCNTY37079N37079,"Greene County, NC",533,537,710,890,960,NC,21362,8213,Greene County,Greene County
37,NCNTY37083N37083,"Halifax County, NC",628,631,762,1016,1209,NC,54691,25781,Halifax County,Halifax County
37,NCNTY37085N37085,"Harnett County, NC",638,642,849,1161,1491,NC,114678,46731,Harnett County,Harnett County
37,NCNTY37091N37091,"Hertford County, NC",585,589,779,1061,1062,NC,24669,10635,Hertford County,Hertford County
37,NCNTY37095N37095,"Hyde County, NC",737,742,915,1146,1456,NC,5810,3347,Hyde County,Hyde County
37,NCNTY37099N37099,"Jackson County, NC",637,640,748,986,1314,NC,40271,25948,Jackson County,Jackson County
37,NCNTY37105N37105,"Lee County, NC",660,677,775,1018,1048,NC,57866,24136,Lee County,Lee County
37,NCNTY37107N37107,"Lenoir County, NC",529,586,762,1041,1320,NC,59495,27437,Lenoir County,Lenoir County
37,NCNTY37111N37111,"McDowell County, NC",578,582,679,851,1080,NC,44996,20808,McDowell County,McDowell County
37,NCNTY37113N37113,"Macon County, NC",645,650,833,1076,1463,NC,33922,25245,Macon County,Macon County
37,NCNTY37117N37117,"Martin County, NC",519,522,691,937,1102,NC,24505,11704,Martin County,Martin County
37,NCNTY37121N37121,"Mitchell County, NC",518,522,687,861,1093,NC,15579,8713,Mitchell County,Mitchell County
37,NCNTY37123N37123,"Montgomery County, NC",552,555,679,918,1075,NC,27798,15914,Montgomery County,Montgomery County
37,NCNTY37125N37125,"Moore County, NC",739,758,868,1154,1525,NC,88247,43940,Moore County,Moore County
37,NCNTY37131N37131,"Northampton County, NC",534,538,711,1016,1249,NC,22099,11674,Northampton County,Northampton County
37,NCNTY37139N37139,"Pasquotank County, NC",665,669,885,1280,1384,NC,40661,16833,Pasquotank County,Pasquotank County
37,NCNTY37143N37143,"Perquimans County, NC",697,701,865,1084,1376,NC,13453,6986,Perquimans County,Perquimans County
37,NCNTY37149N37149,"Polk County, NC",620,624,825,1034,1140,NC,20510,11432,Polk County,Polk County
37,NCNTY37153N37153,"Richmond County, NC",572,576,679,886,1008,NC,46639,20738,Richmond County,Richmond County
37,NCNTY37155N37155,"Robeson County, NC",516,519,684,857,972,NC,134168,52751,Robeson County,Robeson County
37,NCNTY37161N37161,"Rutherford County, NC",510,513,679,877,1031,NC,67810,33878,Rutherford County,Rutherford County
37,NCNTY37163N37163,"Sampson County, NC",519,522,679,944,1036,NC,63431,27234,Sampson County,Sampson County
37,NCNTY37165N37165,"Scotland County, NC",575,579,766,960,1238,NC,36157,15193,Scotland County,Scotland County
37,NCNTY37167N37167,"Stanly County, NC",567,571,725,990,1189,NC,60585,27110,Stanly County,Stanly County
37,NCNTY37171N37171,"Surry County, NC",523,526,692,919,1124,NC,73673,33667,Surry County,Surry County
37,NCNTY37173N37173,"Swain County, NC",581,596,682,854,1182,NC,13981,8723,Swain County,Swain County
37,NCNTY37175N37175,"Transylvania County, NC",627,628,736,953,995,NC,33090,19163,Transylvania County,Transylvania County
37,NCNTY37177N37177,"Tyrrell County, NC",564,568,700,1012,1114,NC,4407,2068,Tyrrell County,Tyrrell County
37,NCNTY37181N37181,"Vance County, NC",523,590,682,945,1030,NC,45422,20082,Vance County,Vance County
37,NCNTY37185N37185,"Warren County, NC",441,557,687,982,1207,NC,20972,11806,Warren County,Warren County
37,NCNTY37187N37187,"Washington County, NC",556,559,740,1036,1300,NC,13228,6491,Washington County,Washington County
37,NCNTY37189N37189,"Watauga County, NC",651,783,1014,1367,1428,NC,51079,32137,Watauga County,Watauga County
37,NCNTY37193N37193,"Wilkes County, NC",510,513,679,944,1101,NC,69340,33065,Wilkes County,Wilkes County
37,NCNTY37195N37195,"Wilson County, NC",695,713,816,1099,1103,NC,81234,35511,Wilson County,Wilson County
37,NCNTY37199N37199,"Yancey County, NC",547,551,729,980,1160,NC,17818,11032,Yancey County,Yancey County
38,NCNTY38001N38001,"Adams County, ND",596,611,700,1012,1230,ND,2343,1377,Adams County,Adams County
38,NCNTY38003N38003,"Barnes County, ND",596,600,794,1148,1167,ND,11066,5704,Barnes County,Barnes County
38,NCNTY38005N38005,"Benson County, ND",596,611,700,915,1107,ND,6660,2950,Benson County,Benson County
38,NCNTY38007N38007,"Billings County, ND",688,692,916,1321,1373,ND,783,484,Billings County,Billings County
38,NCNTY38009N38009,"Bottineau County, ND",583,587,776,1031,1280,ND,6429,4341,Bottineau County,Bottineau County
38,NCNTY38011N38011,"Bowman County, ND",583,587,776,972,1064,ND,3151,1683,Bowman County,Bowman County
38,NCNTY38013N38013,"Burke County, ND",768,773,1022,1280,1532,ND,1968,1340,Burke County,Burke County
38,NCNTY38019N38019,"Cavalier County, ND",596,611,700,1010,1049,ND,3993,2309,Cavalier County,Cavalier County
38,NCNTY38021N38021,"Dickey County, ND",598,602,729,913,1238,ND,5289,2636,Dickey County,Dickey County
38,NCNTY38023N38023,"Divide County, ND",526,529,700,1012,1049,ND,2071,1324,Divide County,Divide County
38,NCNTY38025N38025,"Dunn County, ND",992,999,1321,1655,2320,ND,3536,2132,Dunn County,Dunn County
38,NCNTY38027N38027,"Eddy County, ND",596,611,700,1012,1049,ND,2385,1323,Eddy County,Eddy County
38,NCNTY38029N38029,"Emmons County, ND",613,629,720,1039,1079,ND,3550,2085,Emmons County,Emmons County
38,NCNTY38031N38031,"Foster County, ND",574,578,700,1012,1049,ND,3343,1801,Foster County,Foster County
38,NCNTY38033N38033,"Golden Valley County, ND",771,776,1027,1287,1540,ND,1680,967,Golden Valley County,Golden Valley County
38,NCNTY38037N38037,"Grant County, ND",596,607,700,1012,1049,ND,2394,1690,Grant County,Grant County
38,NCNTY38039N38039,"Griggs County, ND",526,529,700,1012,1049,ND,2420,1461,Griggs County,Griggs County
38,NCNTY38041N38041,"Hettinger County, ND",673,690,790,1142,1184,ND,2477,1414,Hettinger County,Hettinger County
38,NCNTY38043N38043,"Kidder County, ND",596,611,700,1000,1049,ND,2435,1674,Kidder County,Kidder County
38,NCNTY38045N38045,"LaMoure County, ND",572,576,762,955,1184,ND,4139,2238,LaMoure County,LaMoure County
38,NCNTY38047N38047,"Logan County, ND",610,626,717,1034,1057,ND,1990,1144,Logan County,Logan County
38,NCNTY38049N38049,"McHenry County, ND",610,626,717,1011,1075,ND,5395,2948,McHenry County,McHenry County
38,NCNTY38051N38051,"McIntosh County, ND",596,611,700,912,967,ND,2809,1858,McIntosh County,McIntosh County
38,NCNTY38053N38053,"McKenzie County, ND",834,840,1111,1392,1666,ND,6360,3090,McKenzie County,McKenzie County
38,NCNTY38055N38055,"McLean County, ND",647,664,760,1057,1269,ND,8962,5590,McLean County,McLean County
38,NCNTY38057N38057,"Mercer County, ND",642,646,855,1113,1502,ND,8424,4450,Mercer County,Mercer County
38,NCNTY38061N38061,"Mountrail County, ND",725,833,1003,1257,1728,ND,7673,4119,Mountrail County,Mountrail County
38,NCNTY38063N38063,"Nelson County, ND",596,611,700,1010,1049,ND,3126,1927,Nelson County,Nelson County
38,NCNTY38067N38067,"Pembina County, ND",596,611,700,922,1196,ND,7413,3859,Pembina County,Pembina County
38,NCNTY38069N38069,"Pierce County, ND",626,630,833,1044,1249,ND,4357,2199,Pierce County,Pierce County
38,NCNTY38071N38071,"Ramsey County, ND",603,607,734,1061,1289,ND,11451,5615,Ramsey County,Ramsey County
38,NCNTY38073N38073,"Ransom County, ND",611,615,814,1073,1220,ND,5457,2656,Ransom County,Ransom County
38,NCNTY38075N38075,"Renville County, ND",568,572,757,1093,1330,ND,2470,1386,Renville County,Renville County
38,NCNTY38077N38077,"Richland County, ND",540,543,700,1012,1155,ND,16321,7503,Richland County,Richland County
38,NCNTY38079N38079,"Rolette County, ND",596,611,700,1010,1049,ND,13937,5372,Rolette County,Rolette County
38,NCNTY38081N38081,"Sargent County, ND",578,581,718,1038,1162,ND,3829,2004,Sargent County,Sargent County
38,NCNTY38083N38083,"Sheridan County, ND",688,692,916,1321,1373,ND,1321,894,Sheridan County,Sheridan County
38,NCNTY38087N38087,"Slope County, ND",688,692,916,1321,1373,ND,727,436,Slope County,Slope County
38,NCNTY38089N38089,"Stark County, ND",900,906,1198,1613,1619,ND,24199,10735,Stark County,Stark County
38,NCNTY38091N38091,"Steele County, ND",572,576,700,1012,1049,ND,1975,1171,Steele County,Steele County
38,NCNTY38093N38093,"Stutsman County, ND",597,601,795,1064,1115,ND,21100,9862,Stutsman County,Stutsman County
38,NCNTY38095N38095,"Towner County, ND",531,535,700,877,1049,ND,2246,1449,Towner County,Towner County
38,NCNTY38097N38097,"Traill County, ND",521,598,746,1079,1310,ND,8121,3780,Traill County,Traill County
38,NCNTY38099N38099,"Walsh County, ND",596,611,700,912,1054,ND,11119,5498,Walsh County,Walsh County
38,NCNTY38101N38101,"Ward County, ND",746,887,1153,1667,2025,ND,61675,26744,Ward County,Ward County
38,NCNTY38103N38103,"Wells County, ND",596,611,700,933,1049,ND,4207,2481,Wells County,Wells County
38,NCNTY38105N38105,"Williams County, ND",685,807,1067,1437,1442,ND,22398,10464,Williams County,Williams County
39,NCNTY39001N39001,"Adams County, OH",533,536,682,854,922,OH,28550,12978,Adams County,Adams County
39,NCNTY39005N39005,"Ashland County, OH",474,561,731,969,1167,OH,53139,22141,Ashland County,Ashland County
39,NCNTY39007N39007,"Ashtabula County, OH",534,560,741,1019,1035,OH,101497,46099,Ashtabula County,Ashtabula County
39,NCNTY39009N39009,"Athens County, OH",686,715,818,1025,1106,OH,64757,26385,Athens County,Athens County
39,NCNTY39011N39011,"Auglaize County, OH",529,547,716,948,980,OH,45949,19585,Auglaize County,Auglaize County
39,NCNTY39021N39021,"Champaign County, OH",561,565,709,1021,1237,OH,40097,16755,Champaign County,Champaign County
39,NCNTY39027N39027,"Clinton County, OH",474,581,738,990,1197,OH,42040,18133,Clinton County,Clinton County
39,NCNTY39029N39029,"Columbiana County, OH",481,570,700,928,1055,OH,107841,47088,Columbiana County,Columbiana County
39,NCNTY39031N39031,"Coshocton County, OH",498,527,682,859,985,OH,36901,16545,Coshocton County,Coshocton County
39,NCNTY39033N39033,"Crawford County, OH",547,551,700,877,946,OH,43784,20167,Crawford County,Crawford County
39,NCNTY39037N39037,"Darke County, OH",520,523,682,918,922,OH,52959,22730,Darke County,Darke County
39,NCNTY39039N39039,"Defiance County, OH",533,554,733,979,1210,OH,39037,16729,Defiance County,Defiance County
39,NCNTY39043N39043,"Erie County, OH",520,606,801,1030,1140,OH,77079,37845,Erie County,Erie County
39,NCNTY39047N39047,"Fayette County, OH",490,595,762,955,1160,OH,29030,12693,Fayette County,Fayette County
39,NCNTY39053N39053,"Gallia County, OH",498,596,682,883,982,OH,30934,13925,Gallia County,Gallia County
39,NCNTY39059N39059,"Guernsey County, OH",557,560,682,854,1057,OH,40087,19193,Guernsey County,Guernsey County
39,NCNTY39063N39063,"Hancock County, OH",601,605,796,1086,1261,OH,74782,33174,Hancock County,Hancock County
39,NCNTY39065N39065,"Hardin County, OH",507,525,694,934,938,OH,32058,13100,Hardin County,Hardin County
39,NCNTY39067N39067,"Harrison County, OH",498,532,682,854,1001,OH,15864,8170,Harrison County,Harrison County
39,NCNTY39069N39069,"Henry County, OH",520,622,712,1007,1010,OH,28215,11963,Henry County,Henry County
39,NCNTY39071N39071,"Highland County, OH",521,592,713,987,1109,OH,43589,19380,Highland County,Highland County
39,NCNTY39075N39075,"Holmes County, OH",498,539,682,856,922,OH,42366,13666,Holmes County,Holmes County
39,NCNTY39077N39077,"Huron County, OH",516,550,714,944,1075,OH,59626,25196,Huron County,Huron County
39,NCNTY39079N39079,"Jackson County, OH",523,563,715,979,1086,OH,33225,14587,Jackson County,Jackson County
39,NCNTY39083N39083,"Knox County, OH",568,577,744,977,1073,OH,60921,25118,Knox County,Knox County
39,NCNTY39091N39091,"Logan County, OH",577,596,789,1004,1067,OH,45858,23181,Logan County,Logan County
39,NCNTY39101N39101,"Marion County, OH",514,605,800,1002,1081,OH,66501,27834,Marion County,Marion County
39,NCNTY39105N39105,"Meigs County, OH",438,564,682,854,959,OH,23770,11191,Meigs County,Meigs County
39,NCNTY39107N39107,"Mercer County, OH",526,529,700,897,946,OH,40814,17633,Mercer County,Mercer County
39,NCNTY39111N39111,"Monroe County, OH",498,594,682,931,1071,OH,14642,7567,Monroe County,Monroe County
39,NCNTY39115N39115,"Morgan County, OH",498,596,682,862,959,OH,15054,7892,Morgan County,Morgan County
39,NCNTY39119N39119,"Muskingum County, OH",473,591,732,917,1072,OH,86074,38074,Muskingum County,Muskingum County
39,NCNTY39121N39121,"Noble County, OH",530,565,725,908,980,OH,14645,6053,Noble County,Noble County
39,NCNTY39123N39123,"Ottawa County, OH",556,614,760,952,1207,OH,41428,27909,Ottawa County,Ottawa County
39,NCNTY39125N39125,"Paulding County, OH",498,566,682,854,954,OH,19614,8749,Paulding County,Paulding County
39,NCNTY39131N39131,"Pike County, OH",514,573,703,1008,1090,OH,28709,12481,Pike County,Pike County
39,NCNTY39135N39135,"Preble County, OH",493,554,733,987,991,OH,42270,17888,Preble County,Preble County
39,NCNTY39137N39137,"Putnam County, OH",545,601,745,933,1007,OH,34499,13731,Putnam County,Putnam County
39,NCNTY39141N39141,"Ross County, OH",598,602,781,979,1056,OH,78064,32148,Ross County,Ross County
39,NCNTY39143N39143,"Sandusky County, OH",517,565,708,943,1087,OH,60944,26390,Sandusky County,Sandusky County
39,NCNTY39145N39145,"Scioto County, OH",438,596,682,966,1070,OH,79499,34142,Scioto County,Scioto County
39,NCNTY39147N39147,"Seneca County, OH",526,530,701,932,948,OH,56745,24122,Seneca County,Seneca County
39,NCNTY39149N39149,"Shelby County, OH",541,607,740,933,1072,OH,49423,20173,Shelby County,Shelby County
39,NCNTY39157N39157,"Tuscarawas County, OH",514,589,779,976,1053,OH,92582,40206,Tuscarawas County,Tuscarawas County
39,NCNTY39161N39161,"Van Wert County, OH",504,522,690,939,942,OH,28744,12615,Van Wert County,Van Wert County
39,NCNTY39163N39163,"Vinton County, OH",498,596,682,959,1198,OH,13435,6291,Vinton County,Vinton County
39,NCNTY39167N39167,"Washington County, OH",531,561,726,941,1091,OH,61778,28367,Washington County,Washington County
39,NCNTY39169N39169,"Wayne County, OH",599,609,779,977,1090,OH,114520,45847,Wayne County,Wayne County
39,NCNTY39171N39171,"Williams County, OH",509,556,697,903,1036,OH,37642,16668,Williams County,Williams County
39,NCNTY39175N39175,"Wyandot County, OH",505,533,691,866,949,OH,22615,9870,Wyandot County,Wyandot County
40,NCNTY40001N40001,"Adair County, OK",499,530,700,947,959,OK,22683,9142,Adair County,Adair County
40,NCNTY40003N40003,"Alfalfa County, OK",524,556,735,955,994,OK,5642,2763,Alfalfa County,Alfalfa County
40,NCNTY40005N40005,"Atoka County, OK",499,529,700,882,978,OK,14182,6312,Atoka County,Atoka County
40,NCNTY40007N40007,"Beaver County, OK",525,573,736,922,1073,OK,5636,2670,Beaver County,Beaver County
40,NCNTY40009N40009,"Beckham County, OK",581,684,905,1134,1320,OK,22119,9647,Beckham County,Beckham County
40,NCNTY40011N40011,"Blaine County, OK",534,566,749,954,1277,OK,11943,5193,Blaine County,Blaine County
40,NCNTY40013N40013,"Bryan County, OK",558,561,742,975,1029,OK,42416,19586,Bryan County,Bryan County
40,NCNTY40015N40015,"Caddo County, OK",485,542,700,877,1056,OK,29600,13141,Caddo County,Caddo County
40,NCNTY40019N40019,"Carter County, OK",587,649,789,989,1067,OK,47557,21148,Carter County,Carter County
40,NCNTY40021N40021,"Cherokee County, OK",550,587,709,977,1145,OK,46987,21455,Cherokee County,Cherokee County
40,NCNTY40023N40023,"Choctaw County, OK",450,529,700,950,986,OK,15205,7521,Choctaw County,Choctaw County
40,NCNTY40025N40025,"Cimarron County, OK",499,545,700,915,1009,OK,2475,1587,Cimarron County,Cimarron County
40,NCNTY40029N40029,"Coal County, OK",499,529,700,1012,1064,OK,5925,2810,Coal County,Coal County
40,NCNTY40035N40035,"Craig County, OK",550,588,731,947,988,OK,15029,6749,Craig County,Craig County
40,NCNTY40039N40039,"Custer County, OK",509,549,714,1032,1254,OK,27469,12204,Custer County,Custer County
40,NCNTY40041N40041,"Delaware County, OK",535,568,751,999,1144,OK,41487,24818,Delaware County,Delaware County
40,NCNTY40043N40043,"Dewey County, OK",532,564,746,935,1062,OK,4810,2445,Dewey County,Dewey County
40,NCNTY40045N40045,"Ellis County, OK",550,601,772,967,1044,OK,4151,2285,Ellis County,Ellis County
40,NCNTY40049N40049,"Garvin County, OK",582,585,700,1012,1200,OK,27576,12827,Garvin County,Garvin County
40,NCNTY40053N40053,"Grant County, OK",512,615,719,901,1075,OK,4527,2486,Grant County,Grant County
40,NCNTY40055N40055,"Greer County, OK",624,662,876,1098,1278,OK,6239,2738,Greer County,Greer County
40,NCNTY40057N40057,"Harmon County, OK",499,545,700,877,1230,OK,2922,1544,Harmon County,Harmon County
40,NCNTY40059N40059,"Harper County, OK",499,545,700,1012,1021,OK,3685,1908,Harper County,Harper County
40,NCNTY40061N40061,"Haskell County, OK",513,529,700,967,1096,OK,12769,6028,Haskell County,Haskell County
40,NCNTY40063N40063,"Hughes County, OK",499,532,700,904,1230,OK,14003,6183,Hughes County,Hughes County
40,NCNTY40065N40065,"Jackson County, OK",533,607,751,1058,1245,OK,26446,12077,Jackson County,Jackson County
40,NCNTY40067N40067,"Jefferson County, OK",461,529,700,949,1030,OK,6472,3378,Jefferson County,Jefferson County
40,NCNTY40069N40069,"Johnston County, OK",516,556,724,934,979,OK,10957,5126,Johnston County,Johnston County
40,NCNTY40071N40071,"Kay County, OK",548,552,722,1021,1148,OK,46562,21708,Kay County,Kay County
40,NCNTY40073N40073,"Kingfisher County, OK",527,646,740,997,1000,OK,15034,6409,Kingfisher County,Kingfisher County
40,NCNTY40075N40075,"Kiowa County, OK",499,529,700,877,971,OK,9446,5216,Kiowa County,Kiowa County
40,NCNTY40077N40077,"Latimer County, OK",499,584,700,945,1064,OK,11154,4979,Latimer County,Latimer County
40,NCNTY40085N40085,"Love County, OK",547,606,767,962,1038,OK,9423,4539,Love County,Love County
40,NCNTY40089N40089,"McCurtain County, OK",450,529,700,902,1056,OK,33151,15533,McCurtain County,McCurtain County
40,NCNTY40091N40091,"McIntosh County, OK",493,611,700,1000,1230,OK,20252,13350,McIntosh County,McIntosh County
40,NCNTY40093N40093,"Major County, OK",527,559,740,927,1000,OK,7527,3671,Major County,Major County
40,NCNTY40095N40095,"Marshall County, OK",460,541,716,897,1129,OK,15840,10006,Marshall County,Marshall County
40,NCNTY40097N40097,"Mayes County, OK",527,559,740,968,1090,OK,41259,19239,Mayes County,Mayes County
40,NCNTY40099N40099,"Murray County, OK",531,611,701,979,1231,OK,13488,6746,Murray County,Murray County
40,NCNTY40101N40101,"Muskogee County, OK",478,562,741,1007,1010,OK,70990,30908,Muskogee County,Muskogee County
40,NCNTY40103N40103,"Noble County, OK",499,611,700,1012,1230,OK,11561,5341,Noble County,Noble County
40,NCNTY40105N40105,"Nowata County, OK",588,624,825,1034,1403,OK,10536,4828,Nowata County,Nowata County
40,NCNTY40107N40107,"Okfuskee County, OK",499,561,700,907,1030,OK,12191,5282,Okfuskee County,Okfuskee County
40,NCNTY40115N40115,"Ottawa County, OK",522,599,793,1000,1083,OK,31848,14060,Ottawa County,Ottawa County
40,NCNTY40119N40119,"Payne County, OK",684,688,851,1230,1350,OK,77350,33991,Payne County,Payne County
40,NCNTY40121N40121,"Pittsburg County, OK",507,596,789,989,1246,OK,45837,22634,Pittsburg County,Pittsburg County
40,NCNTY40123N40123,"Pontotoc County, OK",475,576,740,1000,1089,OK,37492,16595,Pontotoc County,Pontotoc County
40,NCNTY40125N40125,"Pottawatomie County, OK",596,600,758,1010,1100,OK,69442,29139,Pottawatomie County,Pottawatomie County
40,NCNTY40127N40127,"Pushmataha County, OK",480,529,700,972,1026,OK,11572,6110,Pushmataha County,Pushmataha County
40,NCNTY40129N40129,"Roger Mills County, OK",499,611,700,915,1021,OK,3647,1905,Roger Mills County,Roger Mills County
40,NCNTY40133N40133,"Seminole County, OK",450,529,700,905,1052,OK,25482,11642,Seminole County,Seminole County
40,NCNTY40137N40137,"Stephens County, OK",484,578,740,976,1040,OK,45048,20658,Stephens County,Stephens County
40,NCNTY40139N40139,"Texas County, OK",655,672,769,963,1122,OK,20640,8208,Texas County,Texas County
40,NCNTY40141N40141,"Tillman County, OK",499,545,700,972,1021,OK,7992,4077,Tillman County,Tillman County
40,NCNTY40147N40147,"Washington County, OK",530,649,743,1001,1188,OK,50976,23451,Washington County,Washington County
40,NCNTY40149N40149,"Washita County, OK",530,625,743,931,1043,OK,11629,5479,Washita County,Washita County
40,NCNTY40151N40151,"Woods County, OK",521,639,731,916,1066,OK,8878,4478,Woods County,Woods County
40,NCNTY40153N40153,"Woodward County, OK",575,683,782,1063,1198,OK,20081,8838,Woodward County,Woodward County
41,NCNTY41001N41001,"Baker County, OR",478,557,737,1064,1295,OR,16134,8826,Baker County,Baker County
41,NCNTY41007N41007,"Clatsop County, OR",638,745,922,1333,1442,OR,37039,21546,Clatsop County,Clatsop County
41,NCNTY41011N41011,"Coos County, OR",572,728,891,1288,1484,OR,63043,30593,Coos County,Coos County
41,NCNTY41013N41013,"Crook County, OR",520,612,809,1131,1386,OR,20978,10202,Crook County,Crook County
41,NCNTY41015N41015,"Curry County, OR",657,812,1023,1479,1645,OR,22364,12613,Curry County,Curry County
41,NCNTY41019N41019,"Douglas County, OR",673,792,1048,1515,1841,OR,107667,48915,Douglas County,Douglas County
41,NCNTY41021N41021,"Gilliam County, OR",510,615,794,1081,1277,OR,1871,1156,Gilliam County,Gilliam County
41,NCNTY41023N41023,"Grant County, OR",532,598,700,1012,1126,OR,7445,4344,Grant County,Grant County
41,NCNTY41025N41025,"Harney County, OR",450,588,700,1012,1189,OR,7422,3835,Harney County,Harney County
41,NCNTY41027N41027,"Hood River County, OR",766,952,1193,1725,1826,OR,22346,9271,Hood River County,Hood River County
41,NCNTY41031N41031,"Jefferson County, OR",467,635,727,1051,1277,OR,21720,9815,Jefferson County,Jefferson County
41,NCNTY41035N41035,"Klamath County, OR",504,595,784,1106,1201,OR,66380,32774,Klamath County,Klamath County
41,NCNTY41037N41037,"Lake County, OR",450,574,700,965,1178,OR,7895,4439,Lake County,Lake County
41,NCNTY41041N41041,"Lincoln County, OR",598,734,931,1346,1556,OR,46034,30610,Lincoln County,Lincoln County
41,NCNTY41045N41045,"Malheur County, OR",498,567,739,973,1181,OR,31313,11692,Malheur County,Malheur County
41,NCNTY41049N41049,"Morrow County, OR",578,582,770,1037,1041,OR,11173,4442,Morrow County,Morrow County
41,NCNTY41055N41055,"Sherman County, OR",557,675,867,1116,1172,OR,1765,918,Sherman County,Sherman County
41,NCNTY41057N41057,"Tillamook County, OR",652,671,886,1242,1246,OR,25250,18359,Tillamook County,Tillamook County
41,NCNTY41059N41059,"Umatilla County, OR",495,605,771,1066,1162,OR,75889,29693,Umatilla County,Umatilla County
41,NCNTY41061N41061,"Union County, OR",488,575,760,1098,1254,OR,25748,11489,Union County,Union County
41,NCNTY41063N41063,"Wallowa County, OR",482,652,751,1042,1274,OR,7008,4108,Wallowa County,Wallowa County
41,NCNTY41065N41065,"Wasco County, OR",773,872,1153,1539,1965,OR,25213,11487,Wasco County,Wasco County
41,NCNTY41069N41069,"Wheeler County, OR",450,542,700,921,1126,OR,1441,895,Wheeler County,Wheeler County
42,NCNTY42009N42009,"Bedford County, PA",574,606,710,890,1018,PA,49762,23954,Bedford County,Bedford County
42,NCNTY42015N42015,"Bradford County, PA",576,580,767,1067,1147,PA,62622,29979,Bradford County,Bradford County
42,NCNTY42023N42023,"Cameron County, PA",519,523,692,867,935,PA,5085,4455,Cameron County,Cameron County
42,NCNTY42031N42031,"Clarion County, PA",602,602,707,886,956,PA,39988,19962,Clarion County,Clarion County
42,NCNTY42033N42033,"Clearfield County, PA",495,587,717,935,1124,PA,81642,38644,Clearfield County,Clearfield County
42,NCNTY42035N42035,"Clinton County, PA",575,603,797,1038,1380,PA,39238,19080,Clinton County,Clinton County
42,NCNTY42039N42039,"Crawford County, PA",527,581,725,908,980,PA,88765,44686,Crawford County,Crawford County
42,NCNTY42047N42047,"Elk County, PA",519,533,692,912,939,PA,31946,17585,Elk County,Elk County
42,NCNTY42053N42053,"Forest County, PA",573,578,764,957,1173,PA,7716,8760,Forest County,Forest County
42,NCNTY42057N42057,"Fulton County, PA",519,604,692,919,1058,PA,14845,7122,Fulton County,Fulton County
42,NCNTY42059N42059,"Greene County, PA",631,635,756,947,1022,PA,38686,16460,Greene County,Greene County
42,NCNTY42061N42061,"Huntingdon County, PA",519,563,692,931,1033,PA,45913,22365,Huntingdon County,Huntingdon County
42,NCNTY42063N42063,"Indiana County, PA",667,685,828,1037,1119,PA,88880,38236,Indiana County,Indiana County
42,NCNTY42065N42065,"Jefferson County, PA",544,547,692,883,935,PA,45200,22434,Jefferson County,Jefferson County
42,NCNTY42067N42067,"Juniata County, PA",449,547,699,876,945,PA,24636,10978,Juniata County,Juniata County
42,NCNTY42073N42073,"Lawrence County, PA",517,621,804,1007,1127,PA,91108,40975,Lawrence County,Lawrence County
42,NCNTY42083N42083,"McKean County, PA",464,555,722,905,987,PA,43450,21225,McKean County,McKean County
42,NCNTY42087N42087,"Mifflin County, PA",563,598,705,933,956,PA,46682,21537,Mifflin County,Mifflin County
42,NCNTY42097N42097,"Northumberland County, PA",485,586,747,966,1040,PA,94528,45125,Northumberland County,Northumberland County
42,NCNTY42105N42105,"Potter County, PA",589,591,692,956,1093,PA,17457,12932,Potter County,Potter County
42,NCNTY42107N42107,"Schuylkill County, PA",597,601,748,1000,1100,PA,148289,69323,Schuylkill County,Schuylkill County
42,NCNTY42109N42109,"Snyder County, PA",571,575,760,952,1170,PA,39702,16027,Snyder County,Snyder County
42,NCNTY42111N42111,"Somerset County, PA",559,563,692,949,1005,PA,77742,38113,Somerset County,Somerset County
42,NCNTY42113N42113,"Sullivan County, PA",471,570,692,1001,1215,PA,6428,6304,Sullivan County,Sullivan County
42,NCNTY42115N42115,"Susquehanna County, PA",580,602,774,1002,1130,PA,43356,22968,Susquehanna County,Susquehanna County
42,NCNTY42117N42117,"Tioga County, PA",525,674,817,1099,1340,PA,41981,21364,Tioga County,Tioga County
42,NCNTY42119N42119,"Union County, PA",622,649,830,1097,1122,PA,44947,16997,Union County,Union County
42,NCNTY42121N42121,"Venango County, PA",556,560,692,867,1070,PA,54984,27464,Venango County,Venango County
42,NCNTY42123N42123,"Warren County, PA",555,581,692,916,935,PA,41815,23560,Warren County,Warren County
42,NCNTY42127N42127,"Wayne County, PA",665,722,887,1195,1199,PA,52822,31653,Wayne County,Wayne County
45,NCNTY45001N45001,"Abbeville County, SC",518,520,688,995,1208,SC,25417,12079,Abbeville County,Abbeville County
45,NCNTY45005N45005,"Allendale County, SC",539,541,716,964,968,SC,10419,4486,Allendale County,Allendale County
45,NCNTY45009N45009,"Bamberg County, SC",579,581,769,963,1039,SC,15987,7716,Bamberg County,Bamberg County
45,NCNTY45011N45011,"Barnwell County, SC",558,641,741,928,1047,SC,22621,10484,Barnwell County,Barnwell County
45,NCNTY45021N45021,"Cherokee County, SC",473,556,736,922,1126,SC,55342,23997,Cherokee County,Cherokee County
45,NCNTY45025N45025,"Chesterfield County, SC",518,601,688,907,952,SC,46734,21482,Chesterfield County,Chesterfield County
45,NCNTY45027N45027,"Clarendon County, SC",518,577,688,975,1089,SC,34971,17467,Clarendon County,Clarendon County
45,NCNTY45029N45029,"Colleton County, SC",618,713,821,1063,1110,SC,38892,19901,Colleton County,Colleton County
45,NCNTY45033N45033,"Dillon County, SC",518,592,688,892,972,SC,32062,13742,Dillon County,Dillon County
45,NCNTY45043N45043,"Georgetown County, SC",662,665,879,1271,1299,SC,60158,33672,Georgetown County,Georgetown County
45,NCNTY45047N45047,"Greenwood County, SC",567,619,753,1014,1018,SC,69661,31054,Greenwood County,Greenwood County
45,NCNTY45049N45049,"Hampton County, SC",518,520,688,934,1028,SC,21090,9140,Hampton County,Hampton County
45,NCNTY45061N45061,"Lee County, SC",530,532,704,882,952,SC,19220,7775,Lee County,Lee County
45,NCNTY45065N45065,"McCormick County, SC",538,540,714,910,1009,SC,10233,5453,McCormick County,McCormick County
45,NCNTY45067N45067,"Marion County, SC",586,601,688,927,930,SC,33062,14953,Marion County,Marion County
45,NCNTY45069N45069,"Marlboro County, SC",531,563,705,955,1063,SC,28933,12072,Marlboro County,Marlboro County
45,NCNTY45071N45071,"Newberry County, SC",602,604,799,1086,1242,SC,37508,17922,Newberry County,Newberry County
45,NCNTY45073N45073,"Oconee County, SC",553,555,734,1041,1289,SC,74273,38763,Oconee County,Oconee County
45,NCNTY45075N45075,"Orangeburg County, SC",570,574,721,920,1124,SC,92501,42504,Orangeburg County,Orangeburg County
45,NCNTY45089N45089,"Williamsburg County, SC",527,528,699,972,1051,SC,34423,15359,Williamsburg County,Williamsburg County
46,NCNTY46003N46003,"Aurora County, SD",475,538,712,892,1054,SD,2710,1324,Aurora County,Aurora County
46,NCNTY46005N46005,"Beadle County, SD",488,586,731,984,988,SD,17398,8304,Beadle County,Beadle County
46,NCNTY46007N46007,"Bennett County, SD",467,611,700,924,946,SD,3431,1263,Bennett County,Bennett County
46,NCNTY46009N46009,"Bon Homme County, SD",467,563,700,1012,1022,SD,7070,2931,Bon Homme County,Bon Homme County
46,NCNTY46011N46011,"Brookings County, SD",654,658,826,1194,1323,SD,31965,13137,Brookings County,Brookings County
46,NCNTY46013N46013,"Brown County, SD",503,592,783,1054,1058,SD,36531,16706,Brown County,Brown County
46,NCNTY46015N46015,"Brule County, SD",497,568,745,1067,1071,SD,5255,2433,Brule County,Brule County
46,NCNTY46017N46017,"Buffalo County, SD",514,581,769,1006,1105,SD,1912,609,Buffalo County,Buffalo County
46,NCNTY46019N46019,"Butte County, SD",516,584,772,967,1109,SD,10110,4621,Butte County,Butte County
46,NCNTY46021N46021,"Campbell County, SD",467,529,700,916,1172,SD,1466,980,Campbell County,Campbell County
46,NCNTY46023N46023,"Charles Mix County, SD",474,537,710,890,1011,SD,9129,3849,Charles Mix County,Charles Mix County
46,NCNTY46025N46025,"Clark County, SD",562,637,842,1055,1138,SD,3691,1710,Clark County,Clark County
46,NCNTY46027N46027,"Clay County, SD",552,624,826,1060,1451,SD,13864,5639,Clay County,Clay County
46,NCNTY46029N46029,"Codington County, SD",521,590,780,1036,1193,SD,27227,12397,Codington County,Codington County
46,NCNTY46031N46031,"Corson County, SD",467,594,700,975,1022,SD,4050,1540,Corson County,Corson County
46,NCNTY46035N46035,"Davison County, SD",547,643,851,1066,1392,SD,19504,8852,Davison County,Davison County
46,NCNTY46037N46037,"Day County, SD",467,610,700,922,961,SD,5710,3630,Day County,Day County
46,NCNTY46039N46039,"Deuel County, SD",467,611,700,1003,1006,SD,4364,2204,Deuel County,Deuel County
46,NCNTY46041N46041,"Dewey County, SD",527,596,789,989,1067,SD,5301,2002,Dewey County,Dewey County
46,NCNTY46043N46043,"Douglas County, SD",528,598,791,991,1137,SD,3002,1439,Douglas County,Douglas County
46,NCNTY46045N46045,"Edmunds County, SD",494,610,740,968,1290,SD,4071,1966,Edmunds County,Edmunds County
46,NCNTY46047N46047,"Fall River County, SD",500,654,749,1083,1239,SD,7094,4191,Fall River County,Fall River County
46,NCNTY46049N46049,"Faulk County, SD",481,544,720,902,1035,SD,2364,1136,Faulk County,Faulk County
46,NCNTY46051N46051,"Grant County, SD",502,568,751,941,1308,SD,7356,3526,Grant County,Grant County
46,NCNTY46053N46053,"Gregory County, SD",467,561,700,968,997,SD,4271,2503,Gregory County,Gregory County
46,NCNTY46055N46055,"Haakon County, SD",562,636,841,1100,1209,SD,1937,1013,Haakon County,Haakon County
46,NCNTY46057N46057,"Hamlin County, SD",508,575,761,958,1094,SD,5903,2760,Hamlin County,Hamlin County
46,NCNTY46059N46059,"Hand County, SD",467,542,700,1003,1006,SD,3431,1815,Hand County,Hand County
46,NCNTY46061N46061,"Hanson County, SD",467,529,700,916,1085,SD,3331,1177,Hanson County,Hanson County
46,NCNTY46063N46063,"Harding County, SD",492,557,737,964,1059,SD,1255,731,Harding County,Harding County
46,NCNTY46065N46065,"Hughes County, SD",496,584,772,1116,1356,SD,17022,7623,Hughes County,Hughes County
46,NCNTY46067N46067,"Hutchinson County, SD",497,562,744,932,1006,SD,7343,3351,Hutchinson County,Hutchinson County
46,NCNTY46069N46069,"Hyde County, SD",467,529,700,916,1006,SD,1420,708,Hyde County,Hyde County
46,NCNTY46071N46071,"Jackson County, SD",467,529,700,1012,1146,SD,3031,1193,Jackson County,Jackson County
46,NCNTY46073N46073,"Jerauld County, SD",467,611,700,1003,1006,SD,2071,1070,Jerauld County,Jerauld County
46,NCNTY46075N46075,"Jones County, SD",467,529,700,1003,1006,SD,1006,589,Jones County,Jones County
46,NCNTY46077N46077,"Kingsbury County, SD",467,529,700,1012,1093,SD,5148,2720,Kingsbury County,Kingsbury County
46,NCNTY46079N46079,"Lake County, SD",467,592,700,1012,1230,SD,11200,5559,Lake County,Lake County
46,NCNTY46081N46081,"Lawrence County, SD",540,608,759,1097,1333,SD,24097,12756,Lawrence County,Lawrence County
46,NCNTY46085N46085,"Lyman County, SD",479,543,718,947,1032,SD,3755,1704,Lyman County,Lyman County
46,NCNTY46089N46089,"McPherson County, SD",556,630,833,1090,1197,SD,2459,1418,McPherson County,McPherson County
46,NCNTY46091N46091,"Marshall County, SD",474,537,710,984,1020,SD,4656,2534,Marshall County,Marshall County
46,NCNTY46095N46095,"Mellette County, SD",514,581,769,1006,1105,SD,2048,838,Mellette County,Mellette County
46,NCNTY46097N46097,"Miner County, SD",467,529,700,959,1006,SD,2389,1308,Miner County,Miner County
46,NCNTY46101N46101,"Moody County, SD",467,584,700,889,1080,SD,6486,2824,Moody County,Moody County
46,NCNTY46102N46102,Oglala Lakota County,467,529,700,943,946,SD,13586,3593,Oglala Lakota County,Oglala Lakota County
46,NCNTY46105N46105,"Perkins County, SD",500,566,749,938,1076,SD,2982,1739,Perkins County,Perkins County
46,NCNTY46107N46107,"Potter County, SD",503,658,753,985,1082,SD,2329,1500,Potter County,Potter County
46,NCNTY46109N46109,"Roberts County, SD",470,537,704,905,972,SD,10149,4905,Roberts County,Roberts County
46,NCNTY46111N46111,"Sanborn County, SD",467,611,700,983,1208,SD,2355,1172,Sanborn County,Sanborn County
46,NCNTY46115N46115,"Spink County, SD",497,563,745,950,1007,SD,6415,3139,Spink County,Spink County
46,NCNTY46117N46117,"Stanley County, SD",560,634,839,1098,1206,SD,2966,1387,Stanley County,Stanley County
46,NCNTY46119N46119,"Sully County, SD",467,529,700,928,1006,SD,1373,845,Sully County,Sully County
46,NCNTY46121N46121,"Todd County, SD",467,529,700,903,946,SD,9612,3142,Todd County,Todd County
46,NCNTY46123N46123,"Tripp County, SD",467,529,700,1003,1006,SD,5644,3072,Tripp County,Tripp County
46,NCNTY46129N46129,"Walworth County, SD",467,611,700,1012,1104,SD,5438,3003,Walworth County,Walworth County
46,NCNTY46135N46135,"Yankton County, SD",514,582,770,1029,1093,SD,22438,9652,Yankton County,Yankton County
46,NCNTY46137N46137,"Ziebach County, SD",467,529,700,944,1084,SD,2801,987,Ziebach County,Ziebach County
47,NCNTY47003N47003,"Bedford County, TN",582,586,750,984,1219,TN,45058,18360,Bedford County,Bedford County
47,NCNTY47005N47005,"Benton County, TN",457,530,619,853,915,TN,16489,8975,Benton County,Benton County
47,NCNTY47007N47007,"Bledsoe County, TN",457,542,620,777,920,TN,12876,5718,Bledsoe County,Bledsoe County
47,NCNTY47017N47017,"Carroll County, TN",476,535,645,808,957,TN,28522,13184,Carroll County,Carroll County
47,NCNTY47025N47025,"Claiborne County, TN",457,487,619,776,979,TN,32213,14859,Claiborne County,Claiborne County
47,NCNTY47027N47027,"Clay County, TN",457,481,619,870,919,TN,7861,4282,Clay County,Clay County
47,NCNTY47029N47029,"Cocke County, TN",466,478,632,906,938,TN,35662,17459,Cocke County,Cocke County
47,NCNTY47031N47031,"Coffee County, TN",529,542,717,968,1047,TN,52796,23434,Coffee County,Coffee County
47,NCNTY47035N47035,"Cumberland County, TN",514,517,684,920,954,TN,56053,28151,Cumberland County,Cumberland County
47,NCNTY47039N47039,"Decatur County, TN",457,541,619,776,919,TN,11757,6873,Decatur County,Decatur County
47,NCNTY47041N47041,"DeKalb County, TN",457,468,619,895,919,TN,18723,9405,DeKalb County,DeKalb County
47,NCNTY47045N47045,"Dyer County, TN",500,513,678,980,1026,TN,38335,16703,Dyer County,Dyer County
47,NCNTY47049N47049,"Fentress County, TN",457,541,619,830,1058,TN,17959,8961,Fentress County,Fentress County
47,NCNTY47051N47051,"Franklin County, TN",459,470,622,899,1065,TN,41052,18697,Franklin County,Franklin County
47,NCNTY47053N47053,"Gibson County, TN",493,584,669,913,1103,TN,49683,21999,Gibson County,Gibson County
47,NCNTY47055N47055,"Giles County, TN",478,566,648,881,1075,TN,29485,13844,Giles County,Giles County
47,NCNTY47059N47059,"Greene County, TN",472,475,619,812,968,TN,68831,32025,Greene County,Greene County
47,NCNTY47061N47061,"Grundy County, TN",457,496,619,866,919,TN,13703,6397,Grundy County,Grundy County
47,NCNTY47067N47067,"Hancock County, TN",457,488,619,893,1087,TN,6819,3624,Hancock County,Hancock County
47,NCNTY47069N47069,"Hardeman County, TN",457,469,620,847,928,TN,27253,10851,Hardeman County,Hardeman County
47,NCNTY47071N47071,"Hardin County, TN",534,569,724,907,1075,TN,26026,13946,Hardin County,Hardin County
47,NCNTY47075N47075,"Haywood County, TN",469,516,683,942,1073,TN,18787,8315,Haywood County,Haywood County
47,NCNTY47077N47077,"Henderson County, TN",511,524,693,868,937,TN,27769,12776,Henderson County,Henderson County
47,NCNTY47079N47079,"Henry County, TN",484,513,656,900,995,TN,32330,17054,Henry County,Henry County
47,NCNTY47083N47083,"Houston County, TN",502,595,681,853,945,TN,8426,4188,Houston County,Houston County
47,NCNTY47085N47085,"Humphreys County, TN",494,553,670,873,1020,TN,18538,8865,Humphreys County,Humphreys County
47,NCNTY47087N47087,"Jackson County, TN",457,468,619,803,837,TN,11638,5843,Jackson County,Jackson County
47,NCNTY47091N47091,"Johnson County, TN",459,544,623,781,925,TN,18244,8956,Johnson County,Johnson County
47,NCNTY47095N47095,"Lake County, TN",457,518,619,825,837,TN,7832,2598,Lake County,Lake County
47,NCNTY47097N47097,"Lauderdale County, TN",484,547,656,875,1023,TN,27815,11256,Lauderdale County,Lauderdale County
47,NCNTY47099N47099,"Lawrence County, TN",479,533,650,845,904,TN,41869,18177,Lawrence County,Lawrence County
47,NCNTY47101N47101,"Lewis County, TN",457,481,619,814,919,TN,12161,5470,Lewis County,Lewis County
47,NCNTY47103N47103,"Lincoln County, TN",491,516,666,897,900,TN,33361,15241,Lincoln County,Lincoln County
47,NCNTY47107N47107,"McMinn County, TN",493,583,668,871,909,TN,52266,23341,McMinn County,McMinn County
47,NCNTY47109N47109,"McNairy County, TN",457,468,619,813,1087,TN,26075,11933,McNairy County,McNairy County
47,NCNTY47117N47117,"Marshall County, TN",557,561,742,941,1003,TN,30617,13119,Marshall County,Marshall County
47,NCNTY47121N47121,"Meigs County, TN",473,561,642,928,953,TN,11753,5628,Meigs County,Meigs County
47,NCNTY47123N47123,"Monroe County, TN",418,539,650,940,1010,TN,44519,20787,Monroe County,Monroe County
47,NCNTY47127N47127,"Moore County, TN",457,481,619,889,919,TN,6362,2915,Moore County,Moore County
47,NCNTY47131N47131,"Obion County, TN",448,508,631,857,1108,TN,31807,14659,Obion County,Obion County
47,NCNTY47133N47133,"Overton County, TN",459,470,622,792,923,TN,22083,10295,Overton County,Overton County
47,NCNTY47135N47135,"Perry County, TN",472,476,629,817,934,TN,7915,4599,Perry County,Perry County
47,NCNTY47137N47137,"Pickett County, TN",457,481,619,776,919,TN,5077,3462,Pickett County,Pickett County
47,NCNTY47141N47141,"Putnam County, TN",570,570,708,1009,1051,TN,72321,31882,Putnam County,Putnam County
47,NCNTY47143N47143,"Rhea County, TN",518,521,674,874,1020,TN,31809,14365,Rhea County,Rhea County
47,NCNTY47151N47151,"Scott County, TN",457,468,619,855,858,TN,22228,9910,Scott County,Scott County
47,NCNTY47155N47155,"Sevier County, TN",662,672,778,1106,1214,TN,89889,55918,Sevier County,Sevier County
47,NCNTY47161N47161,"Stewart County, TN",495,556,671,841,996,TN,13324,6778,Stewart County,Stewart County
47,NCNTY47175N47175,"Van Buren County, TN",494,507,670,839,994,TN,5548,2663,Van Buren County,Van Buren County
47,NCNTY47177N47177,"Warren County, TN",499,511,676,849,1142,TN,39839,17821,Warren County,Warren County
47,NCNTY47181N47181,"Wayne County, TN",457,468,619,776,919,TN,17021,7287,Wayne County,Wayne County
47,NCNTY47183N47183,"Weakley County, TN",441,502,639,840,1002,TN,35021,15495,Weakley County,Weakley County
47,NCNTY47185N47185,"White County, TN",471,497,639,861,864,TN,25841,11511,White County,White County
48,NCNTY48001N48001,"Anderson County, TX",622,719,828,1165,1454,TX,58458,20116,Anderson County,Anderson County
48,NCNTY48003N48003,"Andrews County, TX",820,825,1091,1367,1916,TX,14786,5814,Andrews County,Andrews County
48,NCNTY48005N48005,"Angelina County, TX",725,743,851,1126,1173,TX,86771,35589,Angelina County,Angelina County
48,NCNTY48017N48017,"Bailey County, TX",526,611,700,1012,1079,TX,7165,2784,Bailey County,Bailey County
48,NCNTY48023N48023,"Baylor County, TX",526,535,700,1012,1079,TX,3726,2665,Baylor County,Baylor County
48,NCNTY48025N48025,"Bee County, TX",730,735,924,1336,1495,TX,31861,10649,Bee County,Bee County
48,NCNTY48031N48031,"Blanco County, TX",670,674,891,1177,1452,TX,10497,5532,Blanco County,Blanco County
48,NCNTY48033N48033,"Borden County, TX",609,644,810,1076,1248,TX,641,385,Borden County,Borden County
48,NCNTY48035N48035,"Bosque County, TX",582,585,774,970,1046,TX,18212,9623,Bosque County,Bosque County
48,NCNTY48043N48043,"Brewster County, TX",630,634,839,1130,1134,TX,9232,5383,Brewster County,Brewster County
48,NCNTY48045N48045,"Briscoe County, TX",526,557,700,883,1079,TX,1637,953,Briscoe County,Briscoe County
48,NCNTY48047N48047,"Brooks County, TX",526,557,700,877,1079,TX,7223,3239,Brooks County,Brooks County
48,NCNTY48049N48049,"Brown County, TX",524,630,743,1074,1201,TX,38106,18287,Brown County,Brown County
48,NCNTY48053N48053,"Burnet County, TX",745,764,875,1255,1348,TX,42750,20870,Burnet County,Burnet County
48,NCNTY48057N48057,"Calhoun County, TX",656,736,873,1094,1533,TX,21381,11410,Calhoun County,Calhoun County
48,NCNTY48063N48063,"Camp County, TX",561,652,747,1078,1151,TX,12401,5656,Camp County,Camp County
48,NCNTY48067N48067,"Cass County, TX",450,529,700,1012,1230,TX,30464,14379,Cass County,Cass County
48,NCNTY48069N48069,"Castro County, TX",570,616,759,951,1169,TX,8062,3166,Castro County,Castro County
48,NCNTY48073N48073,"Cherokee County, TX",572,575,761,994,1071,TX,50845,20859,Cherokee County,Cherokee County
48,NCNTY48075N48075,"Childress County, TX",603,638,802,1160,1236,TX,7041,2883,Childress County,Childress County
48,NCNTY48079N48079,"Cochran County, TX",526,536,700,877,1079,TX,3127,1360,Cochran County,Cochran County
48,NCNTY48081N48081,"Coke County, TX",526,529,700,877,1079,TX,3320,2667,Coke County,Coke County
48,NCNTY48083N48083,"Coleman County, TX",526,529,700,943,946,TX,8895,5543,Coleman County,Coleman County
48,NCNTY48087N48087,"Collingsworth County, TX",532,563,708,887,1091,TX,3057,1616,Collingsworth County,Collingsworth County
48,NCNTY48089N48089,"Colorado County, TX",530,533,705,1019,1238,TX,20874,10527,Colorado County,Colorado County
48,NCNTY48093N48093,"Comanche County, TX",526,610,700,1012,1079,TX,13974,7223,Comanche County,Comanche County
48,NCNTY48095N48095,"Concho County, TX",627,631,835,1046,1287,TX,4087,1637,Concho County,Concho County
48,NCNTY48097N48097,"Cooke County, TX",665,705,885,1192,1196,TX,38437,16606,Cooke County,Cooke County
48,NCNTY48101N48101,"Cottle County, TX",677,716,901,1197,1388,TX,1505,968,Cottle County,Cottle County
48,NCNTY48103N48103,"Crane County, TX",526,557,700,1012,1079,TX,4375,1632,Crane County,Crane County
48,NCNTY48105N48105,"Crockett County, TX",526,557,700,1012,1079,TX,3719,1866,Crockett County,Crockett County
48,NCNTY48109N48109,"Culberson County, TX",609,704,810,1076,1248,TX,2398,1137,Culberson County,Culberson County
48,NCNTY48111N48111,"Dallam County, TX",633,735,842,1055,1297,TX,6703,2827,Dallam County,Dallam County
48,NCNTY48115N48115,"Dawson County, TX",526,611,700,1012,1079,TX,13833,5220,Dawson County,Dawson County
48,NCNTY48117N48117,"Deaf Smith County, TX",634,638,844,1075,1141,TX,19372,7077,Deaf Smith County,Deaf Smith County
48,NCNTY48119N48119,"Delta County, TX",530,533,705,949,953,TX,5231,2458,Delta County,Delta County
48,NCNTY48123N48123,"DeWitt County, TX",602,606,801,1079,1234,TX,20097,9176,DeWitt County,DeWitt County
48,NCNTY48125N48125,"Dickens County, TX",526,611,700,930,1079,TX,2444,1282,Dickens County,Dickens County
48,NCNTY48127N48127,"Dimmit County, TX",609,644,810,1076,1248,TX,9996,4350,Dimmit County,Dimmit County
48,NCNTY48129N48129,"Donley County, TX",529,548,704,1018,1085,TX,3677,2142,Donley County,Donley County
48,NCNTY48131N48131,"Duval County, TX",578,611,769,1047,1050,TX,11782,5523,Duval County,Duval County
48,NCNTY48133N48133,"Eastland County, TX",462,529,700,877,946,TX,18583,10258,Eastland County,Eastland County
48,NCNTY48137N48137,"Edwards County, TX",609,644,810,1076,1248,TX,2002,1606,Edwards County,Edwards County
48,NCNTY48143N48143,"Erath County, TX",644,706,857,1154,1158,TX,37890,16987,Erath County,Erath County
48,NCNTY48147N48147,"Fannin County, TX",533,627,830,1177,1341,TX,33915,14191,Fannin County,Fannin County
48,NCNTY48149N48149,"Fayette County, TX",615,637,818,1183,1260,TX,24554,13868,Fayette County,Fayette County
48,NCNTY48151N48151,"Fisher County, TX",526,557,700,937,1079,TX,3974,2212,Fisher County,Fisher County
48,NCNTY48153N48153,"Floyd County, TX",565,657,752,942,1090,TX,6446,3004,Floyd County,Floyd County
48,NCNTY48155N48155,"Foard County, TX",609,644,810,1076,1248,TX,1336,789,Foard County,Foard County
48,NCNTY48159N48159,"Franklin County, TX",563,585,749,944,1316,TX,10605,5770,Franklin County,Franklin County
48,NCNTY48161N48161,"Freestone County, TX",526,577,700,1012,1230,TX,19816,9265,Freestone County,Freestone County
48,NCNTY48163N48163,"Frio County, TX",626,642,735,967,1291,TX,17217,5846,Frio County,Frio County
48,NCNTY48165N48165,"Gaines County, TX",527,557,701,1014,1231,TX,17526,6301,Gaines County,Gaines County
48,NCNTY48169N48169,"Garza County, TX",551,583,733,1060,1287,TX,6461,2237,Garza County,Garza County
48,NCNTY48171N48171,"Gillespie County, TX",770,774,1024,1433,1546,TX,24837,12778,Gillespie County,Gillespie County
48,NCNTY48173N48173,"Glasscock County, TX",609,644,810,1076,1248,TX,1226,580,Glasscock County,Glasscock County
48,NCNTY48177N48177,"Gonzales County, TX",576,580,767,1057,1182,TX,19807,8794,Gonzales County,Gonzales County
48,NCNTY48179N48179,"Gray County, TX",613,617,816,1024,1257,TX,22535,10158,Gray County,Gray County
48,NCNTY48185N48185,"Grimes County, TX",595,599,792,1123,1220,TX,26604,10917,Grimes County,Grimes County
48,NCNTY48189N48189,"Hale County, TX",450,602,700,1012,1079,TX,36273,13541,Hale County,Hale County
48,NCNTY48191N48191,"Hall County, TX",526,568,700,1012,1079,TX,3353,1943,Hall County,Hall County
48,NCNTY48193N48193,"Hamilton County, TX",572,612,761,1011,1173,TX,8517,4566,Hamilton County,Hamilton County
48,NCNTY48195N48195,"Hansford County, TX",582,606,775,971,1194,TX,5613,2338,Hansford County,Hansford County
48,NCNTY48197N48197,"Hardeman County, TX",558,561,742,985,1143,TX,4139,2417,Hardeman County,Hardeman County
48,NCNTY48203N48203,"Harrison County, TX",548,726,853,1117,1153,TX,65631,27704,Harrison County,Harrison County
48,NCNTY48205N48205,"Hartley County, TX",620,721,825,1193,1271,TX,6062,1946,Hartley County,Hartley County
48,NCNTY48207N48207,"Haskell County, TX",526,611,700,877,1079,TX,5899,3443,Haskell County,Haskell County
48,NCNTY48211N48211,"Hemphill County, TX",588,648,783,1044,1375,TX,3807,1629,Hemphill County,Hemphill County
48,NCNTY48213N48213,"Henderson County, TX",644,695,887,1173,1401,TX,78532,39595,Henderson County,Henderson County
48,NCNTY48217N48217,"Hill County, TX",509,618,793,994,1072,TX,35089,16118,Hill County,Hill County
48,NCNTY48219N48219,"Hockley County, TX",603,634,802,1005,1236,TX,22935,9293,Hockley County,Hockley County
48,NCNTY48223N48223,"Hopkins County, TX",600,628,799,1099,1261,TX,35161,15029,Hopkins County,Hopkins County
48,NCNTY48225N48225,"Houston County, TX",482,567,750,940,1014,TX,23732,11532,Houston County,Houston County
48,NCNTY48227N48227,"Howard County, TX",714,772,950,1190,1337,TX,35012,13124,Howard County,Howard County
48,NCNTY48233N48233,"Hutchinson County, TX",633,637,842,1074,1390,TX,22150,10629,Hutchinson County,Hutchinson County
48,NCNTY48237N48237,"Jack County, TX",692,696,921,1154,1347,TX,9044,4095,Jack County,Jack County
48,NCNTY48239N48239,"Jackson County, TX",667,684,888,1241,1245,TX,14075,6590,Jackson County,Jackson County
48,NCNTY48241N48241,"Jasper County, TX",624,627,830,1040,1122,TX,35710,16798,Jasper County,Jasper County
48,NCNTY48243N48243,"Jeff Davis County, TX",826,874,1099,1460,1544,TX,2342,1613,Jeff Davis County,Jeff Davis County
48,NCNTY48247N48247,"Jim Hogg County, TX",526,586,700,1012,1079,TX,5300,2441,Jim Hogg County,Jim Hogg County
48,NCNTY48249N48249,"Jim Wells County, TX",673,677,896,1123,1211,TX,40838,16147,Jim Wells County,Jim Wells County
48,NCNTY48255N48255,"Karnes County, TX",539,624,825,1034,1271,TX,14824,5650,Karnes County,Karnes County
48,NCNTY48261N48261,"Kenedy County, TX",609,644,810,1076,1248,TX,416,233,Kenedy County,Kenedy County
48,NCNTY48263N48263,"Kent County, TX",526,557,700,1012,1079,TX,808,552,Kent County,Kent County
48,NCNTY48265N48265,"Kerr County, TX",773,793,908,1271,1293,TX,49625,23831,Kerr County,Kerr County
48,NCNTY48267N48267,"Kimble County, TX",623,679,829,1039,1277,TX,4607,3371,Kimble County,Kimble County
48,NCNTY48269N48269,"King County, TX",775,820,1031,1292,1589,TX,286,186,King County,King County
48,NCNTY48271N48271,"Kinney County, TX",629,665,837,1049,1290,TX,3598,1940,Kinney County,Kinney County
48,NCNTY48273N48273,"Kleberg County, TX",642,670,854,1235,1500,TX,32061,12787,Kleberg County,Kleberg County
48,NCNTY48275N48275,"Knox County, TX",526,557,700,877,1079,TX,3719,2044,Knox County,Knox County
48,NCNTY48277N48277,"Lamar County, TX",603,634,785,1037,1379,TX,49793,22481,Lamar County,Lamar County
48,NCNTY48279N48279,"Lamb County, TX",535,622,712,912,962,TX,13977,6128,Lamb County,Lamb County
48,NCNTY48283N48283,"La Salle County, TX",581,584,773,1118,1191,TX,6886,2746,La Salle County,La Salle County
48,NCNTY48285N48285,"Lavaca County, TX",490,576,762,1081,1174,TX,19263,10344,Lavaca County,Lavaca County
48,NCNTY48287N48287,"Lee County, TX",645,682,858,1161,1322,TX,16612,7499,Lee County,Lee County
48,NCNTY48289N48289,"Leon County, TX",526,562,700,947,1040,TX,16801,9509,Leon County,Leon County
48,NCNTY48293N48293,"Limestone County, TX",542,637,843,1056,1139,TX,23384,10536,Limestone County,Limestone County
48,NCNTY48295N48295,"Lipscomb County, TX",555,645,739,987,1005,TX,3302,1512,Lipscomb County,Lipscomb County
48,NCNTY48297N48297,"Live Oak County, TX",532,535,700,1012,1230,TX,11531,6065,Live Oak County,Live Oak County
48,NCNTY48299N48299,"Llano County, TX",649,653,864,1083,1331,TX,19301,14280,Llano County,Llano County
48,NCNTY48301N48301,"Loving County, TX",609,644,810,1076,1248,TX,82,50,Loving County,Loving County
48,NCNTY48307N48307,"McCulloch County, TX",594,597,790,990,1217,TX,8283,4302,McCulloch County,McCulloch County
48,NCNTY48311N48311,"McMullen County, TX",609,644,810,1076,1248,TX,707,485,McMullen County,McMullen County
48,NCNTY48313N48313,"Madison County, TX",661,680,880,1103,1190,TX,13664,5096,Madison County,Madison County
48,NCNTY48315N48315,"Marion County, TX",546,577,726,953,1275,TX,10546,6218,Marion County,Marion County
48,NCNTY48319N48319,"Mason County, TX",792,838,1054,1357,1624,TX,4012,2733,Mason County,Mason County
48,NCNTY48321N48321,"Matagorda County, TX",685,689,840,1052,1440,TX,36702,18801,Matagorda County,Matagorda County
48,NCNTY48323N48323,"Maverick County, TX",590,594,773,968,1203,TX,54258,17462,Maverick County,Maverick County
48,NCNTY48327N48327,"Menard County, TX",565,598,752,942,1159,TX,2242,1702,Menard County,Menard County
48,NCNTY48331N48331,"Milam County, TX",563,566,749,992,1316,TX,24757,11305,Milam County,Milam County
48,NCNTY48333N48333,"Mills County, TX",564,596,750,940,1156,TX,4936,2846,Mills County,Mills County
48,NCNTY48335N48335,"Mitchell County, TX",543,546,722,905,1112,TX,9403,4064,Mitchell County,Mitchell County
48,NCNTY48337N48337,"Montague County, TX",681,685,906,1135,1396,TX,19719,10131,Montague County,Montague County
48,NCNTY48341N48341,"Moore County, TX",618,666,823,1062,1268,TX,21904,7881,Moore County,Moore County
48,NCNTY48343N48343,"Morris County, TX",450,559,700,1012,1212,TX,12934,6024,Morris County,Morris County
48,NCNTY48345N48345,"Motley County, TX",526,557,700,930,1079,TX,1210,779,Motley County,Motley County
48,NCNTY48347N48347,"Nacogdoches County, TX",593,737,891,1168,1404,TX,64524,27406,Nacogdoches County,Nacogdoches County
48,NCNTY48349N48349,"Navarro County, TX",664,668,828,1123,1333,TX,47735,20234,Navarro County,Navarro County
48,NCNTY48353N48353,"Nolan County, TX",552,556,735,932,1291,TX,15216,7152,Nolan County,Nolan County
48,NCNTY48357N48357,"Ochiltree County, TX",588,623,783,1003,1281,TX,10223,4062,Ochiltree County,Ochiltree County
48,NCNTY48363N48363,"Palo Pinto County, TX",554,626,816,1102,1335,TX,28111,15214,Palo Pinto County,Palo Pinto County
48,NCNTY48365N48365,"Panola County, TX",585,588,778,975,1215,TX,23796,10920,Panola County,Panola County
48,NCNTY48369N48369,"Parmer County, TX",526,611,700,962,1230,TX,10269,3799,Parmer County,Parmer County
48,NCNTY48371N48371,"Pecos County, TX",650,688,865,1196,1519,TX,15507,5585,Pecos County,Pecos County
48,NCNTY48373N48373,"Polk County, TX",587,590,781,1018,1124,TX,45413,22683,Polk County,Polk County
48,NCNTY48377N48377,"Presidio County, TX",526,557,700,1012,1079,TX,7818,3825,Presidio County,Presidio County
48,NCNTY48379N48379,"Rains County, TX",570,608,731,1057,1131,TX,10914,5269,Rains County,Rains County
48,NCNTY48383N48383,"Reagan County, TX",609,708,810,1018,1248,TX,3367,1372,Reagan County,Reagan County
48,NCNTY48385N48385,"Real County, TX",586,681,780,1069,1202,TX,3309,2599,Real County,Real County
48,NCNTY48387N48387,"Red River County, TX",544,547,724,907,1116,TX,12860,6826,Red River County,Red River County
48,NCNTY48389N48389,"Reeves County, TX",583,617,776,1086,1196,TX,13783,4640,Reeves County,Reeves County
48,NCNTY48391N48391,"Refugio County, TX",622,723,828,1037,1276,TX,7383,3726,Refugio County,Refugio County
48,NCNTY48393N48393,"Roberts County, TX",609,644,810,1076,1248,TX,929,439,Roberts County,Roberts County
48,NCNTY48399N48399,"Runnels County, TX",555,559,739,926,999,TX,10501,5298,Runnels County,Runnels County
48,NCNTY48403N48403,"Sabine County, TX",570,574,759,951,1169,TX,10834,7988,Sabine County,Sabine County
48,NCNTY48405N48405,"San Augustine County, TX",563,566,749,938,1154,TX,8865,5342,San Augustine County,San Augustine County
48,NCNTY48407N48407,"San Jacinto County, TX",573,606,762,1036,1040,TX,26384,13187,San Jacinto County,San Jacinto County
48,NCNTY48411N48411,"San Saba County, TX",526,529,700,1012,1079,TX,6131,3177,San Saba County,San Saba County
48,NCNTY48413N48413,"Schleicher County, TX",570,580,758,1007,1168,TX,3461,1489,Schleicher County,Schleicher County
48,NCNTY48415N48415,"Scurry County, TX",661,699,879,1211,1486,TX,16921,6963,Scurry County,Scurry County
48,NCNTY48417N48417,"Shackelford County, TX",526,601,700,1012,1079,TX,3378,1754,Shackelford County,Shackelford County
48,NCNTY48419N48419,"Shelby County, TX",526,529,700,889,1063,TX,25448,11873,Shelby County,Shelby County
48,NCNTY48421N48421,"Sherman County, TX",526,611,700,943,946,TX,3034,1252,Sherman County,Sherman County
48,NCNTY48427N48427,"Starr County, TX",526,546,700,885,1079,TX,60968,19526,Starr County,Starr County
48,NCNTY48429N48429,"Stephens County, TX",526,540,700,1012,1079,TX,9630,4938,Stephens County,Stephens County
48,NCNTY48431N48431,"Sterling County, TX",609,644,810,1076,1248,TX,1143,615,Sterling County,Sterling County
48,NCNTY48433N48433,"Stonewall County, TX",609,644,810,1076,1248,TX,1490,928,Stonewall County,Stonewall County
48,NCNTY48435N48435,"Sutton County, TX",542,630,721,1042,1111,TX,4128,2031,Sutton County,Sutton County
48,NCNTY48437N48437,"Swisher County, TX",535,538,712,914,1097,TX,7854,3221,Swisher County,Swisher County
48,NCNTY48443N48443,"Terrell County, TX",640,677,852,1132,1313,TX,984,700,Terrell County,Terrell County
48,NCNTY48445N48445,"Terry County, TX",565,569,752,1013,1016,TX,12651,4828,Terry County,Terry County
48,NCNTY48447N48447,"Throckmorton County, TX",526,557,700,1012,1079,TX,1641,1079,Throckmorton County,Throckmorton County
48,NCNTY48449N48449,"Titus County, TX",605,609,751,963,1319,TX,32334,12054,Titus County,Titus County
48,NCNTY48455N48455,"Trinity County, TX",647,651,861,1079,1327,TX,14585,8713,Trinity County,Trinity County
48,NCNTY48457N48457,"Tyler County, TX",558,649,743,997,1138,TX,21766,10579,Tyler County,Tyler County
48,NCNTY48461N48461,"Upton County, TX",526,611,700,1012,1079,TX,3355,1548,Upton County,Upton County
48,NCNTY48463N48463,"Uvalde County, TX",639,656,751,954,1157,TX,26405,10811,Uvalde County,Uvalde County
48,NCNTY48465N48465,"Val Verde County, TX",586,591,780,1104,1108,TX,48879,18651,Val Verde County,Val Verde County
48,NCNTY48467N48467,"Van Zandt County, TX",623,627,829,1147,1241,TX,52579,22817,Van Zandt County,Van Zandt County
48,NCNTY48471N48471,"Walker County, TX",634,820,967,1212,1698,TX,67861,24058,Walker County,Walker County
48,NCNTY48475N48475,"Ward County, TX",622,673,828,1044,1276,TX,10658,4694,Ward County,Ward County
48,NCNTY48477N48477,"Washington County, TX",767,812,930,1165,1634,TX,33718,15514,Washington County,Washington County
48,NCNTY48481N48481,"Wharton County, TX",673,677,827,1040,1411,TX,41280,17127,Wharton County,Wharton County
48,NCNTY48483N48483,"Wheeler County, TX",551,640,733,918,1129,TX,5410,2730,Wheeler County,Wheeler County
48,NCNTY48487N48487,"Wilbarger County, TX",535,615,712,1029,1251,TX,13535,6318,Wilbarger County,Wilbarger County
48,NCNTY48489N48489,"Willacy County, TX",553,557,700,943,946,TX,22134,7040,Willacy County,Willacy County
48,NCNTY48495N48495,"Winkler County, TX",526,557,700,1012,1079,TX,7110,3027,Winkler County,Winkler County
48,NCNTY48499N48499,"Wood County, TX",597,626,795,1089,1357,TX,41964,20861,Wood County,Wood County
48,NCNTY48501N48501,"Yoakum County, TX",535,622,712,892,1097,TX,7879,2978,Yoakum County,Yoakum County
48,NCNTY48503N48503,"Young County, TX",561,564,746,1013,1149,TX,18550,8622,Young County,Young County
48,NCNTY48505N48505,"Zapata County, TX",526,611,700,1012,1079,TX,14018,6203,Zapata County,Zapata County
48,NCNTY48507N48507,"Zavala County, TX",526,611,700,877,1079,TX,11677,4283,Zavala County,Zavala County
49,NCNTY49001N49001,"Beaver County, UT",476,545,699,945,1155,UT,6629,2908,Beaver County,Beaver County
49,NCNTY49007N49007,"Carbon County, UT",511,561,714,1032,1237,UT,21403,9551,Carbon County,Carbon County
49,NCNTY49009N49009,"Daggett County, UT",576,661,847,1168,1330,UT,1059,1141,Daggett County,Daggett County
49,NCNTY49013N49013,"Duchesne County, UT",579,713,851,1191,1422,UT,18607,9493,Duchesne County,Duchesne County
49,NCNTY49015N49015,"Emery County, UT",476,611,699,887,945,UT,10976,4489,Emery County,Emery County
49,NCNTY49017N49017,"Garfield County, UT",476,545,699,1011,1019,UT,5172,3726,Garfield County,Garfield County
49,NCNTY49019N49019,"Grand County, UT",599,686,880,1185,1190,UT,9225,4816,Grand County,Grand County
49,NCNTY49021N49021,"Iron County, UT",494,622,727,1051,1226,UT,46163,19667,Iron County,Iron County
49,NCNTY49025N49025,"Kane County, UT",671,769,986,1359,1548,UT,7125,5815,Kane County,Kane County
49,NCNTY49027N49027,"Millard County, UT",476,528,699,889,1228,UT,12503,4939,Millard County,Millard County
49,NCNTY49031N49031,"Piute County, UT",531,608,780,977,1225,UT,1556,898,Piute County,Piute County
49,NCNTY49033N49033,"Rich County, UT",484,555,712,982,1118,UT,2264,2834,Rich County,Rich County
49,NCNTY49037N49037,"San Juan County, UT",476,611,699,930,1097,UT,14746,5734,San Juan County,San Juan County
49,NCNTY49039N49039,"Sanpete County, UT",520,578,764,957,1079,UT,27822,10379,Sanpete County,Sanpete County
49,NCNTY49041N49041,"Sevier County, UT",487,598,716,992,1126,UT,20802,8449,Sevier County,Sevier County
49,NCNTY49043N49043,"Summit County, UT",852,1095,1326,1759,2329,UT,36324,26545,Summit County,Summit County
49,NCNTY49047N49047,"Uintah County, UT",656,772,1021,1348,1563,UT,32588,11972,Uintah County,Uintah County
49,NCNTY49051N49051,"Wasatch County, UT",740,823,1088,1419,1883,UT,23530,10577,Wasatch County,Wasatch County
49,NCNTY49055N49055,"Wayne County, UT",476,611,699,876,1097,UT,2778,1591,Wayne County,Wayne County
50,NCNTY50001N50001,"Addison County, VT",731,942,1105,1386,1644,VT,36821,16760,Addison County,Addison town
50,NCNTY50003N50003,"Bennington County, VT",849,882,1010,1360,1365,VT,37125,20922,Bennington County,Arlington town
50,NCNTY50005N50005,"Caledonia County, VT",743,758,924,1158,1249,VT,31227,15942,Caledonia County,Barnet town
50,NCNTY50009N50009,"Essex County, VT",601,613,785,984,1061,VT,6306,5019,Essex County,Averill town
50,NCNTY50015N50015,"Lamoille County, VT",821,867,1033,1294,1523,VT,24475,12969,Lamoille County,Belvidere town
50,NCNTY50017N50017,"Orange County, VT",772,777,1014,1321,1371,VT,28936,14845,Orange County,Bradford town
50,NCNTY50019N50019,"Orleans County, VT",616,703,805,1033,1217,VT,27231,16162,Orleans County,Albany town
50,NCNTY50021N50021,"Rutland County, VT",810,825,983,1319,1418,VT,61642,33768,Rutland County,Benson town
50,NCNTY50023N50023,"Washington County, VT",836,842,1111,1392,1691,VT,59534,29941,Washington County,Barre city
50,NCNTY50025N50025,"Windham County, VT",722,835,1048,1315,1540,VT,44513,29735,Windham County,Athens town
50,NCNTY50027N50027,"Windsor County, VT",725,860,1048,1446,1636,VT,56670,34118,Windsor County,Andover town
51,NCNTY51001N51001,"Accomack County, VA",556,682,828,1037,1119,VA,33164,21002,Accomack County,Accomack County
51,NCNTY51005N51005,"Alleghany County-Clifton Forge city-Covington city, VA HUD Nonmet",503,566,749,1009,1012,VA,22211,11141,Alleghany County,Alleghany County
51,NCNTY51017N51017,"Bath County, VA",517,619,770,1024,1191,VA,4731,3270,Bath County,Bath County
51,NCNTY51021N51021,"Bland County, VA",483,578,719,926,1112,VA,6824,3265,Bland County,Bland County
51,NCNTY51025N51025,"Brunswick County, VA",612,689,911,1141,1256,VA,17434,8166,Brunswick County,Brunswick County
51,NCNTY51027N51027,"Buchanan County, VA",497,646,740,927,1000,VA,24098,11576,Buchanan County,Buchanan County
51,NCNTY51035N51035,"Carroll County-Galax city, VA HUD Nonmetro FMR Area",470,611,700,994,1004,VA,37084,19821,Carroll County,Carroll County
51,NCNTY51037N51037,"Charlotte County, VA",470,563,700,877,946,VA,12586,6273,Charlotte County,Charlotte County
51,NCNTY51049N51049,"Cumberland County, VA",685,820,1019,1277,1576,VA,10052,4626,Cumberland County,Cumberland County
51,NCNTY51051N51051,"Dickenson County, VA",470,611,700,893,1175,VA,15903,7579,Dickenson County,Dickenson County
51,NCNTY51057N51057,"Essex County, VA",660,743,983,1232,1520,VA,11151,5757,Essex County,Essex County
51,NCNTY51077N51077,"Grayson County, VA",470,611,700,992,1022,VA,15533,9156,Grayson County,Grayson County
51,NCNTY51081N51081,"Greensville County-Emporia city, VA HUD Nonmetro FMR Area",566,637,842,1156,1302,VA,18170,6655,Greensville County,Greensville County
51,NCNTY51083N51083,"Halifax County, VA",474,533,705,883,953,VA,36241,18004,Halifax County,Halifax County
51,NCNTY51089N51089,"Henry County-Martinsville city, VA HUD Nonmetro FMR Area",535,538,700,955,986,VA,67972,33473,Henry County,Henry County
51,NCNTY51091N51091,"Highland County, VA",470,563,700,931,1082,VA,2321,1837,Highland County,Highland County
51,NCNTY51097N51097,"King and Queen County, VA",675,808,1005,1259,1554,VA,6945,3414,King and Queen County,King and Queen County
51,NCNTY51099N51099,"King George County, VA",750,961,1116,1561,1960,VA,23584,9477,King George County,King George County
51,NCNTY51103N51103,"Lancaster County, VA",698,836,1039,1302,1404,VA,11391,7402,Lancaster County,Lancaster County
51,NCNTY51105N51105,"Lee County, VA",470,611,700,943,946,VA,25587,11745,Lee County,Lee County
51,NCNTY51109N51109,"Louisa County, VA",699,908,1040,1423,1827,VA,33153,16319,Louisa County,Louisa County
51,NCNTY51111N51111,"Lunenburg County, VA",503,654,749,1014,1161,VA,12914,5935,Lunenburg County,Lunenburg County
51,NCNTY51113N51113,"Madison County, VA",670,803,997,1249,1542,VA,13308,5932,Madison County,Madison County
51,NCNTY51117N51117,"Mecklenburg County, VA",529,619,787,1003,1281,VA,32727,18591,Mecklenburg County,Mecklenburg County
51,NCNTY51119N51119,"Middlesex County, VA",724,815,1078,1351,1457,VA,10959,7133,Middlesex County,Middlesex County
51,NCNTY51131N51131,"Northampton County, VA",611,739,909,1139,1229,VA,12389,7301,Northampton County,Northampton County
51,NCNTY51133N51133,"Northumberland County, VA",550,619,819,1184,1266,VA,12330,8995,Northumberland County,Northumberland County
51,NCNTY51135N51135,"Nottoway County, VA",574,746,854,1222,1500,VA,15853,6650,Nottoway County,Nottoway County
51,NCNTY51137N51137,"Orange County, VA",624,806,929,1343,1537,VA,33481,14616,Orange County,Orange County
51,NCNTY51139N51139,"Page County, VA",534,659,795,1084,1250,VA,24042,11600,Page County,Page County
51,NCNTY51141N51141,"Patrick County, VA",470,611,700,929,1049,VA,18490,10083,Patrick County,Patrick County
51,NCNTY51143N51143,"Pittsylvania County-Danville city, VA HUD Nonmetro FMR Area",492,554,732,969,1243,VA,106561,53745,Pittsylvania County,Pittsylvania County
51,NCNTY51147N51147,"Prince Edward County, VA",629,708,937,1174,1267,VA,23368,9149,Prince Edward County,Prince Edward County
51,NCNTY51159N51159,"Richmond County, VA",606,682,902,1183,1395,VA,9254,3850,Richmond County,Richmond County
51,NCNTY51163N51163,"Rockbridge County-Buena Vista city-Lexington city, VA HUD Nonmetr",554,704,838,1107,1394,VA,35999,16634,Rockbridge County,Rockbridge County
51,NCNTY51167N51167,"Russell County, VA",470,581,700,877,946,VA,28897,13484,Russell County,Russell County
51,NCNTY51171N51171,"Shenandoah County, VA",553,650,860,1217,1419,VA,41993,20876,Shenandoah County,Shenandoah County
51,NCNTY51173N51173,"Smyth County, VA",470,553,700,908,987,VA,32208,15427,Smyth County,Smyth County
51,NCNTY51175N51175,"Southampton County-Franklin city, VA HUD Nonmetro FMR Area",732,751,860,1179,1511,VA,27152,11374,Southampton County,Southampton County
51,NCNTY51181N51181,"Surry County, VA",601,720,895,1190,1384,VA,7058,3444,Surry County,Surry County
51,NCNTY51185N51185,"Tazewell County, VA",496,589,739,926,1298,VA,45078,20826,Tazewell County,Tazewell County
51,NCNTY51193N51193,"Westmoreland County, VA",627,751,934,1350,1641,VA,17454,10618,Westmoreland County,Westmoreland County
51,NCNTY51195N51195,"Wise County-Norton city, VA HUD Nonmetro FMR Area",505,569,752,947,1023,VA,45410,19885,Wise County,Wise County
51,NCNTY51197N51197,"Wythe County, VA",490,563,730,915,1048,VA,29235,14079,Wythe County,Wythe County
53,NCNTY53001N53001,"Adams County, WA",640,699,800,1062,1308,WA,18728,6242,Adams County,Adams County
53,NCNTY53009N53009,"Clallam County, WA",668,785,1039,1463,1588,WA,71404,35582,Clallam County,Clallam County
53,NCNTY53019N53019,"Ferry County, WA",536,627,830,1131,1150,WA,7551,4403,Ferry County,Ferry County
53,NCNTY53023N53023,"Garfield County, WA",477,645,739,1069,1235,WA,2266,1233,Garfield County,Garfield County
53,NCNTY53025N53025,"Grant County, WA",557,693,855,1166,1257,WA,89120,35083,Grant County,Grant County
53,NCNTY53027N53027,"Grays Harbor County, WA",561,683,873,1262,1488,WA,72797,35166,Grays Harbor County,Grays Harbor County
53,NCNTY53029N53029,"Island County, WA",948,965,1177,1702,2022,WA,78506,40234,Island County,Island County
53,NCNTY53031N53031,"Jefferson County, WA",697,812,1073,1551,1764,WA,29872,17767,Jefferson County,Jefferson County
53,NCNTY53037N53037,"Kittitas County, WA",648,762,1008,1457,1771,WA,40915,21900,Kittitas County,Kittitas County
53,NCNTY53039N53039,"Klickitat County, WA",721,726,960,1332,1484,WA,20318,9786,Klickitat County,Klickitat County
53,NCNTY53041N53041,"Lewis County, WA",621,738,967,1326,1509,WA,75455,34050,Lewis County,Lewis County
53,NCNTY53043N53043,"Lincoln County, WA",475,556,736,1047,1222,WA,10570,5776,Lincoln County,Lincoln County
53,NCNTY53045N53045,"Mason County, WA",671,824,1044,1352,1513,WA,60699,32518,Mason County,Mason County
53,NCNTY53047N53047,"Okanogan County, WA",533,680,829,1108,1352,WA,41120,22245,Okanogan County,Okanogan County
53,NCNTY53049N53049,"Pacific County, WA",611,715,946,1206,1291,WA,20920,15547,Pacific County,Pacific County
53,NCNTY53055N53055,"San Juan County, WA",902,1009,1335,1779,1938,WA,15769,13313,San Juan County,San Juan County
53,NCNTY53069N53069,"Wahkiakum County, WA",508,597,786,1136,1305,WA,3978,2067,Wahkiakum County,Wahkiakum County
53,NCNTY53075N53075,"Whitman County, WA",649,716,895,1294,1572,WA,44776,19323,Whitman County,Whitman County
54,NCNTY54001N54001,"Barbour County, WV",499,503,630,789,957,WV,16589,7849,Barbour County,Barbour County
54,NCNTY54007N54007,"Braxton County, WV",521,545,624,880,1021,WV,14523,7415,Braxton County,Braxton County
54,NCNTY54013N54013,"Calhoun County, WV",513,516,624,782,894,WV,7627,3963,Calhoun County,Calhoun County
54,NCNTY54017N54017,"Doddridge County, WV",503,507,670,957,960,WV,8202,3946,Doddridge County,Doddridge County
54,NCNTY54021N54021,"Gilmer County, WV",522,522,625,842,845,WV,8693,3448,Gilmer County,Gilmer County
54,NCNTY54023N54023,"Grant County, WV",547,572,655,854,1150,WV,11937,6366,Grant County,Grant County
54,NCNTY54025N54025,"Greenbrier County, WV",636,666,762,1013,1086,WV,35480,18980,Greenbrier County,Greenbrier County
54,NCNTY54031N54031,"Hardy County, WV",501,504,667,885,956,WV,14025,8078,Hardy County,Hardy County
54,NCNTY54033N54033,"Harrison County, WV",621,624,747,947,1110,WV,69099,31431,Harrison County,Harrison County
54,NCNTY54035N54035,"Jackson County, WV",536,561,642,873,1128,WV,29211,13305,Jackson County,Jackson County
54,NCNTY54041N54041,"Lewis County, WV",580,581,695,871,1056,WV,16372,7958,Lewis County,Lewis County
54,NCNTY54045N54045,"Logan County, WV",478,507,659,826,964,WV,36743,16743,Logan County,Logan County
54,NCNTY54047N54047,"McDowell County, WV",521,545,624,782,908,WV,22113,11322,McDowell County,McDowell County
54,NCNTY54049N54049,"Marion County, WV",620,624,826,1035,1377,WV,56418,26463,Marion County,Marion County
54,NCNTY54053N54053,"Mason County, WV",523,540,626,905,941,WV,27324,13006,Mason County,Mason County
54,NCNTY54055N54055,"Mercer County, WV",473,526,659,853,1043,WV,62264,30115,Mercer County,Mercer County
54,NCNTY54059N54059,"Mingo County, WV",539,543,718,900,971,WV,26839,12699,Mingo County,Mingo County
54,NCNTY54063N54063,"Monroe County, WV",517,520,629,788,850,WV,13502,7601,Monroe County,Monroe County
54,NCNTY54065N54065,"Morgan County, WV",636,666,762,1026,1030,WV,17541,9753,Morgan County,Morgan County
54,NCNTY54067N54067,"Nicholas County, WV",530,533,644,842,923,WV,26233,13064,Nicholas County,Nicholas County
54,NCNTY54071N54071,"Pendleton County, WV",499,502,624,902,1096,WV,7695,5132,Pendleton County,Pendleton County
54,NCNTY54073N54073,"Pleasants County, WV",575,579,700,877,1003,WV,7605,3390,Pleasants County,Pleasants County
54,NCNTY54075N54075,"Pocahontas County, WV",504,507,671,937,946,WV,8719,8847,Pocahontas County,Pocahontas County
54,NCNTY54083N54083,"Randolph County, WV",531,583,668,837,925,WV,29405,14189,Randolph County,Randolph County
54,NCNTY54085N54085,"Ritchie County, WV",535,560,641,844,994,WV,10449,5843,Ritchie County,Ritchie County
54,NCNTY54087N54087,"Roane County, WV",521,523,624,856,923,WV,14926,7351,Roane County,Roane County
54,NCNTY54089N54089,"Summers County, WV",499,502,640,917,1124,WV,13927,7680,Summers County,Summers County
54,NCNTY54091N54091,"Taylor County, WV",597,598,715,953,998,WV,16895,7541,Taylor County,Taylor County
54,NCNTY54093N54093,"Tucker County, WV",560,563,681,853,976,WV,7141,5346,Tucker County,Tucker County
54,NCNTY54095N54095,"Tyler County, WV",464,570,653,830,1147,WV,9208,5000,Tyler County,Tyler County
54,NCNTY54097N54097,"Upshur County, WV",462,555,698,900,1189,WV,24254,11099,Upshur County,Upshur County
54,NCNTY54101N54101,"Webster County, WV",454,534,707,886,1013,WV,9154,5428,Webster County,Webster County
54,NCNTY54103N54103,"Wetzel County, WV",487,513,633,862,1049,WV,16583,8173,Wetzel County,Wetzel County
54,NCNTY54109N54109,"Wyoming County, WV",513,516,624,902,978,WV,23796,10958,Wyoming County,Wyoming County
55,NCNTY55001N55001,"Adams County, WI",512,567,750,1044,1206,WI,20875,17436,Adams County,Adams County
55,NCNTY55003N55003,"Ashland County, WI",555,559,739,926,1061,WI,16157,9656,Ashland County,Ashland County
55,NCNTY55005N55005,"Barron County, WI",576,580,767,1032,1103,WI,45870,23614,Barron County,Barron County
55,NCNTY55007N55007,"Bayfield County, WI",540,599,792,992,1071,WI,15014,12999,Bayfield County,Bayfield County
55,NCNTY55011N55011,"Buffalo County, WI",490,576,762,962,1108,WI,13587,6664,Buffalo County,Buffalo County
55,NCNTY55013N55013,"Burnett County, WI",479,564,746,943,1008,WI,15457,15278,Burnett County,Burnett County
55,NCNTY55019N55019,"Clark County, WI",453,553,700,934,983,WI,34690,15076,Clark County,Clark County
55,NCNTY55023N55023,"Crawford County, WI",482,559,739,926,1133,WI,16644,8802,Crawford County,Crawford County
55,NCNTY55027N55027,"Dodge County, WI",639,643,847,1201,1205,WI,88759,37005,Dodge County,Dodge County
55,NCNTY55029N55029,"Door County, WI",543,644,796,1072,1076,WI,27785,23966,Door County,Door County
55,NCNTY55033N55033,"Dunn County, WI",611,615,784,1134,1188,WI,43857,17964,Dunn County,Dunn County
55,NCNTY55037N55037,"Florence County, WI",521,578,764,957,1081,WI,4423,4780,Florence County,Florence County
55,NCNTY55041N55041,"Forest County, WI",450,558,700,943,946,WI,9304,8970,Forest County,Forest County
55,NCNTY55043N55043,"Grant County, WI",570,590,743,985,1305,WI,51208,21581,Grant County,Grant County
55,NCNTY55047N55047,"Green Lake County, WI",455,551,708,926,1244,WI,19051,10616,Green Lake County,Green Lake County
55,NCNTY55051N55051,"Iron County, WI",478,529,700,899,990,WI,5916,5999,Iron County,Iron County
55,NCNTY55053N55053,"Jackson County, WI",478,564,700,934,1016,WI,20449,9727,Jackson County,Jackson County
55,NCNTY55055N55055,"Jefferson County, WI",599,675,893,1246,1303,WI,83686,35147,Jefferson County,Jefferson County
55,NCNTY55057N55057,"Juneau County, WI",529,587,775,1049,1195,WI,26664,14669,Juneau County,Juneau County
55,NCNTY55065N55065,"Lafayette County, WI",470,562,731,916,1002,WI,16836,7230,Lafayette County,Lafayette County
55,NCNTY55067N55067,"Langlade County, WI",526,530,701,944,948,WI,19977,12360,Langlade County,Langlade County
55,NCNTY55069N55069,"Lincoln County, WI",478,556,700,963,1182,WI,28743,16784,Lincoln County,Lincoln County
55,NCNTY55071N55071,"Manitowoc County, WI",465,549,724,907,1105,WI,81442,37189,Manitowoc County,Manitowoc County
55,NCNTY55075N55075,"Marinette County, WI",512,542,717,901,1116,WI,41749,30379,Marinette County,Marinette County
55,NCNTY55077N55077,"Marquette County, WI",536,594,786,985,1066,WI,15404,9896,Marquette County,Marquette County
55,NCNTY55078N55078,"Menominee County, WI",478,554,700,877,946,WI,4232,2253,Menominee County,Menominee County
55,NCNTY55081N55081,"Monroe County, WI",549,646,854,1070,1366,WI,44673,19204,Monroe County,Monroe County
55,NCNTY55085N55085,"Oneida County, WI",535,662,784,1039,1211,WI,35998,30125,Oneida County,Oneida County
55,NCNTY55091N55091,"Pepin County, WI",450,601,700,1012,1176,WI,7469,3579,Pepin County,Pepin County
55,NCNTY55095N55095,"Polk County, WI",534,628,831,1112,1146,WI,44205,24248,Polk County,Polk County
55,NCNTY55097N55097,"Portage County, WI",606,610,762,999,1262,WI,70019,30054,Portage County,Portage County
55,NCNTY55099N55099,"Price County, WI",478,529,700,926,946,WI,14159,11120,Price County,Price County
55,NCNTY55103N55103,"Richland County, WI",486,575,756,1016,1022,WI,18021,8868,Richland County,Richland County
55,NCNTY55107N55107,"Rusk County, WI",498,552,730,947,1010,WI,14755,8883,Rusk County,Rusk County
55,NCNTY55111N55111,"Sauk County, WI",613,671,836,1126,1130,WI,61976,29708,Sauk County,Sauk County
55,NCNTY55113N55113,"Sawyer County, WI",535,629,832,1042,1125,WI,16557,15975,Sawyer County,Sawyer County
55,NCNTY55115N55115,"Shawano County, WI",537,540,700,912,1012,WI,41949,20720,Shawano County,Shawano County
55,NCNTY55119N55119,"Taylor County, WI",548,551,700,886,998,WI,20689,10582,Taylor County,Taylor County
55,NCNTY55121N55121,"Trempealeau County, WI",521,564,746,952,1087,WI,28816,12619,Trempealeau County,Trempealeau County
55,NCNTY55123N55123,"Vernon County, WI",508,584,773,968,1045,WI,29773,13720,Vernon County,Vernon County
55,NCNTY55125N55125,"Vilas County, WI",535,557,737,950,996,WI,21430,25116,Vilas County,Vilas County
55,NCNTY55127N55127,"Walworth County, WI",601,707,935,1251,1412,WI,102228,51531,Walworth County,Walworth County
55,NCNTY55129N55129,"Washburn County, WI",581,585,774,972,1062,WI,15911,12979,Washburn County,Washburn County
55,NCNTY55135N55135,"Waupaca County, WI",506,601,742,1043,1044,WI,52410,25396,Waupaca County,Waupaca County
55,NCNTY55137N55137,"Waushara County, WI",481,533,705,883,979,WI,24496,14843,Waushara County,Waushara County
55,NCNTY55141N55141,"Wood County, WI",485,560,741,936,1002,WI,74749,34088,Wood County,Wood County
56,NCNTY56001N56001,"Albany County, WY",595,668,852,1232,1497,WY,36299,17939,Albany County,Albany County
56,NCNTY56003N56003,"Big Horn County, WY",541,565,748,967,1314,WY,11668,5379,Big Horn County,Big Horn County
56,NCNTY56005N56005,"Campbell County, WY",744,801,1030,1489,1496,WY,46133,18955,Campbell County,Campbell County
56,NCNTY56007N56007,"Carbon County, WY",658,689,911,1216,1389,WY,15885,8576,Carbon County,Carbon County
56,NCNTY56009N56009,"Converse County, WY",619,673,857,1239,1494,WY,13833,6403,Converse County,Converse County
56,NCNTY56011N56011,"Crook County, WY",628,657,869,1089,1515,WY,7083,3595,Crook County,Crook County
56,NCNTY56013N56013,"Fremont County, WY",535,642,832,1097,1218,WY,40123,17796,Fremont County,Fremont County
56,NCNTY56015N56015,"Goshen County, WY",606,634,838,1050,1461,WY,13249,5972,Goshen County,Goshen County
56,NCNTY56017N56017,"Hot Springs County, WY",513,619,789,989,1296,WY,4812,2582,Hot Springs County,Hot Springs County
56,NCNTY56019N56019,"Johnson County, WY",742,776,1026,1285,1788,WY,8569,4553,Johnson County,Johnson County
56,NCNTY56023N56023,"Lincoln County, WY",653,683,903,1185,1363,WY,18106,8946,Lincoln County,Lincoln County
56,NCNTY56027N56027,"Niobrara County, WY",520,544,719,1007,1253,WY,2484,1338,Niobrara County,Niobrara County
56,NCNTY56029N56029,"Park County, WY",641,646,854,1070,1330,WY,28205,13562,Park County,Park County
56,NCNTY56031N56031,"Platte County, WY",537,562,743,931,1162,WY,8667,4667,Platte County,Platte County
56,NCNTY56033N56033,"Sheridan County, WY",679,747,939,1176,1649,WY,29116,13939,Sheridan County,Sheridan County
56,NCNTY56035N56035,"Sublette County, WY",629,760,870,1258,1517,WY,10247,5770,Sublette County,Sublette County
56,NCNTY56037N56037,"Sweetwater County, WY",676,786,936,1313,1644,WY,43806,18735,Sweetwater County,Sweetwater County
56,NCNTY56039N56039,"Teton County, WY",951,1149,1316,1849,2311,WY,21294,12813,Teton County,Teton County
56,NCNTY56041N56041,"Uinta County, WY",546,597,755,1063,1174,WY,21118,8713,Uinta County,Uinta County
56,NCNTY56043N56043,"Washakie County, WY",506,611,700,1012,1054,WY,8533,3833,Washakie County,Washakie County
56,NCNTY56045N56045,"Weston County, WY",638,678,883,1106,1539,WY,7208,3533,Weston County,Weston County
60,NCNTY60999N60999,American Samoa,543,547,723,1045,1109,AS,55519,10963,American Samoa,American Samoa
66,NCNTY66010N66010,Guam,728,795,1051,1520,1846,GU,159358,50567,Guam,Guam
69,NCNTY69999N69999,Northern Mariana Islands,457,538,712,1028,1238,MP,53883,20850,Northern Mariana Islands,Northern Mariana Islands
72,NCNTY72923N72923,Puerto Rico HUD Nonmetro Area,358,367,444,595,696,PR,158265,69208,Adjuntas Municipio,Adjuntas Municipio
78,NCNTY78010N78010,"St. Croix Island, VI",779,794,970,1215,1311,VI,53234,25275,St. Croix,St. Croix
78,NCNTY78020N78020,"St. John Island, VI",1034,1225,1523,1908,2059,VI,4197,3453,St. John,St. John
78,NCNTY78030N78030,"St. Thomas Island, VI",744,897,1123,1407,1518,VI,51181,27173,St. Thomas,St. Thomas
