hud_area_code,hud_areaname,rent_50_0,rent_50_1,rent_50_2,rent_50_3,rent_50_4
METRO10180M10180,"Abilene, TX MSA",894,910,1160,1545,1857
METRO10380M10380,"Aguadilla-Isabela, PR MSA",480,484,554,674,761
METRO10420M10420,"Akron, OH MSA",777,870,1109,1388,1482
METRO10500M10500,"Albany, GA MSA",917,924,1071,1427,1740
METRO10540M10540,"Albany, OR MSA",993,1187,1465,1978,2307
METRO10580M10580,"Albany-Schenectady-Troy, NY MSA",1087,1216,1477,1786,1967
METRO10740M10740,"Albuquerque, NM MSA",890,1080,1313,1850,2218
METRO10780M10780,"Alexandria, LA MSA",708,795,1044,1409,1562
METRO10900M10900,"Allentown-Bethlehem-Easton, PA HUD Metro FMR Area",1049,1227,1539,1966,2050
METRO10900MM5640,"Warren County, NJ HUD Metro FMR Area",1269,1385,1670,2115,2471
METRO11020M11020,"Altoona, PA MSA",735,907,1084,1345,1535
METRO11100M11100,"Amarillo, TX HUD Metro FMR Area",810,944,1163,1593,1857
METRO11100N48359,"Oldham County, TX HUD Metro FMR Area",758,885,1089,1317,1739
METRO11180M11180,"Ames, IA HUD Metro FMR Area",902,977,1100,1550,1867
METRO11180M19015,"Boone County, IA HUD Metro FMR Area",636,710,933,1315,1398
METRO11260M11260,"Anchorage, AK HUD Metro FMR Area",1066,1184,1556,2193,2641
METRO11260N02170,"Matanuska-Susitna Borough, AK HUD Metro FMR Area",970,1028,1351,1904,2293
METRO11460M11460,"Ann Arbor, MI MSA",1337,1350,1610,1947,2190
METRO11500M11500,"Anniston-Oxford-Jacksonville, AL MSA",727,731,961,1323,1404
METRO11540M11540,"Appleton, WI MSA",743,823,1049,1416,1421
METRO11640M11640,"Arecibo, PR MSA",476,488,549,748,799
METRO11700M11700,"Asheville, NC HUD Metro FMR Area",1496,1569,1761,2264,2988
METRO11700N37087,"Haywood County, NC HUD Metro FMR Area",1186,1224,1374,1661,1880
METRO12020M12020,"Athens-Clarke County, GA MSA",1092,1122,1260,1699,1850
METRO12060M12060,"Atlanta-Sandy Springs-Roswell, GA HUD Metro FMR Area",1728,1775,1993,2410,2926
METRO12060N13035,"Butts County, GA HUD Metro FMR Area",1000,1006,1322,1714,2007
METRO12060N13143,"Haralson County, GA HUD Metro FMR Area",896,902,1117,1574,1896
METRO12060N13171,"Lamar County, GA HUD Metro FMR Area",857,862,1133,1503,1509
METRO12060N13199,"Meriwether County, GA HUD Metro FMR Area",924,930,1222,1638,1763
METRO12060N13211,"Morgan County, GA HUD Metro FMR Area",1022,1029,1352,1635,2294
METRO12100M12100,"Atlantic City-Hammonton, NJ MSA",1266,1448,1804,2542,2791
METRO12220M12220,"Auburn-Opelika, AL MSA",860,967,1180,1597,1736
METRO12260M12260,"Augusta-Richmond County, GA-SC HUD Metro FMR Area",867,1035,1185,1576,1917
METRO12260N13181,"Lincoln County, GA HUD Metro FMR Area",668,693,910,1207,1212
METRO12420M12420,"Austin-Round Rock, TX MSA",1628,1753,2063,2648,3045
METRO12540M12540,"Bakersfield, CA MSA",1021,1028,1338,1886,2271
METRO12580M12580,"Baltimore-Columbia-Towson, MD MSA",1497,1717,2109,2734,3093
METRO12620MM0730,"Bangor, ME HUD Metro FMR Area",918,1011,1291,1651,1777
METRO12620N23019,"Penobscot County, ME (part) HUD Metro FMR Area",793,851,1118,1391,1562
METRO12700M12700,"Barnstable Town, MA MSA",1601,1707,2243,2738,3121
METRO12940M12940,"Baton Rouge, LA HUD Metro FMR Area",1183,1202,1365,1708,2272
METRO12940M22007,"Assumption Parish, LA HUD Metro FMR Area",909,934,1049,1478,1744
METRO12940N22047,"Iberville Parish, LA HUD Metro FMR Area",842,865,971,1368,1546
METRO12980M12980,"Battle Creek, MI MSA",806,924,1123,1396,1609
METRO13020M13020,"Bay City, MI MSA",788,793,1009,1342,1472
METRO13140M13140,"Beaumont-Port Arthur, TX MSA",955,998,1206,1574,1687
METRO13220N54019,"Fayette County, WV HUD Metro FMR Area",618,713,912,1222,1548
METRO13220N54081,"Raleigh County, WV HUD Metro FMR Area",746,751,976,1375,1500
METRO13380M13380,"Bellingham, WA MSA",1334,1389,1671,2355,2836
METRO13460M13460,"Bend-Redmond, OR MSA",1220,1401,1773,2499,3009
METRO13740M13740,"Billings, MT HUD Metro FMR Area",891,930,1222,1685,1893
METRO13740M30095,"Stillwater County, MT HUD Metro FMR Area",774,820,1077,1499,1828
METRO13780M13780,"Binghamton, NY MSA",905,956,1207,1580,1739
METRO13820M13820,"Birmingham-Hoover, AL HUD Metro FMR Area",1075,1212,1361,1716,1915
METRO13820N01021,"Chilton County, AL HUD Metro FMR Area",733,741,921,1250,1255
METRO13900M13900,"Bismarck, ND MSA",823,913,1028,1449,1745
METRO13980M13980,"Blacksburg-Christiansburg-Radford, VA HUD Metro FMR Area",1081,1088,1373,1874,2330
METRO13980N51071,"Giles County, VA HUD Metro FMR Area",779,846,950,1238,1306
METRO13980N51155,"Pulaski County, VA HUD Metro FMR Area",785,852,957,1314,1624
METRO14010M14010,"Bloomington, IL MSA",845,939,1192,1660,1665
METRO14020MM1020,"Bloomington, IN HUD Metro FMR Area",893,1032,1186,1631,1911
METRO14020N18119,"Owen County, IN HUD Metro FMR Area",717,718,943,1202,1561
METRO14100N42037,"Columbia County, PA HUD Metro FMR Area",761,926,1123,1358,1544
METRO14100N42093,"Montour County, PA HUD Metro FMR Area",868,1013,1193,1681,2025
METRO14260M14260,"Boise City, ID HUD Metro FMR Area",1065,1222,1489,2098,2466
METRO14260N16045,"Gem County, ID HUD Metro FMR Area",797,849,1116,1463,1776
METRO14460MM1120,"Boston-Cambridge-Quincy, MA-NH HUD Metro FMR Area",2383,2560,3045,3682,4055
METRO14460MM1200,"Brockton, MA HUD Metro FMR Area",1481,1582,2079,2636,2955
METRO14460MM4160,"Lawrence, MA-NH HUD Metro FMR Area",1386,1582,2045,2484,2724
METRO14460MM4560,"Lowell, MA HUD Metro FMR Area",1479,1640,2155,2606,2870
METRO14460MM4760,"Western Rockingham County, NH HUD Metro FMR Area",1477,1486,1953,2752,2904
METRO14460MM6450,"Portsmouth-Rochester, NH HUD Metro FMR Area",1615,1725,2184,2788,3270
METRO14500M14500,"Boulder, CO MSA",1701,1956,2379,3109,3643
METRO14540M14540,"Bowling Green, KY HUD Metro FMR Area",876,995,1164,1427,1729
METRO14540N21003,"Allen County, KY HUD Metro FMR Area",760,771,1013,1225,1470
METRO14540N21031,"Butler County, KY HUD Metro FMR Area",638,647,850,1198,1442
METRO14740M14740,"Bremerton-Silverdale, WA MSA",1436,1612,2118,2789,3288
METRO14860MM1160,"Bridgeport, CT HUD Metro FMR Area",1429,1705,2108,2668,3142
METRO14860MM1930,"Danbury, CT HUD Metro FMR Area",1651,2002,2436,3113,3288
METRO14860MM8040,"Stamford-Norwalk, CT HUD Metro FMR Area",1962,2393,2894,3527,3854
METRO15180M15180,"Brownsville-Harlingen, TX MSA",700,807,1023,1346,1457
METRO15260M15260,"Brunswick, GA MSA",1041,1048,1237,1593,1980
METRO15380M15380,"Buffalo-Cheektowaga-Niagara Falls, NY MSA",1013,1056,1239,1517,1709
METRO15500M15500,"Burlington, NC MSA",878,1106,1289,1616,1818
METRO15540M15540,"Burlington-South Burlington, VT MSA",1438,1544,2023,2562,2694
METRO15680M15680,"California-Lexington Park, MD MSA",1574,1598,1880,2439,2851
METRO15940M15940,"Canton-Massillon, OH MSA",641,721,946,1186,1260
METRO15980M15980,"Cape Coral-Fort Myers, FL MSA",1435,1436,1810,2372,2697
METRO16020M16020,"Cape Girardeau, MO-IL MSA",735,797,1001,1411,1652
METRO16060M17087,"Johnson County, IL HUD Metro FMR Area",640,754,944,1141,1507
METRO16060N17077,"Jackson County, IL HUD Metro FMR Area",677,765,999,1312,1407
METRO16060N17199,"Williamson County, IL HUD Metro FMR Area",806,807,1060,1423,1692
METRO16180M16180,"Carson City, NV MSA",978,1132,1443,2033,2449
METRO16220M16220,"Casper, WY MSA",803,945,1132,1595,1894
METRO16300M16300,"Cedar Rapids, IA HUD Metro FMR Area",688,772,1015,1430,1722
METRO16300N19011,"Benton County, IA HUD Metro FMR Area",584,656,862,1140,1257
METRO16300N19105,"Jones County, IA HUD Metro FMR Area",584,669,862,1144,1148
METRO16540M16540,"Chambersburg-Waynesboro, PA MSA",977,984,1230,1636,1838
METRO16580M16580,"Champaign-Urbana, IL MSA",944,950,1126,1472,1500
METRO16620M16620,"Charleston, WV HUD Metro FMR Area",730,865,1054,1379,1404
METRO16620M54035,"Jackson County, WV HUD Metro FMR Area",625,712,855,1191,1220
METRO16620M54043,"Lincoln County, WV HUD Metro FMR Area",634,659,866,1047,1173
METRO16620N54005,"Boone County, WV HUD Metro FMR Area",620,755,848,1195,1439
METRO16700M16700,"Charleston-North Charleston, SC MSA",1502,1544,1733,2145,2603
METRO16740M16740,"Charlotte-Concord-Gastonia, NC-SC HUD Metro FMR Area",1469,1509,1694,2111,2705
METRO16740M37007,"Anson County, NC HUD Metro FMR Area",811,911,1197,1447,1658
METRO16740N37097,"Iredell County, NC HUD Metro FMR Area",1161,1193,1339,1833,2272
METRO16740N37109,"Lincoln County, NC HUD Metro FMR Area",1019,1047,1175,1549,1565
METRO16740N37159,"Rowan County, NC HUD Metro FMR Area",985,991,1193,1578,1811
METRO16740N45023,"Chester County, SC HUD Metro FMR Area",792,797,983,1385,1557
METRO16740N45057,"Lancaster County, SC HUD Metro FMR Area",850,855,1111,1473,1644
METRO16820M16820,"Charlottesville, VA MSA",1520,1545,1832,2308,2847
METRO16860M16860,"Chattanooga, TN-GA MSA",1159,1178,1337,1703,1936
METRO16940M16940,"Cheyenne, WY MSA",826,962,1218,1716,2067
METRO16980M16980,"Chicago-Joliet-Naperville, IL HUD Metro FMR Area",1519,1636,1861,2369,2804
METRO16980MM2050,"DeKalb County, IL HUD Metro FMR Area",941,1061,1388,1956,2355
METRO16980MM2960,"Gary, IN HUD Metro FMR Area",926,1095,1337,1641,1783
METRO16980MM3170,"Grundy County, IL HUD Metro FMR Area",1086,1202,1579,2063,2103
METRO16980MM3780,"Kendall County, IL HUD Metro FMR Area",1356,1523,2001,2820,2946
METRO16980MM3800,"Kenosha County, WI HUD Metro FMR Area",1066,1146,1500,1974,2228
METRO16980N18073,"Jasper County, IN HUD Metro FMR Area",910,916,1203,1566,1602
METRO17020M17020,"Chico, CA MSA",1123,1168,1529,2155,2595
METRO17140M17140,"Cincinnati, OH-KY-IN  HUD Metro FMR Area",869,986,1282,1704,1895
METRO17140M18047,"Franklin County, IN HUD Metro FMR Area",672,754,991,1364,1403
METRO17140MM1220,"Brown County, OH HUD Metro FMR Area",727,732,962,1230,1472
METRO17140MM3020,"Grant County, KY HUD Metro FMR Area",686,770,1012,1224,1610
METRO17140N18161,"Union County, IN HUD Metro FMR Area",670,762,988,1329,1594
METRO17300M17300,"Clarksville, TN-KY HUD Metro FMR Area",944,1032,1326,1862,2250
METRO17300M47161,"Stewart County, TN HUD Metro FMR Area",704,848,998,1386,1694
METRO17420M17420,"Cleveland, TN MSA",851,915,1202,1578,1650
METRO17460M17460,"Cleveland-Elyria, OH MSA",863,972,1180,1527,1626
METRO17660M17660,"Coeur d'Alene, ID MSA",928,1134,1369,1929,2323
METRO17780M17780,"College Station-Bryan, TX MSA",1006,1066,1197,1687,1796
METRO17820M17820,"Colorado Springs, CO HUD Metro FMR Area",1278,1511,1861,2623,3086
METRO17820N08119,"Teller County, CO HUD Metro FMR Area",1112,1461,1640,2311,2783
METRO17860M17860,"Columbia, MO HUD Metro FMR Area",737,905,1087,1456,1701
METRO17860M29053,"Cooper County, MO HUD Metro FMR Area",599,677,884,1124,1500
METRO17860M29089,"Howard County, MO HUD Metro FMR Area",613,688,904,1093,1414
METRO17900M17900,"Columbia, SC HUD Metro FMR Area",1108,1186,1332,1705,2049
METRO17900N45055,"Kershaw County, SC HUD Metro FMR Area",845,850,1041,1280,1495
METRO17980M13259,"Stewart County, GA HUD Metro FMR Area",686,690,907,1097,1292
METRO17980M13263,"Talbot County, GA HUD Metro FMR Area",890,945,1106,1435,1864
METRO17980M17980,"Columbus, GA-AL HUD Metro FMR Area",890,946,1108,1474,1873
METRO18020M18020,"Columbus, IN MSA",1108,1138,1278,1644,1783
METRO18140M18140,"Columbus, OH HUD Metro FMR Area",1046,1149,1404,1698,1882
METRO18140N39073,"Hocking County, OH HUD Metro FMR Area",662,667,876,1227,1231
METRO18140N39127,"Perry County, OH HUD Metro FMR Area",694,708,930,1144,1239
METRO18140N39159,"Union County, OH HUD Metro FMR Area",975,995,1307,1580,1741
METRO18580M18580,"Corpus Christi, TX MSA",1097,1176,1443,1878,2200
METRO18700M18700,"Corvallis, OR MSA",1271,1318,1674,2359,2661
METRO18880M18880,"Crestview-Fort Walton Beach-Destin, FL HUD Metro FMR Area",1291,1407,1627,2201,2727
METRO18880N12131,"Walton County, FL HUD Metro FMR Area",1089,1224,1374,1843,2275
METRO19060M19060,"Cumberland, MD-WV MSA",656,774,968,1248,1529
METRO19100M19100,"Dallas, TX HUD Metro FMR Area",1559,1639,1921,2417,3111
METRO19100MM2800,"Fort Worth-Arlington, TX HUD Metro FMR Area",1357,1484,1734,2299,2804
METRO19100N48497,"Wise County, TX HUD Metro FMR Area",1017,1125,1263,1780,1935
METRO19140M19140,"Dalton, GA HUD Metro FMR Area",699,785,1031,1346,1471
METRO19140N13213,"Murray County, GA HUD Metro FMR Area",640,730,923,1289,1323
METRO19180M19180,"Danville, IL MSA",726,764,1004,1251,1337
METRO19300M19300,"Daphne-Fairhope-Foley, AL MSA",1125,1130,1458,1788,2263
METRO19340M19340,"Davenport-Moline-Rock Island, IA-IL MSA",688,823,1015,1328,1530
METRO19430M19430,"Dayton-Kettering, OH MSA",791,852,1090,1417,1554
METRO19460M19460,"Decatur, AL MSA",770,795,962,1251,1408
METRO19500M19500,"Decatur, IL MSA",714,801,982,1340,1452
METRO19660M19660,"Deltona-Daytona Beach-Ormond Beach, FL HUD Metro FMR Area",1021,1228,1506,1987,2052
METRO19660M37380,"Palm Coast, FL HUD Metro FMR Area",1246,1254,1585,2139,2528
METRO19740M19740,"Denver-Aurora-Lakewood, CO MSA",1792,1984,2379,3107,3486
METRO19780M19099,"Jasper County, IA HUD Metro FMR Area",664,668,878,1220,1258
METRO19780M19780,"Des Moines-West Des Moines, IA HUD Metro FMR Area",890,959,1153,1576,1582
METRO19820M19820,"Detroit-Warren-Livonia, MI HUD Metro FMR Area",999,1106,1401,1731,1866
METRO19820MM0440,"Livingston County, MI HUD Metro FMR Area",981,1230,1447,1986,2205
METRO20020M20020,"Dothan, AL HUD Metro FMR Area",794,799,977,1318,1498
METRO20020N01067,"Henry County, AL HUD Metro FMR Area",661,665,874,1115,1167
METRO20100M20100,"Dover, DE MSA",1185,1193,1461,2059,2299
METRO20220M20220,"Dubuque, IA MSA",695,761,1000,1345,1697
METRO20260M20260,"Duluth, MN-WI HUD Metro FMR Area",816,929,1191,1589,2021
METRO20260M27075,"Lake County, MN HUD Metro FMR Area",818,909,1194,1587,2026
METRO20500M20500,"Durham-Chapel Hill, NC HUD Metro FMR Area",1492,1528,1757,2209,2704
METRO20500M37077,"Granville County, NC HUD Metro FMR Area",1112,1143,1283,1735,1910
METRO20500N37145,"Person County, NC HUD Metro FMR Area",761,766,1006,1418,1447
METRO20700M20700,"East Stroudsburg, PA MSA",1218,1226,1611,2178,2604
METRO20740M20740,"Eau Claire, WI MSA",824,883,1101,1512,1648
METRO20940M20940,"El Centro, CA MSA",925,1061,1364,1878,2268
METRO21060M21060,"Elizabethtown, KY HUD Metro FMR Area",835,840,1066,1472,1809
METRO21060N21163,"Meade County, KY HUD Metro FMR Area",804,809,1063,1482,1804
METRO21140M21140,"Elkhart-Goshen, IN MSA",903,934,1172,1505,1561
METRO21300M21300,"Elmira, NY MSA",984,1003,1314,1697,1845
METRO21340M21340,"El Paso, TX HUD Metro FMR Area",868,1059,1242,1721,2108
METRO21340N48229,"Hudspeth County, TX HUD Metro FMR Area",750,915,1073,1297,1821
METRO21420M21420,"Enid, OK MSA",791,807,1060,1376,1412
METRO21500M21500,"Erie, PA MSA",777,811,1053,1314,1440
METRO21660M21660,"Eugene-Springfield, OR MSA",1029,1148,1508,2125,2559
METRO21780M21780,"Evansville, IN-KY MSA",809,899,1131,1438,1647
METRO21820M21820,"Fairbanks, AK MSA",1183,1328,1745,2459,2961
METRO22020M22020,"Fargo, ND-MN MSA",700,833,1007,1419,1709
METRO22140M22140,"Farmington, NM MSA",892,896,1071,1509,1615
METRO22180M22180,"Fayetteville, NC HUD Metro FMR Area",1201,1201,1385,1886,2350
METRO22180M37085,"Harnett County, NC HUD Metro FMR Area",925,932,1224,1725,2077
METRO22180N37093,"Hoke County, NC HUD Metro FMR Area",857,863,1134,1598,1924
METRO22220M22220,"Fayetteville-Springdale-Rogers, AR MSA",940,998,1210,1705,1994
METRO22380M22380,"Flagstaff, AZ MSA",1596,1694,2054,2484,2903
METRO22420M22420,"Flint, MI MSA",790,912,1133,1406,1542
METRO22500M22500,"Florence, SC HUD Metro FMR Area",846,851,1087,1374,1476
METRO22500N45031,"Darlington County, SC HUD Metro FMR Area",823,828,1050,1282,1477
METRO22520M22520,"Florence-Muscle Shoals, AL MSA",705,764,998,1228,1513
METRO22540M22540,"Fond du Lac, WI MSA",738,850,1073,1409,1429
METRO22660M22660,"Fort Collins, CO MSA",1464,1473,1796,2531,2786
METRO22900M05047,"Franklin County, AR HUD Metro FMR Area",638,642,814,1007,1381
METRO22900M22900,"Fort Smith, AR-OK HUD Metro FMR Area",675,680,893,1225,1441
METRO23060M23060,"Fort Wayne, IN MSA",876,948,1154,1461,1589
METRO23420M23420,"Fresno, CA MSA",1241,1249,1558,2196,2516
METRO23460M23460,"Gadsden, AL MSA",687,881,1014,1262,1350
METRO23540M12075,"Levy County, FL HUD Metro FMR Area",727,772,977,1298,1529
METRO23540M23540,"Gainesville, FL HUD Metro FMR Area",1137,1256,1509,1979,2010
METRO23580M23580,"Gainesville, GA MSA",1156,1326,1489,1839,2075
METRO23900M23900,"Gettysburg, PA MSA",885,1062,1306,1726,1881
METRO24020M24020,"Glens Falls, NY MSA",991,1082,1355,1754,1805
METRO24140M24140,"Goldsboro, NC MSA",899,905,1189,1478,1986
METRO24220M24220,"Grand Forks, ND-MN MSA",790,795,1004,1415,1704
METRO24260N31079,"Hall County, NE HUD Metro FMR Area",714,840,1046,1339,1544
METRO24260N31093,"Howard County, NE HUD Metro FMR Area",644,702,922,1115,1228
METRO24260N31121,"Merrick County, NE HUD Metro FMR Area",609,711,872,1147,1292
METRO24300M24300,"Grand Junction, CO MSA",804,914,1186,1671,2013
METRO24340M24340,"Grand Rapids-Wyoming, MI HUD Metro FMR Area",1189,1242,1489,1942,2135
METRO24340M26067,"Ionia County, MI HUD Metro FMR Area",861,913,1200,1483,1822
METRO24340M26100,"Holland-Grand Haven, MI HUD Metro FMR Area",984,1178,1331,1758,1875
METRO24340N26117,"Montcalm County, MI HUD Metro FMR Area",748,851,1036,1283,1413
METRO24420M24420,"Grants Pass, OR MSA",979,1100,1445,2036,2058
METRO24500M24500,"Great Falls, MT MSA",745,783,1029,1450,1640
METRO24540M24540,"Greeley, CO MSA",1149,1287,1658,2336,2586
METRO24580M24580,"Green Bay, WI HUD Metro FMR Area",819,891,1117,1489,1494
METRO24580N55083,"Oconto County, WI HUD Metro FMR Area",686,764,937,1179,1248
METRO24660M24660,"Greensboro-High Point, NC HUD Metro FMR Area",1083,1116,1253,1599,1799
METRO24660N37157,"Rockingham County, NC HUD Metro FMR Area",682,774,1006,1290,1465
METRO24780M24780,"Greenville, NC MSA",995,1001,1242,1688,2108
METRO24860M11340,"Anderson, SC HUD Metro FMR Area",910,913,1134,1431,1907
METRO24860M24860,"Greenville-Mauldin-Easley, SC HUD Metro FMR Area",1114,1159,1301,1618,1939
METRO24860N45059,"Laurens County, SC HUD Metro FMR Area",822,827,1087,1314,1455
METRO25020M25020,"Guayama, PR MSA",432,434,518,687,690
METRO25060M25060,"Gulfport-Biloxi, MS HUD Metro FMR Area",873,978,1219,1615,1722
METRO25060M28131,"Stone County, MS HUD Metro FMR Area",699,728,956,1201,1502
METRO25060M37700,"Pascagoula, MS HUD Metro FMR Area",884,1014,1141,1524,1936
METRO25180M54065,"Morgan County, WV HUD Metro FMR Area",652,857,962,1356,1547
METRO25180MM0877,"Martinsburg, WV HUD Metro FMR Area",1024,1030,1294,1768,2196
METRO25180MM3180,"Hagerstown, MD HUD Metro FMR Area",884,992,1304,1824,2011
METRO25220M25220,"Hammond, LA MSA",874,880,1131,1368,1506
METRO25260M25260,"Hanford-Corcoran, CA MSA",1161,1168,1474,2077,2484
METRO25420M25420,"Harrisburg-Carlisle, PA MSA",941,1097,1368,1756,1822
METRO25500M25500,"Harrisonburg, VA MSA",984,991,1286,1730,2182
METRO25540M25540,"Hartford-West Hartford-East Hartford, CT HUD Metro FMR Area",1206,1418,1779,2151,2608
METRO25540MM5480,"Southern Middlesex County, CT HUD Metro FMR Area",1276,1424,1837,2490,3117
METRO25620M25620,"Hattiesburg, MS HUD Metro FMR Area",825,976,1185,1510,1578
METRO25620M28031,"Covington County, MS HUD Metro FMR Area",614,749,903,1210,1215
METRO25860M25860,"Hickory-Lenoir-Morganton, NC MSA",862,891,1084,1404,1610
METRO25940N45013,"Beaufort County, SC HUD Metro FMR Area",1574,1617,1815,2252,2894
METRO25940N45053,"Jasper County, SC HUD Metro FMR Area",1230,1264,1419,2000,2263
METRO25980M25980,"Hinesville, GA HUD Metro FMR Area",1134,1165,1308,1830,2220
METRO25980N13183,"Long County, GA HUD Metro FMR Area",859,883,991,1349,1682
METRO26140M26140,"Homosassa Springs, FL MSA",916,922,1206,1679,2047
METRO26300M26300,"Hot Springs, AR MSA",812,819,1065,1321,1709
METRO26380M26380,"Houma-Thibodaux, LA MSA",803,954,1184,1481,1610
METRO26420M26420,"Houston-The Woodlands-Sugar Land, TX HUD Metro FMR Area",1151,1217,1456,1923,2471
METRO26420MM1145,"Brazoria County, TX HUD Metro FMR Area",1028,1279,1436,1869,2437
METRO26420N48015,"Austin County, TX HUD Metro FMR Area",839,947,1063,1498,1804
METRO26580M21043,"Carter County, KY HUD Metro FMR Area",643,647,850,1128,1132
METRO26580M26580,"Huntington-Ashland, WV-KY-OH HUD Metro FMR Area",849,873,1005,1325,1533
METRO26580M54079,"Putnam County, WV HUD Metro FMR Area",874,879,1129,1571,1787
METRO26620M26620,"Huntsville, AL MSA",977,1157,1354,1756,2102
METRO26820M26820,"Idaho Falls, ID HUD Metro FMR Area",852,958,1165,1640,1977
METRO26820N16023,"Butte County, ID HUD Metro FMR Area",735,835,1015,1370,1722
METRO26900M11300,"Anderson, IN HUD Metro FMR Area",832,909,1195,1539,1591
METRO26900M26900,"Indianapolis-Carmel, IN HUD Metro FMR Area",1052,1225,1444,1882,2275
METRO26900N18133,"Putnam County, IN HUD Metro FMR Area",860,890,1169,1563,1798
METRO26980MM3500,"Iowa City, IA HUD Metro FMR Area",838,964,1157,1630,1963
METRO26980N19183,"Washington County, IA HUD Metro FMR Area",633,711,934,1150,1309
METRO27060M27060,"Ithaca, NY MSA",1453,1590,1845,2279,2472
METRO27100M27100,"Jackson, MI MSA",785,933,1133,1490,1708
METRO27140M27140,"Jackson, MS HUD Metro FMR Area",1072,1073,1248,1509,1684
METRO27140M28051,"Holmes County, MS HUD Metro FMR Area",704,804,903,1198,1203
METRO27140N28127,"Simpson County, MS HUD Metro FMR Area",617,791,910,1250,1544
METRO27140N28163,"Yazoo County, MS HUD Metro FMR Area",761,766,1006,1218,1340
METRO27180M27180,"Jackson, TN HUD Metro FMR Area",834,937,1231,1685,1691
METRO27180M47053,"Gibson County, TN HUD Metro FMR Area",705,778,928,1308,1575
METRO27180N47033,"Crockett County, TN HUD Metro FMR Area",825,827,1086,1326,1709
METRO27260M27260,"Jacksonville, FL HUD Metro FMR Area",1340,1464,1734,2192,2788
METRO27260N12003,"Baker County, FL HUD Metro FMR Area",867,873,1147,1514,1946
METRO27340M27340,"Jacksonville, NC MSA",966,1101,1361,1918,2310
METRO27500M27500,"Janesville-Beloit, WI MSA",841,887,1166,1542,1618
METRO27620M27620,"Jefferson City, MO HUD Metro FMR Area",685,689,874,1232,1280
METRO27620N29027,"Callaway County, MO HUD Metro FMR Area",771,776,1020,1233,1502
METRO27620N29135,"Moniteau County, MO HUD Metro FMR Area",660,664,873,1130,1230
METRO27740M27740,"Johnson City, TN MSA",938,944,1161,1457,1694
METRO27780M27780,"Johnstown, PA MSA",739,743,941,1237,1391
METRO27860MM3700,"Jonesboro, AR HUD Metro FMR Area",670,809,988,1294,1647
METRO27860N05111,"Poinsett County, AR HUD Metro FMR Area",631,635,834,1107,1111
METRO27900M27900,"Joplin, MO MSA",765,786,979,1248,1345
METRO27980M27980,"Kahului-Wailuku-Lahaina, HI MSA",1867,1895,2383,3261,3607
METRO28020M28020,"Kalamazoo-Portage, MI MSA",772,936,1127,1506,1582
METRO28100M28100,"Kankakee, IL MSA",834,936,1230,1658,1711
METRO28140M28140,"Kansas City, MO-KS HUD Metro FMR Area",1066,1189,1362,1781,2091
METRO28140N29013,"Bates County, MO HUD Metro FMR Area",676,680,894,1163,1517
METRO28420M28420,"Kennewick-Richland, WA MSA",1118,1281,1578,2083,2509
METRO28660M28660,"Killeen-Temple, TX HUD Metro FMR Area",959,965,1217,1715,2065
METRO28660N48281,"Lampasas County, TX HUD Metro FMR Area",835,840,1104,1486,1873
METRO28700M28700,"Kingsport-Bristol-Bristol, TN-VA MSA",709,751,948,1235,1398
METRO28740M28740,"Kingston, NY MSA",1412,1439,1872,2417,2704
METRO28940M28940,"Knoxville, TN HUD Metro FMR Area",1062,1077,1316,1701,1975
METRO28940N47013,"Campbell County, TN HUD Metro FMR Area",649,730,958,1262,1276
METRO28940N47129,"Morgan County, TN HUD Metro FMR Area",678,683,897,1190,1195
METRO28940N47145,"Roane County, TN HUD Metro FMR Area",847,880,1047,1359,1777
METRO29020M29020,"Kokomo, IN MSA",829,834,1031,1366,1502
METRO29100M29100,"La Crosse-Onalaska, WI-MN MSA",799,910,1179,1592,2001
METRO29180M29180,"Lafayette, LA HUD Metro FMR Area",742,975,1095,1423,1858
METRO29180N22001,"Acadia Parish, LA HUD Metro FMR Area",586,658,865,1059,1187
METRO29180N22045,"Iberia Parish, LA HUD Metro FMR Area",736,741,973,1253,1621
METRO29180N22113,"Vermilion Parish, LA HUD Metro FMR Area",576,743,834,1107,1111
METRO29200M18171,"Warren County, IN HUD Metro FMR Area",652,769,896,1263,1521
METRO29200M29140,"Lafayette-West Lafayette, IN HUD Metro FMR Area",815,950,1119,1353,1679
METRO29200N18015,"Carroll County, IN HUD Metro FMR Area",655,657,863,1105,1149
METRO29340M29340,"Lake Charles, LA MSA",911,917,1178,1454,1569
METRO29420M29420,"Lake Havasu City-Kingman, AZ MSA",903,984,1274,1758,1943
METRO29460M29460,"Lakeland-Winter Haven, FL MSA",1089,1096,1353,1817,2296
METRO29540M29540,"Lancaster, PA MSA",1013,1146,1440,1864,1918
METRO29620M26155,"Shiawassee County, MI HUD Metro FMR Area",708,713,937,1264,1323
METRO29620M29620,"Lansing-East Lansing, MI HUD Metro FMR Area",900,942,1160,1512,1545
METRO29700M29700,"Laredo, TX MSA",929,935,1153,1468,1537
METRO29740M29740,"Las Cruces, NM MSA",777,926,1040,1454,1642
METRO29820M29820,"Las Vegas-Henderson-Paradise, NV MSA",1305,1480,1766,2489,2935
METRO29940M29940,"Lawrence, KS MSA",839,944,1145,1614,1943
METRO30020M30020,"Lawton, OK HUD Metro FMR Area",762,767,985,1388,1672
METRO30020N40033,"Cotton County, OK HUD Metro FMR Area",707,712,913,1104,1216
METRO30140M30140,"Lebanon, PA MSA",955,1014,1306,1648,1739
METRO30300M30300,"Lewiston, ID-WA MSA",841,915,1180,1663,2002
METRO30340M30340,"Lewiston-Auburn, ME MSA",792,919,1164,1532,1713
METRO30460M30460,"Lexington-Fayette, KY MSA",863,1057,1266,1720,1944
METRO30620M30620,"Lima, OH MSA",760,782,1005,1249,1410
METRO30700M30700,"Lincoln, NE HUD Metro FMR Area",821,917,1144,1612,1756
METRO30700N31159,"Seward County, NE HUD Metro FMR Area",689,730,956,1347,1576
METRO30780M30780,"Little Rock-North Little Rock-Conway, AR HUD Metro FMR Area",1001,1007,1154,1540,1820
METRO30780N05053,"Grant County, AR HUD Metro FMR Area",785,789,943,1226,1485
METRO30860M30860,"Logan, UT-ID MSA",846,896,1122,1581,1904
METRO30980M30980,"Longview, TX HUD Metro FMR Area",938,982,1163,1623,1757
METRO30980M48203,"Harrison County, TX HUD Metro FMR Area",848,890,1170,1415,1589
METRO30980N48401,"Rusk County, TX HUD Metro FMR Area",823,828,1088,1384,1529
METRO31020M31020,"Longview, WA MSA",977,1192,1441,2031,2445
METRO31080MM4480,"Los Angeles-Long Beach-Glendale, CA HUD Metro FMR Area",1945,2195,2784,3571,3940
METRO31080MM5945,"Santa Ana-Anaheim-Irvine, CA HUD Metro FMR Area",2386,2541,3017,4085,4843
METRO31140M31140,"Louisville, KY-IN HUD Metro FMR Area",1039,1147,1385,1811,2081
METRO31140N18175,"Washington County, IN HUD Metro FMR Area",780,788,1036,1295,1380
METRO31140N21211,"Shelby County, KY HUD Metro FMR Area",908,1017,1190,1535,1673
METRO31180M31180,"Lubbock, TX HUD Metro FMR Area",823,986,1178,1642,1936
METRO31180N48305,"Lynn County, TX HUD Metro FMR Area",825,987,1179,1647,1904
METRO31340M31340,"Lynchburg, VA MSA",1022,1042,1179,1612,1755
METRO31420M31420,"Macon-Bibb County, GA HUD Metro FMR Area",969,1083,1243,1517,1655
METRO31420N13207,"Monroe County, GA HUD Metro FMR Area",858,950,1086,1313,1843
METRO31460M31460,"Madera, CA MSA",1196,1204,1582,2207,2439
METRO31540M31540,"Madison, WI HUD Metro FMR Area",1073,1262,1466,1932,2122
METRO31540N55021,"Columbia County, WI HUD Metro FMR Area",742,833,1094,1539,1664
METRO31540N55045,"Green County, WI HUD Metro FMR Area",719,765,1001,1210,1333
METRO31540N55049,"Iowa County, WI HUD Metro FMR Area",694,779,1024,1327,1422
METRO31700MM4760,"Manchester, NH HUD Metro FMR Area",1301,1461,1920,2322,2560
METRO31700MM5350,"Nashua, NH HUD Metro FMR Area",1399,1571,2064,2668,2888
METRO31700N33011,"Hillsborough County, NH (part) HUD Metro FMR Area",1173,1180,1551,1975,2250
METRO31740M20061,"Geary County, KS HUD Metro FMR Area",768,773,1016,1432,1724
METRO31740M31740,"Manhattan, KS HUD Metro FMR Area",871,877,1083,1446,1838
METRO31860M31860,"Mankato-North Mankato, MN MSA",970,976,1191,1678,2021
METRO31900M31900,"Mansfield, OH MSA",640,725,905,1243,1426
METRO32420M32420,"Mayagüez, PR MSA",492,505,567,708,807
METRO32580M32580,"McAllen-Edinburg-Mission, TX MSA",831,836,1045,1366,1507
METRO32780M32780,"Medford, OR MSA",1000,1123,1476,2080,2492
METRO32820M32820,"Memphis, TN-MS-AR HUD Metro FMR Area",1108,1232,1395,1839,2144
METRO32820N28093,"Marshall County, MS HUD Metro FMR Area",883,903,1118,1355,1729
METRO32820N28137,"Tate County, MS HUD Metro FMR Area",844,880,1069,1377,1623
METRO32820N28143,"Tunica County, MS HUD Metro FMR Area",986,1066,1249,1510,1663
METRO32900M32900,"Merced, CA MSA",1059,1235,1513,2126,2568
METRO33100MM2680,"Fort Lauderdale, FL HUD Metro FMR Area",1690,1818,2259,3134,3834
METRO33100MM5000,"Miami-Miami Beach-Kendall, FL HUD Metro FMR Area",1826,2043,2521,3284,3893
METRO33100MM8960,"West Palm Beach-Boca Raton, FL HUD Metro FMR Area",1704,2006,2412,3188,3854
METRO33140M33140,"Michigan City-La Porte, IN MSA",725,866,1069,1367,1537
METRO33220M33220,"Midland, MI MSA",859,865,1133,1487,1518
METRO33260M33260,"Midland, TX HUD Metro FMR Area",1476,1485,1744,2228,2946
METRO33260N48317,"Martin County, TX HUD Metro FMR Area",765,770,905,1275,1536
METRO33340M33340,"Milwaukee-Waukesha-West Allis, WI MSA",899,1042,1245,1553,1694
METRO33460M33460,"Minneapolis-St. Paul-Bloomington, MN-WI HUD Metro FMR Area",1271,1436,1756,2369,2683
METRO33460N27079,"Le Sueur County, MN HUD Metro FMR Area",860,903,1186,1671,1879
METRO33460N27095,"Mille Lacs County, MN HUD Metro FMR Area",902,908,1193,1519,2025
METRO33540M33540,"Missoula, MT MSA",912,1066,1298,1829,2203
METRO33660M01129,"Washington County, AL HUD Metro FMR Area",723,797,976,1180,1321
METRO33660M33660,"Mobile, AL HUD Metro FMR Area",873,959,1178,1560,1598
METRO33700M33700,"Modesto, CA MSA",1215,1262,1623,2287,2693
METRO33740M22067,"Morehouse Parish, LA HUD Metro FMR Area",646,650,822,1034,1229
METRO33740M33740,"Monroe, LA HUD Metro FMR Area",807,811,1066,1334,1420
METRO33780M33780,"Monroe, MI MSA",839,942,1238,1545,2007
METRO33860M33860,"Montgomery, AL MSA",896,978,1170,1482,1878
METRO34060M34060,"Morgantown, WV MSA",912,918,1148,1433,1948
METRO34100M34100,"Morristown, TN HUD Metro FMR Area",835,841,1086,1460,1754
METRO34100M47057,"Grainger County, TN HUD Metro FMR Area",718,723,950,1260,1265
METRO34580M34580,"Mount Vernon-Anacortes, WA MSA",1195,1361,1763,2484,2755
METRO34620M34620,"Muncie, IN MSA",746,825,1003,1348,1457
METRO34740M34740,"Muskegon, MI MSA",761,862,1122,1393,1494
METRO34820M34820,"Myrtle Beach-North Myrtle Beach-Conway, SC HUD Metro FMR Area",1187,1256,1441,1826,2122
METRO34820M48900,"Brunswick County, NC HUD Metro FMR Area",1066,1130,1269,1788,2153
METRO34900M34900,"Napa, CA MSA",1970,2212,2906,3934,4239
METRO34940M34940,"Naples-Immokalee-Marco Island, FL MSA",1425,1602,1912,2549,2679
METRO34980M34980,"Nashville-Davidson--Murfreesboro--Franklin, TN HUD Metro FMR Area",1531,1573,1766,2219,2707
METRO34980N47111,"Macon County, TN HUD Metro FMR Area",842,847,989,1265,1497
METRO34980N47119,"Maury County, TN HUD Metro FMR Area",1121,1129,1483,1913,1979
METRO34980N47159,"Smith County, TN HUD Metro FMR Area",654,731,960,1278,1283
METRO35100N37049,"Craven County, NC HUD Metro FMR Area",971,977,1284,1736,2179
METRO35100N37103,"Jones County, NC HUD Metro FMR Area",674,678,861,1213,1237
METRO35100N37137,"Pamlico County, NC HUD Metro FMR Area",909,915,1202,1453,1667
METRO35300MM1160,"Milford-Ansonia-Seymour, CT HUD Metro FMR Area",1276,1602,1883,2277,3195
METRO35300MM5480,"New Haven-Meriden, CT HUD Metro FMR Area",1333,1464,1786,2197,2502
METRO35300MM8880,"Waterbury, CT HUD Metro FMR Area",1017,1223,1501,1936,2388
METRO35380M35380,"New Orleans-Metairie, LA HUD Metro FMR Area",1056,1231,1459,1875,2184
METRO35380N22093,"St. James Parish, LA HUD Metro FMR Area",761,799,1050,1480,1573
METRO35620MM0875,"Bergen-Passaic, NJ HUD Metro FMR Area",1528,1796,2065,2557,3215
METRO35620MM3640,"Jersey City, NJ HUD Metro FMR Area",2238,2273,2581,3206,3573
METRO35620MM5015,"Middlesex-Somerset-Hunterdon, NJ HUD Metro FMR Area",1722,1935,2438,2953,3247
METRO35620MM5190,"Monmouth-Ocean, NJ HUD Metro FMR Area",1502,1677,2078,2824,3150
METRO35620MM5380,"Nassau-Suffolk, NY HUD Metro FMR Area",1843,2314,2706,3502,3798
METRO35620MM5600,"New York, NY HUD Metro FMR Area",2555,2625,2947,3677,3962
METRO35620MM5640,"Newark, NJ HUD Metro FMR Area",1484,1710,2061,2607,3012
METRO35620MM5660,"Pike County, PA HUD Metro FMR Area",1315,1324,1739,2219,2859
METRO35660M35660,"Niles-Benton Harbor, MI MSA",765,859,1129,1446,1517
METRO35840M35840,"North Port-Sarasota-Bradenton, FL MSA",1339,1636,1976,2630,3130
METRO35980M35980,"Norwich-New London, CT HUD Metro FMR Area",1122,1344,1656,2161,2794
METRO35980MM3280,"Colchester-Lebanon, CT HUD Metro FMR Area",1209,1358,1784,2355,3005
METRO36100M36100,"Ocala, FL MSA",1012,1112,1350,1727,1885
METRO36140M36140,"Ocean City, NJ MSA",1226,1323,1738,2186,2315
METRO36220M36220,"Odessa, TX MSA",1188,1196,1571,1900,2236
METRO36260M36260,"Ogden-Clearfield, UT HUD Metro FMR Area",1097,1196,1458,1978,2407
METRO36260N49003,"Box Elder County, UT HUD Metro FMR Area",703,864,1037,1427,1698
METRO36420M36420,"Oklahoma City, OK HUD Metro FMR Area",879,942,1163,1550,1711
METRO36420N40051,"Grady County, OK HUD Metro FMR Area",615,691,908,1194,1497
METRO36420N40081,"Lincoln County, OK HUD Metro FMR Area",766,771,891,1197,1201
METRO36500M36500,"Olympia-Tumwater, WA MSA",1453,1683,1952,2741,3313
METRO36540M36540,"Omaha-Council Bluffs, NE-IA HUD Metro FMR Area",955,1037,1249,1668,1850
METRO36540N31155,"Saunders County, NE HUD Metro FMR Area",758,823,990,1222,1450
METRO36740M36740,"Orlando-Kissimmee-Sanford, FL MSA",1687,1774,2011,2558,3086
METRO36780M36780,"Oshkosh-Neenah, WI MSA",817,830,1076,1435,1669
METRO36980M36980,"Owensboro, KY MSA",870,876,1151,1519,1533
METRO37100M37100,"Oxnard-Thousand Oaks-Ventura, CA MSA",1891,2205,2647,3629,4240
METRO37340M37340,"Palm Bay-Melbourne-Titusville, FL MSA",1118,1313,1551,2096,2448
METRO37460M37460,"Panama City, FL MSA",1374,1405,1649,2236,2798
METRO37620M37620,"Parkersburg-Vienna, WV MSA",830,835,1000,1360,1376
METRO37860M37860,"Pensacola-Ferry Pass-Brent, FL MSA",1127,1182,1375,1880,2332
METRO37900M17057,"Fulton County, IL HUD Metro FMR Area",687,691,908,1191,1408
METRO37900M37900,"Peoria, IL HUD Metro FMR Area",725,803,1025,1336,1373
METRO37980M37980,"Philadelphia-Camden-Wilmington, PA-NJ-DE-MD MSA",1415,1576,1886,2280,2630
METRO38060M38060,"Phoenix-Mesa-Scottsdale, AZ MSA",1577,1728,2028,2746,3122
METRO38220M38220,"Pine Bluff, AR MSA",688,747,982,1247,1308
METRO38300M38300,"Pittsburgh, PA HUD Metro FMR Area",994,1046,1258,1597,1739
METRO38300N42005,"Armstrong County, PA HUD Metro FMR Area",674,757,995,1239,1528
METRO38340M38340,"Pittsfield, MA HUD Metro FMR Area",1018,1179,1502,1936,2000
METRO38340N25003,"Berkshire County, MA (part) HUD Metro FMR Area",1045,1174,1542,1864,2546
METRO38540M16077,"Power County, ID HUD Metro FMR Area",664,746,980,1381,1663
METRO38540M38540,"Pocatello, ID HUD Metro FMR Area",697,783,1029,1450,1746
METRO38660M38660,"Ponce, PR MSA",486,500,561,791,887
METRO38860MM6400,"Portland, ME HUD Metro FMR Area",1423,1632,2100,2609,2959
METRO38860MM6450,"York-Kittery-South Berwick, ME HUD Metro FMR Area",1228,1379,1812,2384,3075
METRO38860N23005,"Cumberland County, ME (part) HUD Metro FMR Area",1098,1233,1620,2020,2388
METRO38860N23023,"Sagadahoc County, ME HUD Metro FMR Area",891,1075,1315,1853,2232
METRO38860N23031,"York County, ME (part) HUD Metro FMR Area",1081,1200,1497,1959,2149
METRO38900M38900,"Portland-Vancouver-Hillsboro, OR-WA MSA",1732,1864,2124,2947,3415
METRO38940M38940,"Port St. Lucie, FL MSA",1385,1393,1704,2356,2636
METRO39100M39100,"Poughkeepsie-Newburgh-Middletown, NY MSA",1326,1521,1956,2481,2744
METRO39150M39150,"Prescott Valley-Prescott, AZ MSA",1040,1246,1534,2124,2485
METRO39300M39300,"Providence-Fall River, RI-MA HUD Metro FMR Area",1386,1504,1821,2202,2727
METRO39300MM1120,"Taunton-Mansfield-Norton, MA HUD Metro FMR Area",1350,1516,1992,2515,2691
METRO39300MM1200,"Easton-Raynham, MA HUD Metro FMR Area",2032,2046,2688,3250,4029
METRO39300MM5400,"New Bedford, MA HUD Metro FMR Area",1101,1292,1569,1897,2198
METRO39300MM5520,"Westerly-Hopkinton-New Shoreham, RI HUD Metro FMR Area",1424,1432,1721,2201,2921
METRO39300N44005,"Newport-Middleton-Portsmouth, RI HUD Metro FMR Area",1857,1869,2456,3245,3887
METRO39340M39340,"Provo-Orem, UT MSA",1171,1178,1351,1904,2293
METRO39380M39380,"Pueblo, CO MSA",873,951,1250,1623,1795
METRO39460M39460,"Punta Gorda, FL MSA",1175,1209,1489,2098,2488
METRO39540M39540,"Racine, WI MSA",773,879,1140,1492,1735
METRO39580M39580,"Raleigh, NC MSA",1542,1584,1778,2198,2929
METRO39660M39660,"Rapid City, SD HUD Metro FMR Area",845,950,1247,1707,1910
METRO39660N46093,"Meade County, SD HUD Metro FMR Area",834,936,1230,1645,2087
METRO39740M39740,"Reading, PA MSA",969,1128,1430,1786,1904
METRO39820M39820,"Redding, CA MSA",1092,1219,1602,2258,2719
METRO39900M39900,"Reno, NV MSA",1160,1360,1711,2411,2887
METRO40060M40060,"Richmond, VA MSA",1432,1472,1652,2113,2581
METRO40060M51097,"King and Queen County, VA HUD Metro FMR Area",974,1001,1124,1584,1758
METRO40140M40140,"Riverside-San Bernardino-Ontario, CA MSA",1663,1766,2203,2967,3621
METRO40220M40220,"Roanoke, VA HUD Metro FMR Area",857,945,1150,1600,1860
METRO40220N51067,"Franklin County, VA HUD Metro FMR Area",706,789,925,1194,1359
METRO40340M40340,"Rochester, MN HUD Metro FMR Area",899,1024,1268,1787,2152
METRO40340N27045,"Fillmore County, MN HUD Metro FMR Area",684,689,905,1234,1443
METRO40340N27157,"Wabasha County, MN HUD Metro FMR Area",785,806,905,1275,1536
METRO40380M40380,"Rochester, NY HUD Metro FMR Area",1008,1127,1404,1698,1870
METRO40380N36123,"Yates County, NY HUD Metro FMR Area",767,862,1132,1440,1622
METRO40420M40420,"Rockford, IL MSA",746,837,1100,1472,1519
METRO40580M40580,"Rocky Mount, NC MSA",911,917,1143,1541,1744
METRO40660M40660,"Rome, GA MSA",886,887,1165,1481,1755
METRO40900M40900,"Sacramento--Roseville--Arden-Arcade, CA HUD Metro FMR Area",1661,1793,2231,3105,3576
METRO40900MM9270,"Yolo, CA HUD Metro FMR Area",1666,1677,2203,3023,3526
METRO40980M40980,"Saginaw, MI MSA",722,811,1065,1373,1418
METRO41060M41060,"St. Cloud, MN MSA",938,969,1235,1637,1946
METRO41100M41100,"St. George, UT MSA",1088,1184,1460,2000,2478
METRO41140M41140,"St. Joseph, MO-KS MSA",689,774,1017,1291,1404
METRO41180M41180,"St. Louis, MO-IL HUD Metro FMR Area",993,1040,1294,1675,1945
METRO41180N17005,"Bond County, IL HUD Metro FMR Area",628,824,926,1206,1391
METRO41180N17117,"Macoupin County, IL HUD Metro FMR Area",758,763,1003,1315,1520
METRO41420M41420,"Salem, OR MSA",1058,1118,1422,2004,2224
METRO41500M41500,"Salinas, CA MSA",2478,2507,3049,4226,4660
METRO41540M41540,"Salisbury, MD HUD Metro FMR Area",1080,1087,1428,1895,1902
METRO41540N10005,"Sussex County, DE HUD Metro FMR Area",1001,1088,1429,1823,2243
METRO41540N24039,"Somerset County, MD HUD Metro FMR Area",915,921,1210,1604,1611
METRO41540N24047,"Worcester County, MD HUD Metro FMR Area",1076,1105,1241,1749,1947
METRO41620M41620,"Salt Lake City, UT HUD Metro FMR Area",1199,1431,1718,2319,2623
METRO41620N49045,"Tooele County, UT HUD Metro FMR Area",804,903,1186,1640,2013
METRO41660M41660,"San Angelo, TX HUD Metro FMR Area",825,981,1217,1614,2026
METRO41660M48431,"Sterling County, TX HUD Metro FMR Area",822,979,1213,1605,2017
METRO41700M41700,"San Antonio-New Braunfels, TX HUD Metro FMR Area",1143,1282,1562,1978,2364
METRO41700N48013,"Atascosa County, TX HUD Metro FMR Area",897,1090,1224,1515,1707
METRO41700N48259,"Kendall County, TX HUD Metro FMR Area",1292,1431,1764,2319,2630
METRO41700N48325,"Medina County, TX HUD Metro FMR Area",895,930,1222,1624,1627
METRO41740M41740,"San Diego-Carlsbad, CA MSA",2248,2452,3089,4165,5057
METRO41860MM5775,"Oakland-Fremont, CA HUD Metro FMR Area",2008,2345,2850,3678,4350
METRO41860MM7360,"San Francisco, CA HUD Metro FMR Area",2592,3187,3798,4650,5058
METRO41900M41900,"San German, PR MSA",450,453,554,713,763
METRO41940M41940,"San Jose-Sunnyvale-Santa Clara, CA HUD Metro FMR Area",2615,2957,3437,4401,4855
METRO41940N06069,"San Benito County, CA HUD Metro FMR Area",1755,1970,2589,3648,4236
METRO41980M21940,"Fajardo, PR HUD Metro FMR Area",574,590,662,860,988
METRO41980MM1310,"Caguas, PR HUD Metro FMR Area",537,537,619,872,1050
METRO41980MM7440,"San Juan-Guaynabo, PR HUD Metro FMR Area",603,633,725,957,1146
METRO41980N72923,"Barranquitas-Aibonito, PR HUD Metro FMR Area",467,475,546,660,760
METRO42020M42020,"San Luis Obispo-Paso Robles-Arroyo Grande, CA MSA",1648,1851,2432,3257,3705
METRO42100M42100,"Santa Cruz-Watsonville, CA MSA",2967,3213,4222,5207,5733
METRO42140M42140,"Santa Fe, NM MSA",1281,1441,1679,2144,2236
METRO42200M42200,"Santa Maria-Santa Barbara, CA MSA",2469,2808,3172,4233,4798
METRO42220M42220,"Santa Rosa, CA MSA",1743,1957,2571,3491,3704
METRO42340M42340,"Savannah, GA MSA",1279,1382,1552,2113,2477
METRO42540M42540,"Scranton--Wilkes-Barre, PA MSA",773,905,1101,1423,1551
METRO42660MM7600,"Seattle-Bellevue, WA HUD Metro FMR Area",2338,2399,2797,3711,4315
METRO42660MM8200,"Tacoma, WA HUD Metro FMR Area",1541,1727,2141,3017,3487
METRO42680M42680,"Sebastian-Vero Beach, FL MSA",1059,1277,1562,1970,2651
METRO42700M42700,"Sebring, FL MSA",812,912,1198,1492,1964
METRO43100M43100,"Sheboygan, WI MSA",683,823,1007,1302,1395
METRO43300M43300,"Sherman-Denison, TX MSA",958,1116,1310,1792,2223
METRO43340M43340,"Shreveport-Bossier City, LA MSA",849,1011,1170,1481,1620
METRO43420M43420,"Sierra Vista-Douglas, AZ MSA",824,976,1141,1608,1936
METRO43580M43580,"Sioux City, IA-NE-SD MSA",729,830,1075,1306,1432
METRO43620M43620,"Sioux Falls, SD MSA",814,936,1103,1500,1872
METRO43780M43780,"South Bend-Mishawaka, IN HUD Metro FMR Area",735,920,1085,1352,1445
METRO43780N26027,"Cass County, MI HUD Metro FMR Area",708,798,905,1187,1410
METRO43900M43900,"Spartanburg, SC MSA",1037,1080,1212,1540,1631
METRO44060M44060,"Spokane, WA HUD Metro FMR Area",951,1082,1394,1961,2278
METRO44060N53065,"Stevens County, WA HUD Metro FMR Area",785,790,1001,1411,1699
METRO44100M44100,"Springfield, IL MSA",766,922,1130,1501,1541
METRO44140M25011,"Franklin County, MA HUD Metro FMR Area",1056,1186,1558,1892,2199
METRO44140M44140,"Springfield, MA HUD Metro FMR Area",999,1192,1470,1784,2089
METRO44180M44180,"Springfield, MO HUD Metro FMR Area",756,761,970,1342,1510
METRO44180N29059,"Dallas County, MO HUD Metro FMR Area",603,607,797,1107,1111
METRO44180N29167,"Polk County, MO HUD Metro FMR Area",648,652,809,1106,1304
METRO44220M44220,"Springfield, OH MSA",695,771,1013,1227,1355
METRO44300M44300,"State College, PA MSA",1222,1233,1434,1735,1910
METRO44420M44420,"Staunton-Waynesboro, VA MSA",1036,1042,1214,1708,2031
METRO44700M44700,"Stockton-Lodi, CA MSA",1216,1349,1742,2455,2956
METRO44940M44940,"Sumter, SC HUD Metro FMR Area",855,1010,1262,1526,1681
METRO44940M45027,"Clarendon County, SC HUD Metro FMR Area",684,689,905,1185,1376
METRO45060M45060,"Syracuse, NY MSA",883,977,1201,1473,1706
METRO45220M45220,"Tallahassee, FL HUD Metro FMR Area",1145,1276,1444,1842,2053
METRO45220N12129,"Wakulla County, FL HUD Metro FMR Area",985,1096,1233,1567,1767
METRO45300M45300,"Tampa-St. Petersburg-Clearwater, FL MSA",1566,1689,2001,2558,3122
METRO45460M18121,"Parke County, IN HUD Metro FMR Area",785,792,1041,1381,1386
METRO45460M45460,"Terre Haute, IN HUD Metro FMR Area",792,820,1031,1247,1495
METRO45460N18153,"Sullivan County, IN HUD Metro FMR Area",645,725,952,1151,1268
METRO45500M45500,"Texarkana, TX-Texarkana, AR HUD Metro FMR Area",827,832,1042,1295,1699
METRO45500N05081,"Little River County, AR HUD Metro FMR Area",615,620,814,1147,1381
METRO45540M45540,"The Villages, FL MSA",1039,1046,1374,1728,1830
METRO45780M39123,"Ottawa County, OH HUD Metro FMR Area",682,766,1006,1216,1392
METRO45780M45780,"Toledo, OH HUD Metro FMR Area",734,799,1046,1386,1462
METRO45820M45820,"Topeka, KS MSA",777,782,1028,1318,1469
METRO45940M45940,"Trenton, NJ MSA",1474,1686,2174,2629,2895
METRO46060M46060,"Tucson, AZ MSA",965,1084,1424,2007,2350
METRO46140M46140,"Tulsa, OK HUD Metro FMR Area",888,958,1201,1586,1845
METRO46140N40111,"Okmulgee County, OK HUD Metro FMR Area",678,683,891,1171,1316
METRO46140N40117,"Pawnee County, OK HUD Metro FMR Area",628,730,927,1225,1573
METRO46220M01063,"Greene County, AL HUD Metro FMR Area",736,741,974,1178,1297
METRO46220M46220,"Tuscaloosa, AL HUD Metro FMR Area",974,980,1213,1525,1615
METRO46220N01107,"Pickens County, AL HUD Metro FMR Area",683,687,857,1178,1448
METRO46300N16053,"Jerome County, ID HUD Metro FMR Area",729,819,1076,1428,1826
METRO46300N16083,"Twin Falls County, ID HUD Metro FMR Area",762,855,1124,1584,1907
METRO46340M46340,"Tyler, TX MSA",1042,1089,1332,1748,2062
METRO46520M46520,"Urban Honolulu, HI MSA",1795,1964,2571,3623,4363
METRO46540M46540,"Utica-Rome, NY MSA",838,844,1059,1280,1505
METRO46660M46660,"Valdosta, GA MSA",837,843,1105,1477,1721
METRO46700M46700,"Vallejo-Fairfield, CA MSA",1802,2021,2517,3489,3973
METRO47020M47020,"Victoria, TX MSA",1079,1086,1364,1698,1874
METRO47220M47220,"Vineland-Bridgeton, NJ MSA",1249,1280,1627,2151,2224
METRO47260M37029,"Camden County, NC HUD Metro FMR Area",798,801,926,1305,1571
METRO47260M47260,"Virginia Beach-Norfolk-Newport News, VA-NC HUD Metro FMR Area",1364,1373,1593,2218,2702
METRO47260N37073,"Gates County, NC HUD Metro FMR Area",959,961,1112,1515,1886
METRO47260N51175,"Southampton County-Franklin city, VA HUD Metro FMR Area",949,952,1101,1400,1868
METRO47300M47300,"Visalia-Porterville, CA MSA",1046,1059,1391,1937,2212
METRO47380M47380,"Waco, TX HUD Metro FMR Area",936,1080,1353,1744,1802
METRO47380N48145,"Falls County, TX HUD Metro FMR Area",627,737,905,1275,1536
METRO47460M47460,"Walla Walla, WA MSA",1065,1196,1571,2151,2494
METRO47580M47580,"Warner Robins, GA HUD Metro FMR Area",1023,1136,1275,1716,1995
METRO47580N13225,"Peach County, GA HUD Metro FMR Area",744,863,1098,1368,1462
METRO47900M47900,"Washington-Arlington-Alexandria, DC-VA-MD HUD Metro FMR Area",1901,1934,2194,2729,3235
METRO47900M51113,"Madison County, VA HUD Metro FMR Area",817,822,1080,1334,1585
METRO47900MM3630,"Jefferson County, WV HUD Metro FMR Area",881,887,1165,1642,1977
METRO47900MM8820,"Warren County, VA HUD Metro FMR Area",959,965,1268,1662,2152
METRO47900N51047,"Culpeper County, VA HUD Metro FMR Area",1045,1052,1372,1765,2071
METRO47900N51157,"Rappahannock County, VA HUD Metro FMR Area",1121,1152,1293,1563,2194
METRO47940M47940,"Waterloo-Cedar Falls, IA HUD Metro FMR Area",684,788,1009,1336,1712
METRO47940N19017,"Bremer County, IA HUD Metro FMR Area",709,737,968,1248,1289
METRO48060M48060,"Watertown-Fort Drum, NY MSA",991,1113,1462,1982,2398
METRO48140M48140,"Wausau, WI HUD Metro FMR Area",746,838,1101,1430,1466
METRO48140M55069,"Lincoln County, WI HUD Metro FMR Area",664,705,905,1275,1343
METRO48260M48260,"Weirton-Steubenville, WV-OH MSA",693,712,903,1236,1342
METRO48300M48300,"Wenatchee, WA MSA",1063,1248,1568,2169,2518
METRO48325M48325,"Westchester County, NY Statutory Exception Area",1773,2081,2531,3105,3371
METRO48540M48540,"Wheeling, WV-OH MSA",641,754,945,1228,1403
METRO48620M48620,"Wichita, KS HUD Metro FMR Area",733,823,1081,1423,1742
METRO48620N20191,"Sumner County, KS HUD Metro FMR Area",677,760,999,1208,1330
METRO48660M48660,"Wichita Falls, TX MSA",854,900,1107,1514,1720
METRO48700M48700,"Williamsport, PA MSA",797,951,1140,1471,1642
METRO48900M48900,"Wilmington, NC HUD Metro FMR Area",1097,1441,1618,2138,2735
METRO48900N37141,"Pender County, NC HUD Metro FMR Area",826,1086,1219,1718,1996
METRO49020M49020,"Winchester, VA-WV MSA",1067,1199,1509,1882,2548
METRO49180M49180,"Winston-Salem, NC HUD Metro FMR Area",959,1001,1187,1552,1786
METRO49180N37057,"Davidson County, NC HUD Metro FMR Area",816,821,1014,1344,1655
METRO49340M49340,"Worcester, MA HUD Metro FMR Area",1396,1406,1808,2186,2408
METRO49340MM1120,"Eastern Worcester County, MA HUD Metro FMR Area",1386,1556,2045,2882,3177
METRO49340MM2600,"Fitchburg-Leominster, MA HUD Metro FMR Area",1136,1311,1676,2177,2514
METRO49340N09015,"Windham County, CT HUD Metro FMR Area",1252,1260,1656,2028,2512
METRO49340N25027,"Western Worcester County, MA HUD Metro FMR Area",1047,1117,1468,2043,2432
METRO49420M49420,"Yakima, WA MSA",1063,1070,1406,1981,2093
METRO49500M49500,"Yauco, PR MSA",427,438,492,653,655
METRO49620M49620,"York-Hanover, PA MSA",920,1017,1279,1704,1782
METRO49660M49660,"Youngstown-Warren-Boardman, OH HUD Metro FMR Area",633,683,860,1133,1198
METRO49660MM7610,"Sharon, PA HUD Metro FMR Area",687,691,884,1201,1290
METRO49700M49700,"Yuba City, CA MSA",1214,1222,1576,2221,2674
METRO49740M49740,"Yuma, AZ MSA",1041,1048,1377,1908,2337
NCNTY01005N01005,"Barbour County, AL",670,675,881,1120,1173
NCNTY01011N01011,"Bullock County, AL",715,742,955,1259,1429
NCNTY01013N01013,"Butler County, AL",702,803,938,1134,1253
NCNTY01017N01017,"Chambers County, AL",866,871,1145,1384,1525
NCNTY01019N01019,"Cherokee County, AL",711,778,950,1149,1422
NCNTY01023N01023,"Choctaw County, AL",642,666,857,1102,1454
NCNTY01025N01025,"Clarke County, AL",665,690,888,1243,1507
NCNTY01027N01027,"Clay County, AL",620,700,857,1175,1258
NCNTY01029N01029,"Cleburne County, AL",698,724,932,1177,1395
NCNTY01031N01031,"Coffee County, AL",770,782,1028,1449,1590
NCNTY01035N01035,"Conecuh County, AL",642,666,857,1208,1283
NCNTY01037N01037,"Coosa County, AL",698,724,932,1127,1395
NCNTY01039N01039,"Covington County, AL",653,658,864,1142,1439
NCNTY01041N01041,"Crenshaw County, AL",642,652,857,1036,1141
NCNTY01043N01043,"Cullman County, AL",840,846,1098,1432,1602
NCNTY01045N01045,"Dale County, AL",776,788,895,1261,1519
NCNTY01047N01047,"Dallas County, AL",700,744,977,1209,1301
NCNTY01049N01049,"DeKalb County, AL",652,663,871,1178,1414
NCNTY01053N01053,"Escambia County, AL",662,728,884,1128,1315
NCNTY01057N01057,"Fayette County, AL",642,763,857,1147,1283
NCNTY01059N01059,"Franklin County, AL",642,763,857,1042,1321
NCNTY01071N01071,"Jackson County, AL",708,824,945,1159,1551
NCNTY01075N01075,"Lamar County, AL",716,720,857,1208,1283
NCNTY01087N01087,"Macon County, AL",704,715,940,1162,1595
NCNTY01091N01091,"Marengo County, AL",646,768,862,1092,1324
NCNTY01093N01093,"Marion County, AL",581,652,857,1091,1454
NCNTY01095N01095,"Marshall County, AL",689,693,911,1226,1231
NCNTY01099N01099,"Monroe County, AL",642,763,857,1208,1236
NCNTY01105N01105,"Perry County, AL",693,719,926,1217,1386
NCNTY01109N01109,"Pike County, AL",876,890,1170,1415,1558
NCNTY01111N01111,"Randolph County, AL",642,763,857,1208,1283
NCNTY01119N01119,"Sumter County, AL",795,825,1062,1284,1521
NCNTY01121N01121,"Talladega County, AL",668,753,986,1372,1410
NCNTY01123N01123,"Tallapoosa County, AL",734,746,980,1252,1311
NCNTY01127N01127,"Walker County, AL",669,680,894,1260,1350
NCNTY01131N01131,"Wilcox County, AL",804,834,1073,1297,1606
NCNTY01133N01133,"Winston County, AL",642,652,857,1175,1192
NCNTY02013N02013,"Aleutians East Borough, AK",1002,1267,1422,1719,2174
NCNTY02016N02016,"Aleutians West Census Area, AK",1437,1613,2120,2563,3242
NCNTY02050N02050,"Bethel Census Area, AK",1710,1721,2108,2549,2919
NCNTY02060N02060,"Bristol Bay Borough, AK",938,1021,1331,1876,2035
NCNTY02063N02063,"Chugach Census Area, AK",1028,1119,1459,1909,2231
NCNTY02066N02066,"Copper River Census Area, AK",853,928,1210,1583,1850
NCNTY02068N02068,"Denali Borough, AK",1084,1181,1539,2013,2353
NCNTY02070N02070,"Dillingham Census Area, AK",979,1237,1389,1821,1850
NCNTY02100N02100,"Haines Borough, AK",1036,1128,1470,1923,2248
NCNTY02105N02105,"Hoonah-Angoon Census Area, AK",960,1044,1363,1648,1815
NCNTY02110N02110,"Juneau City and Borough, AK",1208,1387,1782,2431,2440
NCNTY02122N02122,"Kenai Peninsula Borough, AK",1046,1053,1384,1950,2224
NCNTY02130N02130,"Ketchikan Gateway Borough, AK",1110,1247,1638,2267,2780
NCNTY02150N02150,"Kodiak Island Borough, AK",1327,1490,1958,2399,2834
NCNTY02158N02158,Kusilvak Census Area,671,730,952,1342,1456
NCNTY02164N02164,"Lake and Peninsula Borough, AK",688,855,976,1375,1492
NCNTY02180N02180,"Nome Census Area, AK",1418,1427,1698,2393,2596
NCNTY02185N02185,"North Slope Borough, AK",1375,1543,2028,2452,2701
NCNTY02188N02188,"Northwest Arctic Borough, AK",1368,1537,2019,2798,3087
NCNTY02195N02195,Petersburg Borough,1043,1200,1480,1789,2293
NCNTY02198N02198,"Prince of Wales-Hyder Census Area, AK",908,1002,1125,1527,1535
NCNTY02220N02220,"Sitka City and Borough, AK",1127,1319,1583,2231,2686
NCNTY02230N02230,"Skagway Municipality, AK",1122,1260,1656,2002,2532
NCNTY02240N02240,"Southeast Fairbanks Census Area, AK",993,1167,1410,1840,2335
NCNTY02275N02275,"Wrangell City and Borough, AK",793,857,1126,1494,1500
NCNTY02282N02282,"Yakutat City and Borough, AK",953,1038,1353,1651,2069
NCNTY02290N02290,"Yukon-Koyukuk Census Area, AK",1050,1079,1211,1641,1852
NCNTY04001N04001,"Apache County, AZ",760,853,1121,1503,1550
NCNTY04007N04007,"Gila County, AZ",912,1024,1346,1897,1969
NCNTY04009N04009,"Graham County, AZ",976,983,1218,1696,2067
NCNTY04011N04011,"Greenlee County, AZ",774,1017,1142,1381,1521
NCNTY04012N04012,"La Paz County, AZ",895,1005,1321,1862,2242
NCNTY04017N04017,"Navajo County, AZ",935,989,1300,1648,1731
NCNTY04023N04023,"Santa Cruz County, AZ",718,807,1060,1494,1527
NCNTY05001N05001,"Arkansas County, AR",622,698,917,1123,1443
NCNTY05003N05003,"Ashley County, AR",653,657,814,984,1381
NCNTY05005N05005,"Baxter County, AR",706,711,934,1173,1318
NCNTY05009N05009,"Boone County, AR",563,659,830,1170,1276
NCNTY05011N05011,"Bradley County, AR",604,645,814,1147,1148
NCNTY05013N05013,"Calhoun County, AR",748,768,1009,1220,1423
NCNTY05015N05015,"Carroll County, AR",613,712,904,1093,1204
NCNTY05017N05017,"Chicot County, AR",636,653,858,1148,1450
NCNTY05019N05019,"Clark County, AR",665,712,814,1140,1293
NCNTY05021N05021,"Clay County, AR",615,620,814,1050,1301
NCNTY05023N05023,"Cleburne County, AR",695,713,937,1165,1248
NCNTY05027N05027,"Columbia County, AR",615,620,814,1080,1084
NCNTY05029N05029,"Conway County, AR",615,632,830,1170,1258
NCNTY05037N05037,"Cross County, AR",621,638,838,1181,1422
NCNTY05039N05039,"Dallas County, AR",636,653,858,1209,1210
NCNTY05041N05041,"Desha County, AR",630,634,814,1121,1381
NCNTY05043N05043,"Drew County, AR",684,702,923,1131,1348
NCNTY05049N05049,"Fulton County, AR",552,620,814,1126,1244
NCNTY05055N05055,"Greene County, AR",675,783,911,1284,1289
NCNTY05057N05057,"Hempstead County, AR",655,673,884,1171,1434
NCNTY05059N05059,"Hot Spring County, AR",636,654,859,1150,1383
NCNTY05061N05061,"Howard County, AR",624,641,842,1018,1153
NCNTY05063N05063,"Independence County, AR",660,664,873,1160,1163
NCNTY05065N05065,"Izard County, AR",604,683,814,1075,1148
NCNTY05067N05067,"Jackson County, AR",623,639,840,1016,1185
NCNTY05071N05071,"Johnson County, AR",630,646,849,1080,1198
NCNTY05073N05073,"Lafayette County, AR",604,620,814,984,1148
NCNTY05075N05075,"Lawrence County, AR",604,620,814,1082,1276
NCNTY05077N05077,"Lee County, AR",604,620,814,1147,1148
NCNTY05083N05083,"Logan County, AR",563,725,814,1139,1218
NCNTY05089N05089,"Marion County, AR",662,682,896,1083,1275
NCNTY05093N05093,"Mississippi County, AR",620,647,845,1121,1125
NCNTY05095N05095,"Monroe County, AR",552,620,814,1011,1148
NCNTY05097N05097,"Montgomery County, AR",604,725,814,1073,1381
NCNTY05099N05099,"Nevada County, AR",708,727,955,1155,1347
NCNTY05101N05101,"Newton County, AR",604,725,814,984,1381
NCNTY05103N05103,"Ouachita County, AR",696,700,814,1109,1113
NCNTY05107N05107,"Phillips County, AR",604,622,814,1147,1381
NCNTY05109N05109,"Pike County, AR",604,641,814,1063,1174
NCNTY05113N05113,"Polk County, AR",599,680,884,1069,1183
NCNTY05115N05115,"Pope County, AR",617,704,910,1282,1300
NCNTY05117N05117,"Prairie County, AR",660,677,890,1076,1255
NCNTY05121N05121,"Randolph County, AR",604,725,814,1147,1381
NCNTY05123N05123,"St. Francis County, AR",652,697,880,1227,1231
NCNTY05127N05127,"Scott County, AR",618,635,834,1069,1176
NCNTY05129N05129,"Searcy County, AR",604,620,814,1042,1148
NCNTY05133N05133,"Sevier County, AR",620,624,814,1059,1204
NCNTY05135N05135,"Sharp County, AR",611,620,814,1000,1290
NCNTY05137N05137,"Stone County, AR",612,628,825,1163,1164
NCNTY05139N05139,"Union County, AR",741,746,925,1240,1305
NCNTY05141N05141,"Van Buren County, AR",615,620,814,1050,1084
NCNTY05145N05145,"White County, AR",634,739,896,1188,1335
NCNTY05147N05147,"Woodruff County, AR",604,646,814,1078,1148
NCNTY05149N05149,"Yell County, AR",604,636,814,1140,1148
NCNTY06003N06003,"Alpine County, CA",991,1094,1437,2025,2359
NCNTY06005N06005,"Amador County, CA",1195,1202,1427,2011,2422
NCNTY06009N06009,"Calaveras County, CA",1137,1144,1419,2000,2314
NCNTY06011N06011,"Colusa County, CA",882,887,1166,1627,1633
NCNTY06015N06015,"Del Norte County, CA",842,1033,1222,1722,2074
NCNTY06021N06021,"Glenn County, CA",823,924,1214,1584,1969
NCNTY06023N06023,"Humboldt County, CA",1026,1114,1460,2057,2478
NCNTY06027N06027,"Inyo County, CA",1010,1179,1490,1802,2446
NCNTY06033N06033,"Lake County, CA",1037,1078,1416,1995,2403
NCNTY06035N06035,"Lassen County, CA",805,904,1188,1674,1896
NCNTY06043N06043,"Mariposa County, CA",951,1078,1300,1832,2206
NCNTY06045N06045,"Mendocino County, CA",1197,1211,1591,2242,2700
NCNTY06049N06049,"Modoc County, CA",722,877,1048,1267,1720
NCNTY06051N06051,"Mono County, CA",1096,1416,1590,2241,2610
NCNTY06057N06057,"Nevada County, CA",1334,1342,1761,2482,2988
NCNTY06063N06063,"Plumas County, CA",887,979,1287,1814,2063
NCNTY06091N06091,"Sierra County, CA",991,1094,1437,2025,2359
NCNTY06093N06093,"Siskiyou County, CA",879,884,1142,1609,1699
NCNTY06103N06103,"Tehama County, CA",913,1025,1347,1834,2175
NCNTY06105N06105,"Trinity County, CA",747,824,1083,1526,1743
NCNTY06109N06109,"Tuolumne County, CA",1001,1124,1477,1955,2506
NCNTY08003N08003,"Alamosa County, CO",870,876,1133,1494,1900
NCNTY08007N08007,"Archuleta County, CO",1107,1114,1464,2063,2357
NCNTY08009N08009,"Baca County, CO",684,689,905,1275,1457
NCNTY08011N08011,"Bent County, CO",810,815,1071,1328,1724
NCNTY08015N08015,"Chaffee County, CO",1194,1202,1579,2204,2680
NCNTY08017N08017,"Cheyenne County, CO",753,758,996,1395,1604
NCNTY08021N08021,"Conejos County, CO",732,773,933,1244,1249
NCNTY08023N08023,"Costilla County, CO",799,804,1057,1359,1702
NCNTY08025N08025,"Crowley County, CO",1086,1093,1436,1762,2312
NCNTY08027N08027,"Custer County, CO",1046,1053,1384,1779,2228
NCNTY08029N08029,"Delta County, CO",967,973,1254,1703,2000
NCNTY08033N08033,"Dolores County, CO",897,903,1186,1524,1910
NCNTY08037N08037,"Eagle County, CO",1675,1881,2472,2995,3292
NCNTY08043N08043,"Fremont County, CO",986,992,1304,1804,2018
NCNTY08045N08045,"Garfield County, CO",1272,1280,1682,2370,2668
NCNTY08049N08049,"Grand County, CO",1184,1300,1460,1806,2478
NCNTY08051N08051,"Gunnison County, CO",1199,1207,1586,2175,2691
NCNTY08053N08053,"Hinsdale County, CO",937,974,1194,1535,1922
NCNTY08055N08055,"Huerfano County, CO",849,855,1123,1358,1808
NCNTY08057N08057,"Jackson County, CO",684,689,905,1163,1457
NCNTY08061N08061,"Kiowa County, CO",865,871,1144,1383,1842
NCNTY08063N08063,"Kit Carson County, CO",957,964,1266,1531,1926
NCNTY08065N08065,"Lake County, CO",1232,1241,1630,2095,2624
NCNTY08067N08067,"La Plata County, CO",1360,1536,1880,2326,3027
NCNTY08071N08071,"Las Animas County, CO",847,951,1249,1542,1669
NCNTY08073N08073,"Lincoln County, CO",906,912,1170,1462,1884
NCNTY08075N08075,"Logan County, CO",832,909,1194,1683,1810
NCNTY08079N08079,"Mineral County, CO",1470,1480,1944,2499,3130
NCNTY08081N08081,"Moffat County, CO",970,976,1283,1551,1709
NCNTY08083N08083,"Montezuma County, CO",1007,1069,1404,1698,2261
NCNTY08085N08085,"Montrose County, CO",1000,1007,1323,1864,2245
NCNTY08087N08087,"Morgan County, CO",893,1002,1317,1732,2128
NCNTY08089N08089,"Otero County, CO",824,830,1090,1469,1850
NCNTY08091N08091,"Ouray County, CO",1430,1440,1892,2545,2568
NCNTY08095N08095,"Phillips County, CO",914,920,1209,1462,1947
NCNTY08097N08097,"Pitkin County, CO",1838,2069,2323,2809,3740
NCNTY08099N08099,"Prowers County, CO",827,880,1053,1273,1735
NCNTY08103N08103,"Rio Blanco County, CO",851,857,1126,1410,1678
NCNTY08105N08105,"Rio Grande County, CO",871,871,1109,1341,1786
NCNTY08107N08107,"Routt County, CO",1547,1590,2089,2526,3545
NCNTY08109N08109,"Saguache County, CO",878,884,1161,1404,1546
NCNTY08111N08111,"San Juan County, CO",1236,1402,1574,1903,2096
NCNTY08113N08113,"San Miguel County, CO",1433,1609,2114,2556,3404
NCNTY08115N08115,"Sedgwick County, CO",710,806,905,1094,1457
NCNTY08117N08117,"Summit County, CO",1665,1814,2384,3360,3919
NCNTY08121N08121,"Washington County, CO",923,987,1176,1535,1566
NCNTY08125N08125,"Yuma County, CO",993,1000,1314,1589,1750
NCNTY09005N09005,"Litchfield County, CT",1073,1237,1583,1940,2159
NCNTY12007N12007,"Bradford County, FL",795,817,917,1261,1556
NCNTY12013N12013,"Calhoun County, FL",785,806,905,1260,1265
NCNTY12023N12023,"Columbia County, FL",826,831,1092,1329,1454
NCNTY12027N12027,"DeSoto County, FL",832,848,960,1274,1279
NCNTY12029N12029,"Dixie County, FL",697,702,905,1097,1265
NCNTY12037N12037,"Franklin County, FL",882,906,1017,1416,1421
NCNTY12043N12043,"Glades County, FL",857,862,1002,1220,1400
NCNTY12045N12045,"Gulf County, FL",1107,1114,1464,1770,1950
NCNTY12047N12047,"Hamilton County, FL",684,689,905,1260,1265
NCNTY12049N12049,"Hardee County, FL",759,764,1004,1305,1403
NCNTY12051N12051,"Hendry County, FL",862,867,1025,1419,1712
NCNTY12059N12059,"Holmes County, FL",785,793,905,1201,1205
NCNTY12063N12063,"Jackson County, FL",709,713,907,1169,1208
NCNTY12067N12067,"Lafayette County, FL",831,836,972,1175,1358
NCNTY12077N12077,"Liberty County, FL",774,778,905,1120,1536
NCNTY12079N12079,"Madison County, FL",736,778,905,1156,1481
NCNTY12087N12087,"Monroe County, FL",1744,1939,2398,3153,3841
NCNTY12093N12093,"Okeechobee County, FL",854,859,1129,1384,1705
NCNTY12107N12107,"Putnam County, FL",738,743,976,1255,1300
NCNTY12121N12121,"Suwannee County, FL",743,748,961,1162,1283
NCNTY12123N12123,"Taylor County, FL",774,778,905,1240,1536
NCNTY12125N12125,"Union County, FL",684,689,905,1136,1267
NCNTY12133N12133,"Washington County, FL",768,772,905,1157,1536
NCNTY13001N13001,"Appling County, GA",693,697,885,1228,1502
NCNTY13003N13003,"Atkinson County, GA",724,729,885,1172,1270
NCNTY13005N13005,"Bacon County, GA",600,697,885,1227,1270
NCNTY13007N13007,"Baker County, GA",693,697,885,1247,1270
NCNTY13009N13009,"Baldwin County, GA",808,889,998,1207,1661
NCNTY13011N13011,"Banks County, GA",802,818,937,1133,1536
NCNTY13017N13017,"Ben Hill County, GA",758,760,885,1165,1270
NCNTY13019N13019,"Berrien County, GA",669,674,885,1247,1404
NCNTY13023N13023,"Bleckley County, GA",669,674,885,1236,1392
NCNTY13031N13031,"Bulloch County, GA",879,885,1142,1460,1521
NCNTY13037N13037,"Calhoun County, GA",693,697,885,1185,1411
NCNTY13039N13039,"Camden County, GA",978,982,1142,1609,1869
NCNTY13043N13043,"Candler County, GA",693,697,885,1247,1317
NCNTY13049N13049,"Charlton County, GA",758,788,885,1195,1199
NCNTY13055N13055,"Chattooga County, GA",633,682,885,1240,1447
NCNTY13061N13061,"Clay County, GA",693,697,885,1247,1270
NCNTY13065N13065,"Clinch County, GA",693,697,885,1247,1270
NCNTY13069N13069,"Coffee County, GA",679,684,885,1070,1210
NCNTY13071N13071,"Colquitt County, GA",696,701,921,1156,1438
NCNTY13075N13075,"Cook County, GA",693,697,885,1165,1324
NCNTY13081N13081,"Crisp County, GA",823,828,1013,1225,1349
NCNTY13087N13087,"Decatur County, GA",759,764,896,1154,1193
NCNTY13091N13091,"Dodge County, GA",669,674,885,1070,1179
NCNTY13093N13093,"Dooly County, GA",715,720,885,1070,1179
NCNTY13099N13099,"Early County, GA",755,788,885,1142,1270
NCNTY13105N13105,"Elbert County, GA",759,764,1004,1227,1337
NCNTY13107N13107,"Emanuel County, GA",758,788,885,1070,1502
NCNTY13109N13109,"Evans County, GA",740,745,889,1084,1184
NCNTY13111N13111,"Fannin County, GA",739,744,925,1304,1327
NCNTY13119N13119,"Franklin County, GA",684,689,905,1166,1298
NCNTY13123N13123,"Gilmer County, GA",684,768,1009,1335,1712
NCNTY13125N13125,"Glascock County, GA",758,788,885,1174,1179
NCNTY13129N13129,"Gordon County, GA",711,786,962,1354,1490
NCNTY13131N13131,"Grady County, GA",727,731,961,1300,1396
NCNTY13133N13133,"Greene County, GA",745,750,952,1212,1366
NCNTY13137N13137,"Habersham County, GA",678,841,1000,1394,1399
NCNTY13141N13141,"Hancock County, GA",693,697,885,1142,1502
NCNTY13147N13147,"Hart County, GA",796,801,1053,1273,1466
NCNTY13155N13155,"Irwin County, GA",693,697,885,1070,1270
NCNTY13157N13157,"Jackson County, GA",860,865,1068,1443,1646
NCNTY13161N13161,"Jeff Davis County, GA",693,697,885,1070,1303
NCNTY13163N13163,"Jefferson County, GA",693,698,885,1070,1502
NCNTY13165N13165,"Jenkins County, GA",693,697,885,1247,1270
NCNTY13167N13167,"Johnson County, GA",758,788,885,1247,1270
NCNTY13175N13175,"Laurens County, GA",618,694,912,1230,1548
NCNTY13187N13187,"Lumpkin County, GA",918,924,1173,1451,1991
NCNTY13193N13193,"Macon County, GA",669,674,885,1078,1502
NCNTY13201N13201,"Miller County, GA",693,697,885,1236,1240
NCNTY13205N13205,"Mitchell County, GA",758,788,885,1070,1214
NCNTY13209N13209,"Montgomery County, GA",669,674,885,1247,1377
NCNTY13229N13229,"Pierce County, GA",743,748,949,1147,1270
NCNTY13233N13233,"Polk County, GA",723,728,956,1205,1273
NCNTY13235N13235,"Pulaski County, GA",769,774,1017,1373,1459
NCNTY13237N13237,"Putnam County, GA",851,856,1087,1382,1845
NCNTY13239N13239,"Quitman County, GA",693,697,885,1070,1270
NCNTY13241N13241,"Rabun County, GA",808,814,1069,1421,1670
NCNTY13243N13243,"Randolph County, GA",726,730,944,1141,1257
NCNTY13249N13249,"Schley County, GA",693,697,885,1241,1270
NCNTY13251N13251,"Screven County, GA",669,674,885,1199,1270
NCNTY13253N13253,"Seminole County, GA",794,799,1014,1381,1455
NCNTY13257N13257,"Stephens County, GA",770,775,1018,1276,1677
NCNTY13261N13261,"Sumter County, GA",775,780,1001,1210,1390
NCNTY13265N13265,"Taliaferro County, GA",752,756,960,1215,1377
NCNTY13267N13267,"Tattnall County, GA",728,732,885,1174,1502
NCNTY13269N13269,"Taylor County, GA",693,697,885,1159,1254
NCNTY13271N13271,"Telfair County, GA",693,697,885,1115,1179
NCNTY13275N13275,"Thomas County, GA",990,996,1149,1524,1585
NCNTY13277N13277,"Tift County, GA",788,817,920,1148,1412
NCNTY13279N13279,"Toombs County, GA",669,674,885,1236,1346
NCNTY13281N13281,"Towns County, GA",785,817,917,1292,1556
NCNTY13283N13283,"Treutlen County, GA",669,674,885,1108,1179
NCNTY13285N13285,"Troup County, GA",856,861,1127,1447,1598
NCNTY13287N13287,"Turner County, GA",693,697,885,1070,1179
NCNTY13291N13291,"Union County, GA",693,697,885,1247,1502
NCNTY13293N13293,"Upson County, GA",613,805,904,1199,1204
NCNTY13299N13299,"Ware County, GA",732,737,968,1170,1495
NCNTY13301N13301,"Warren County, GA",693,697,885,1140,1502
NCNTY13303N13303,"Washington County, GA",795,807,929,1180,1369
NCNTY13305N13305,"Wayne County, GA",693,697,916,1108,1442
NCNTY13307N13307,"Webster County, GA",752,756,960,1215,1377
NCNTY13309N13309,"Wheeler County, GA",698,812,1030,1245,1372
NCNTY13311N13311,"White County, GA",933,953,1090,1323,1648
NCNTY13315N13315,"Wilcox County, GA",693,697,885,1240,1270
NCNTY13317N13317,"Wilkes County, GA",690,694,912,1224,1268
NCNTY13319N13319,"Wilkinson County, GA",758,788,885,1138,1194
NCNTY15001N15001,"Hawaii County, HI",1485,1576,2047,2635,2907
NCNTY15005N15005,"Kalawao County, HI",1349,1447,1901,2453,2774
NCNTY15007N15007,"Kauai County, HI",1767,1984,2607,3432,4059
NCNTY16003N16003,"Adams County, ID",712,864,970,1308,1554
NCNTY16007N16007,"Bear Lake County, ID",665,695,905,1275,1525
NCNTY16009N16009,"Benewah County, ID",705,792,1040,1361,1672
NCNTY16011N16011,"Bingham County, ID",684,709,931,1312,1554
NCNTY16013N16013,"Blaine County, ID",977,1097,1442,1933,1941
NCNTY16017N16017,"Bonner County, ID",876,882,1134,1598,1924
NCNTY16021N16021,"Boundary County, ID",699,725,952,1342,1616
NCNTY16025N16025,"Camas County, ID",898,939,1223,1723,2061
NCNTY16029N16029,"Caribou County, ID",707,733,963,1357,1596
NCNTY16031N16031,"Cassia County, ID",712,744,970,1367,1453
NCNTY16033N16033,"Clark County, ID",778,813,1059,1492,1785
NCNTY16035N16035,"Clearwater County, ID",771,799,1050,1474,1782
NCNTY16037N16037,"Custer County, ID",738,772,1005,1416,1694
NCNTY16039N16039,"Elmore County, ID",806,836,1098,1547,1801
NCNTY16043N16043,"Fremont County, ID",639,814,914,1288,1551
NCNTY16047N16047,"Gooding County, ID",767,807,1044,1438,1645
NCNTY16049N16049,"Idaho County, ID",750,842,1106,1435,1877
NCNTY16057N16057,"Latah County, ID",743,807,1000,1409,1697
NCNTY16059N16059,"Lemhi County, ID",742,797,1010,1354,1702
NCNTY16061N16061,"Lewis County, ID",665,690,906,1277,1537
NCNTY16063N16063,"Lincoln County, ID",665,726,905,1275,1536
NCNTY16065N16065,"Madison County, ID",960,972,1107,1560,1879
NCNTY16067N16067,"Minidoka County, ID",715,828,974,1373,1641
NCNTY16071N16071,"Oneida County, ID",771,807,1050,1480,1769
NCNTY16075N16075,"Payette County, ID",807,812,1067,1503,1622
NCNTY16079N16079,"Shoshone County, ID",701,787,1034,1372,1742
NCNTY16081N16081,"Teton County, ID",1094,1100,1327,1870,2252
NCNTY16085N16085,"Valley County, ID",813,986,1107,1522,1866
NCNTY16087N16087,"Washington County, ID",786,815,1071,1374,1805
NCNTY17001N17001,"Adams County, IL",654,734,965,1254,1285
NCNTY17009N17009,"Brown County, IL",586,651,855,1034,1193
NCNTY17011N17011,"Bureau County, IL",649,729,958,1176,1382
NCNTY17015N17015,"Carroll County, IL",557,654,812,1009,1245
NCNTY17017N17017,"Cass County, IL",553,633,807,1088,1315
NCNTY17021N17021,"Christian County, IL",593,658,865,1046,1152
NCNTY17023N17023,"Clark County, IL",599,716,874,1126,1164
NCNTY17025N17025,"Clay County, IL",553,630,807,1019,1126
NCNTY17029N17029,"Coles County, IL",614,690,906,1200,1211
NCNTY17033N17033,"Crawford County, IL",566,693,825,1061,1400
NCNTY17035N17035,"Cumberland County, IL",553,614,807,976,1075
NCNTY17039N17039,"De Witt County, IL",617,685,900,1208,1527
NCNTY17041N17041,"Douglas County, IL",752,757,883,1160,1232
NCNTY17045N17045,"Edgar County, IL",553,702,807,1042,1227
NCNTY17047N17047,"Edwards County, IL",553,614,807,976,1369
NCNTY17049N17049,"Effingham County, IL",643,647,830,1157,1206
NCNTY17051N17051,"Fayette County, IL",596,708,807,1031,1075
NCNTY17053N17053,"Ford County, IL",583,647,850,1128,1132
NCNTY17055N17055,"Franklin County, IL",556,625,821,1036,1146
NCNTY17059N17059,"Gallatin County, IL",553,711,807,1074,1126
NCNTY17061N17061,"Greene County, IL",626,695,913,1104,1216
NCNTY17065N17065,"Hamilton County, IL",553,653,807,1029,1126
NCNTY17067N17067,"Hancock County, IL",555,682,810,1047,1150
NCNTY17069N17069,"Hardin County, IL",597,663,871,1053,1215
NCNTY17071N17071,"Henderson County, IL",622,641,807,1122,1126
NCNTY17075N17075,"Iroquois County, IL",643,658,864,1089,1182
NCNTY17079N17079,"Jasper County, IL",553,631,807,976,1126
NCNTY17081N17081,"Jefferson County, IL",739,744,978,1226,1302
NCNTY17085N17085,"Jo Daviess County, IL",627,716,850,1128,1132
NCNTY17095N17095,"Knox County, IL",611,629,827,1081,1101
NCNTY17099N17099,"La Salle County, IL",745,750,985,1339,1456
NCNTY17101N17101,"Lawrence County, IL",580,644,846,1045,1131
NCNTY17103N17103,"Lee County, IL",571,733,833,1174,1227
NCNTY17105N17105,"Livingston County, IL",633,703,923,1201,1243
NCNTY17107N17107,"Logan County, IL",688,692,877,1152,1168
NCNTY17109N17109,"McDonough County, IL",651,756,950,1241,1417
NCNTY17121N17121,"Marion County, IL",564,671,813,1049,1228
NCNTY17125N17125,"Mason County, IL",562,658,820,1084,1265
NCNTY17127N17127,"Massac County, IL",588,726,868,1172,1211
NCNTY17135N17135,"Montgomery County, IL",611,648,851,1133,1133
NCNTY17137N17137,"Morgan County, IL",581,645,847,1050,1295
NCNTY17139N17139,"Moultrie County, IL",553,616,807,1137,1276
NCNTY17141N17141,"Ogle County, IL",711,748,983,1247,1309
NCNTY17145N17145,"Perry County, IL",553,614,807,1137,1271
NCNTY17149N17149,"Pike County, IL",610,614,807,976,1183
NCNTY17151N17151,"Pope County, IL",553,617,807,1035,1126
NCNTY17153N17153,"Pulaski County, IL",557,658,807,1137,1369
NCNTY17155N17155,"Putnam County, IL",574,705,847,1102,1437
NCNTY17157N17157,"Randolph County, IL",572,642,844,1088,1344
NCNTY17159N17159,"Richland County, IL",553,719,807,1034,1332
NCNTY17165N17165,"Saline County, IL",579,642,844,1120,1124
NCNTY17169N17169,"Schuyler County, IL",567,737,827,1024,1403
NCNTY17171N17171,"Scott County, IL",588,659,858,1037,1143
NCNTY17173N17173,"Shelby County, IL",613,680,894,1081,1270
NCNTY17177N17177,"Stephenson County, IL",582,653,858,1051,1197
NCNTY17181N17181,"Union County, IL",620,668,807,1058,1106
NCNTY17185N17185,"Wabash County, IL",571,642,843,1172,1176
NCNTY17187N17187,"Warren County, IL",547,620,807,1095,1250
NCNTY17189N17189,"Washington County, IL",595,773,868,1087,1211
NCNTY17191N17191,"Wayne County, IL",562,624,820,995,1144
NCNTY17193N17193,"White County, IL",547,635,807,1071,1075
NCNTY17195N17195,"Whiteside County, IL",622,680,894,1092,1191
NCNTY18001N18001,"Adams County, IN",652,657,863,1108,1149
NCNTY18009N18009,"Blackford County, IN",600,761,863,1114,1391
NCNTY18017N18017,"Cass County, IN",717,721,863,1145,1149
NCNTY18023N18023,"Clinton County, IN",647,732,954,1179,1271
NCNTY18025N18025,"Crawford County, IN",600,769,863,1193,1297
NCNTY18027N18027,"Daviess County, IN",708,713,930,1153,1239
NCNTY18031N18031,"Decatur County, IN",717,785,1031,1247,1386
NCNTY18033N18033,"DeKalb County, IN",628,687,903,1116,1203
NCNTY18037N18037,"Dubois County, IN",617,675,887,1250,1505
NCNTY18041N18041,"Fayette County, IN",609,684,899,1090,1197
NCNTY18045N18045,"Fountain County, IN",600,657,863,1053,1393
NCNTY18049N18049,"Fulton County, IN",636,696,915,1106,1219
NCNTY18051N18051,"Gibson County, IN",755,759,922,1223,1228
NCNTY18053N18053,"Grant County, IN",613,717,904,1173,1346
NCNTY18055N18055,"Greene County, IN",631,672,863,1171,1303
NCNTY18065N18065,"Henry County, IN",703,707,895,1123,1249
NCNTY18069N18069,"Huntington County, IN",600,675,863,1088,1373
NCNTY18071N18071,"Jackson County, IN",729,765,1005,1215,1338
NCNTY18075N18075,"Jay County, IN",613,659,866,1113,1153
NCNTY18077N18077,"Jefferson County, IN",681,784,916,1164,1554
NCNTY18079N18079,"Jennings County, IN",655,683,897,1264,1504
NCNTY18083N18083,"Knox County, IN",647,708,930,1124,1239
NCNTY18085N18085,"Kosciusko County, IN",830,835,996,1229,1428
NCNTY18087N18087,"LaGrange County, IN",678,683,897,1184,1195
NCNTY18093N18093,"Lawrence County, IN",627,686,902,1095,1468
NCNTY18099N18099,"Marshall County, IN",665,784,956,1260,1395
NCNTY18101N18101,"Martin County, IN",600,657,863,1043,1267
NCNTY18103N18103,"Miami County, IN",600,692,863,1112,1383
NCNTY18107N18107,"Montgomery County, IN",636,726,915,1247,1356
NCNTY18113N18113,"Noble County, IN",630,708,930,1142,1481
NCNTY18117N18117,"Orange County, IN",600,657,863,1216,1304
NCNTY18123N18123,"Perry County, IN",651,671,863,1110,1465
NCNTY18125N18125,"Pike County, IN",600,769,863,1182,1187
NCNTY18131N18131,"Pulaski County, IN",600,769,863,1146,1465
NCNTY18135N18135,"Randolph County, IN",600,657,863,1145,1149
NCNTY18137N18137,"Ripley County, IN",678,739,971,1336,1408
NCNTY18139N18139,"Rush County, IN",614,686,883,1069,1176
NCNTY18143N18143,"Scott County, IN",692,777,1021,1276,1360
NCNTY18147N18147,"Spencer County, IN",599,673,884,1213,1441
NCNTY18149N18149,"Starke County, IN",613,702,881,1081,1200
NCNTY18151N18151,"Steuben County, IN",729,774,1007,1250,1341
NCNTY18155N18155,"Switzerland County, IN",600,657,863,1216,1274
NCNTY18159N18159,"Tipton County, IN",661,723,950,1149,1321
NCNTY18169N18169,"Wabash County, IN",633,693,910,1100,1212
NCNTY18177N18177,"Wayne County, IN",671,692,909,1128,1218
NCNTY18179N18179,"Wells County, IN",625,684,899,1087,1301
NCNTY18181N18181,"White County, IN",643,703,924,1117,1231
NCNTY19001N19001,"Adair County, IA",636,663,871,1156,1160
NCNTY19003N19003,"Adams County, IA",695,725,952,1151,1268
NCNTY19005N19005,"Allamakee County, IA",630,656,862,1103,1221
NCNTY19007N19007,"Appanoose County, IA",637,664,872,1054,1296
NCNTY19009N19009,"Audubon County, IA",661,750,905,1094,1205
NCNTY19019N19019,"Buchanan County, IA",749,750,986,1236,1313
NCNTY19021N19021,"Buena Vista County, IA",716,721,947,1219,1261
NCNTY19023N19023,"Butler County, IA",630,656,862,1100,1333
NCNTY19025N19025,"Calhoun County, IA",630,695,862,1112,1148
NCNTY19027N19027,"Carroll County, IA",586,656,862,1119,1148
NCNTY19029N19029,"Cass County, IA",630,697,862,1163,1342
NCNTY19031N19031,"Cedar County, IA",700,730,959,1200,1277
NCNTY19033N19033,"Cerro Gordo County, IA",692,721,948,1221,1411
NCNTY19035N19035,"Cherokee County, IA",630,768,862,1215,1463
NCNTY19037N19037,"Chickasaw County, IA",667,687,862,1215,1355
NCNTY19039N19039,"Clarke County, IA",681,709,932,1237,1241
NCNTY19041N19041,"Clay County, IA",659,733,902,1195,1201
NCNTY19043N19043,"Clayton County, IA",611,686,902,1117,1201
NCNTY19045N19045,"Clinton County, IA",687,732,962,1189,1281
NCNTY19047N19047,"Crawford County, IA",630,768,862,1106,1387
NCNTY19051N19051,"Davis County, IA",665,733,910,1100,1212
NCNTY19053N19053,"Decatur County, IA",630,656,862,1042,1463
NCNTY19055N19055,"Delaware County, IA",630,726,862,1042,1148
NCNTY19057N19057,"Des Moines County, IA",736,827,1086,1337,1446
NCNTY19059N19059,"Dickinson County, IA",822,827,1087,1314,1448
NCNTY19063N19063,"Emmet County, IA",630,704,862,1144,1148
NCNTY19065N19065,"Fayette County, IA",588,660,867,1099,1471
NCNTY19067N19067,"Floyd County, IA",658,663,862,1144,1148
NCNTY19069N19069,"Franklin County, IA",634,661,868,1167,1279
NCNTY19071N19071,"Fremont County, IA",630,656,862,1181,1328
NCNTY19073N19073,"Greene County, IA",630,656,862,1215,1397
NCNTY19079N19079,"Hamilton County, IA",725,755,992,1199,1321
NCNTY19081N19081,"Hancock County, IA",630,700,862,1183,1463
NCNTY19083N19083,"Hardin County, IA",630,656,862,1135,1262
NCNTY19087N19087,"Henry County, IA",659,701,902,1248,1330
NCNTY19089N19089,"Howard County, IA",630,768,862,1214,1278
NCNTY19091N19091,"Humboldt County, IA",630,701,862,1215,1224
NCNTY19093N19093,"Ida County, IA",630,656,862,1042,1148
NCNTY19095N19095,"Iowa County, IA",630,696,862,1215,1434
NCNTY19097N19097,"Jackson County, IA",630,656,862,1156,1191
NCNTY19101N19101,"Jefferson County, IA",789,794,1043,1261,1389
NCNTY19107N19107,"Keokuk County, IA",673,744,922,1157,1228
NCNTY19109N19109,"Kossuth County, IA",716,718,895,1082,1202
NCNTY19111N19111,"Lee County, IA",630,707,929,1249,1271
NCNTY19115N19115,"Louisa County, IA",590,695,871,1118,1160
NCNTY19117N19117,"Lucas County, IA",773,806,1059,1280,1410
NCNTY19119N19119,"Lyon County, IA",652,777,893,1080,1346
NCNTY19123N19123,"Mahaska County, IA",625,705,922,1115,1232
NCNTY19125N19125,"Marion County, IA",663,766,978,1183,1302
NCNTY19127N19127,"Marshall County, IA",725,751,983,1308,1309
NCNTY19131N19131,"Mitchell County, IA",630,656,862,1042,1169
NCNTY19133N19133,"Monona County, IA",652,656,862,1042,1385
NCNTY19135N19135,"Monroe County, IA",673,701,921,1199,1227
NCNTY19137N19137,"Montgomery County, IA",630,750,862,1042,1199
NCNTY19139N19139,"Muscatine County, IA",783,816,1072,1375,1610
NCNTY19141N19141,"O'Brien County, IA",630,656,862,1144,1148
NCNTY19143N19143,"Osceola County, IA",637,670,872,1110,1161
NCNTY19145N19145,"Page County, IA",641,668,878,1101,1301
NCNTY19147N19147,"Palo Alto County, IA",630,656,862,1152,1156
NCNTY19149N19149,"Plymouth County, IA",669,718,883,1228,1233
NCNTY19151N19151,"Pocahontas County, IA",630,656,862,1042,1148
NCNTY19157N19157,"Poweshiek County, IA",695,847,951,1262,1267
NCNTY19159N19159,"Ringgold County, IA",630,729,862,1042,1148
NCNTY19161N19161,"Sac County, IA",630,711,862,1215,1220
NCNTY19165N19165,"Shelby County, IA",630,755,862,1215,1371
NCNTY19167N19167,"Sioux County, IA",723,737,935,1241,1245
NCNTY19171N19171,"Tama County, IA",687,716,941,1138,1435
NCNTY19173N19173,"Taylor County, IA",630,656,862,1042,1148
NCNTY19175N19175,"Union County, IA",643,671,881,1169,1173
NCNTY19177N19177,"Van Buren County, IA",630,768,862,1139,1346
NCNTY19179N19179,"Wapello County, IA",771,804,1056,1291,1595
NCNTY19185N19185,"Wayne County, IA",630,675,862,1042,1148
NCNTY19187N19187,"Webster County, IA",679,683,898,1206,1524
NCNTY19189N19189,"Winnebago County, IA",630,665,862,1125,1316
NCNTY19191N19191,"Winneshiek County, IA",667,695,913,1211,1216
NCNTY19195N19195,"Worth County, IA",630,668,862,1215,1457
NCNTY19197N19197,"Wright County, IA",645,672,883,1068,1176
NCNTY20001N20001,"Allen County, KS",631,702,923,1146,1302
NCNTY20003N20003,"Anderson County, KS",633,736,882,1066,1244
NCNTY20005N20005,"Atchison County, KS",654,693,911,1284,1370
NCNTY20007N20007,"Barber County, KS",633,786,882,1202,1497
NCNTY20009N20009,"Barton County, KS",633,719,882,1243,1388
NCNTY20011N20011,"Bourbon County, KS",670,752,988,1222,1316
NCNTY20013N20013,"Brown County, KS",633,671,882,1173,1185
NCNTY20017N20017,"Chase County, KS",633,671,882,1066,1244
NCNTY20019N20019,"Chautauqua County, KS",633,671,882,1183,1244
NCNTY20021N20021,"Cherokee County, KS",598,671,882,1178,1198
NCNTY20023N20023,"Cheyenne County, KS",633,718,882,1066,1413
NCNTY20025N20025,"Clark County, KS",642,797,895,1102,1263
NCNTY20027N20027,"Clay County, KS",659,699,919,1295,1307
NCNTY20029N20029,"Cloud County, KS",633,671,882,1066,1284
NCNTY20031N20031,"Coffey County, KS",647,719,882,1140,1246
NCNTY20033N20033,"Comanche County, KS",633,671,882,1128,1244
NCNTY20035N20035,"Cowley County, KS",626,703,924,1179,1392
NCNTY20037N20037,"Crawford County, KS",733,737,969,1362,1460
NCNTY20039N20039,"Decatur County, KS",633,677,882,1243,1497
NCNTY20041N20041,"Dickinson County, KS",640,679,892,1187,1319
NCNTY20047N20047,"Edwards County, KS",633,698,882,1138,1185
NCNTY20049N20049,"Elk County, KS",633,726,882,1243,1244
NCNTY20051N20051,"Ellis County, KS",668,750,986,1360,1673
NCNTY20053N20053,"Ellsworth County, KS",652,705,909,1126,1211
NCNTY20055N20055,"Finney County, KS",779,827,1086,1434,1721
NCNTY20057N20057,"Ford County, KS",730,808,1018,1287,1362
NCNTY20059N20059,"Franklin County, KS",792,797,1047,1279,1479
NCNTY20063N20063,"Gove County, KS",633,786,882,1101,1175
NCNTY20065N20065,"Graham County, KS",633,671,882,1135,1244
NCNTY20067N20067,"Grant County, KS",633,671,882,1195,1244
NCNTY20069N20069,"Gray County, KS",633,784,882,1107,1175
NCNTY20071N20071,"Greeley County, KS",633,690,882,1066,1244
NCNTY20073N20073,"Greenwood County, KS",633,671,882,1066,1244
NCNTY20075N20075,"Hamilton County, KS",692,734,965,1167,1361
NCNTY20077N20077,"Harper County, KS",633,671,882,1130,1244
NCNTY20081N20081,"Haskell County, KS",633,671,882,1095,1244
NCNTY20083N20083,"Hodgeman County, KS",682,723,950,1339,1340
NCNTY20089N20089,"Jewell County, KS",633,786,882,1128,1244
NCNTY20093N20093,"Kearny County, KS",918,973,1279,1546,1804
NCNTY20095N20095,"Kingman County, KS",598,700,882,1243,1294
NCNTY20097N20097,"Kiowa County, KS",633,671,882,1076,1175
NCNTY20099N20099,"Labette County, KS",623,699,919,1111,1262
NCNTY20101N20101,"Lane County, KS",650,690,906,1095,1278
NCNTY20105N20105,"Lincoln County, KS",633,671,882,1129,1244
NCNTY20109N20109,"Logan County, KS",722,766,1006,1216,1340
NCNTY20111N20111,"Lyon County, KS",633,711,934,1254,1421
NCNTY20113N20113,"McPherson County, KS",692,734,965,1225,1416
NCNTY20115N20115,"Marion County, KS",633,684,882,1170,1175
NCNTY20117N20117,"Marshall County, KS",633,675,882,1243,1497
NCNTY20119N20119,"Meade County, KS",633,671,882,1066,1175
NCNTY20123N20123,"Mitchell County, KS",633,713,882,1138,1244
NCNTY20125N20125,"Montgomery County, KS",638,677,890,1166,1261
NCNTY20127N20127,"Morris County, KS",682,739,950,1149,1339
NCNTY20129N20129,"Morton County, KS",633,671,882,1066,1244
NCNTY20131N20131,"Nemaha County, KS",633,717,882,1229,1373
NCNTY20133N20133,"Neosho County, KS",667,671,882,1217,1442
NCNTY20135N20135,"Ness County, KS",633,671,882,1162,1244
NCNTY20137N20137,"Norton County, KS",633,684,882,1066,1244
NCNTY20141N20141,"Osborne County, KS",633,671,882,1066,1244
NCNTY20143N20143,"Ottawa County, KS",727,771,1013,1225,1429
NCNTY20145N20145,"Pawnee County, KS",633,671,882,1215,1244
NCNTY20147N20147,"Phillips County, KS",633,671,882,1079,1244
NCNTY20151N20151,"Pratt County, KS",633,786,882,1193,1197
NCNTY20153N20153,"Rawlins County, KS",633,671,882,1066,1497
NCNTY20155N20155,"Reno County, KS",695,780,1025,1239,1365
NCNTY20157N20157,"Republic County, KS",633,786,882,1170,1175
NCNTY20159N20159,"Rice County, KS",633,730,882,1243,1244
NCNTY20163N20163,"Rooks County, KS",633,671,882,1066,1244
NCNTY20165N20165,"Rush County, KS",635,788,885,1179,1264
NCNTY20167N20167,"Russell County, KS",633,786,882,1066,1244
NCNTY20169N20169,"Saline County, KS",758,825,1065,1288,1480
NCNTY20171N20171,"Scott County, KS",633,671,882,1243,1497
NCNTY20175N20175,"Seward County, KS",788,836,1099,1329,1464
NCNTY20179N20179,"Sheridan County, KS",633,695,882,1243,1244
NCNTY20181N20181,"Sherman County, KS",736,781,1026,1241,1447
NCNTY20183N20183,"Smith County, KS",633,778,882,1188,1244
NCNTY20185N20185,"Stafford County, KS",633,671,882,1066,1244
NCNTY20187N20187,"Stanton County, KS",677,718,944,1207,1332
NCNTY20189N20189,"Stevens County, KS",661,701,921,1114,1239
NCNTY20193N20193,"Thomas County, KS",643,682,896,1083,1264
NCNTY20195N20195,"Trego County, KS",633,729,882,1066,1175
NCNTY20199N20199,"Wallace County, KS",633,671,882,1101,1244
NCNTY20201N20201,"Washington County, KS",661,671,882,1121,1244
NCNTY20203N20203,"Wichita County, KS",633,786,882,1243,1244
NCNTY20205N20205,"Wilson County, KS",633,671,882,1243,1424
NCNTY20207N20207,"Woodson County, KS",633,720,882,1160,1448
NCNTY21001N21001,"Adair County, KY",616,663,850,1198,1335
NCNTY21005N21005,"Anderson County, KY",712,876,983,1331,1336
NCNTY21007N21007,"Ballard County, KY",698,733,963,1176,1512
NCNTY21009N21009,"Barren County, KY",659,692,909,1167,1219
NCNTY21011N21011,"Bath County, KY",616,720,850,1144,1416
NCNTY21013N21013,"Bell County, KY",707,757,850,1198,1359
NCNTY21021N21021,"Boyle County, KY",721,726,954,1260,1501
NCNTY21025N21025,"Breathitt County, KY",616,743,850,1141,1156
NCNTY21027N21027,"Breckinridge County, KY",616,729,850,1128,1132
NCNTY21033N21033,"Caldwell County, KY",681,824,939,1163,1277
NCNTY21035N21035,"Calloway County, KY",863,899,1181,1428,1573
NCNTY21039N21039,"Carlisle County, KY",646,678,891,1077,1211
NCNTY21041N21041,"Carroll County, KY",632,777,872,1229,1364
NCNTY21045N21045,"Casey County, KY",616,757,850,1098,1442
NCNTY21051N21051,"Clay County, KY",671,675,850,1198,1442
NCNTY21053N21053,"Clinton County, KY",616,669,850,1028,1156
NCNTY21055N21055,"Crittenden County, KY",665,698,917,1109,1247
NCNTY21057N21057,"Cumberland County, KY",576,647,850,1095,1156
NCNTY21063N21063,"Elliott County, KY",707,761,976,1180,1327
NCNTY21065N21065,"Estill County, KY",616,647,850,1030,1159
NCNTY21069N21069,"Fleming County, KY",616,729,850,1100,1229
NCNTY21071N21071,"Floyd County, KY",677,711,934,1129,1244
NCNTY21073N21073,"Franklin County, KY",794,902,1131,1490,1831
NCNTY21075N21075,"Fulton County, KY",616,672,850,1198,1442
NCNTY21079N21079,"Garrard County, KY",658,809,908,1115,1340
NCNTY21083N21083,"Graves County, KY",616,647,850,1198,1442
NCNTY21085N21085,"Grayson County, KY",677,682,850,1128,1132
NCNTY21087N21087,"Green County, KY",616,757,850,1151,1156
NCNTY21095N21095,"Harlan County, KY",616,673,850,1130,1185
NCNTY21097N21097,"Harrison County, KY",632,743,872,1157,1161
NCNTY21099N21099,"Hart County, KY",616,647,850,1093,1132
NCNTY21105N21105,"Hickman County, KY",616,647,850,1151,1156
NCNTY21107N21107,"Hopkins County, KY",667,738,970,1250,1402
NCNTY21109N21109,"Jackson County, KY",616,647,850,1151,1156
NCNTY21115N21115,"Johnson County, KY",616,647,850,1120,1156
NCNTY21119N21119,"Knott County, KY",659,663,850,1105,1174
NCNTY21121N21121,"Knox County, KY",616,664,850,1067,1442
NCNTY21125N21125,"Laurel County, KY",628,702,922,1185,1273
NCNTY21127N21127,"Lawrence County, KY",649,682,896,1216,1326
NCNTY21129N21129,"Lee County, KY",625,657,863,1169,1173
NCNTY21131N21131,"Leslie County, KY",616,757,850,1151,1156
NCNTY21133N21133,"Letcher County, KY",616,733,850,1198,1318
NCNTY21135N21135,"Lewis County, KY",616,705,850,1151,1156
NCNTY21137N21137,"Lincoln County, KY",628,698,866,1047,1153
NCNTY21139N21139,"Livingston County, KY",714,768,985,1208,1339
NCNTY21141N21141,"Logan County, KY",647,694,893,1244,1515
NCNTY21143N21143,"Lyon County, KY",652,685,900,1130,1527
NCNTY21145N21145,"McCracken County, KY",702,788,1035,1267,1637
NCNTY21147N21147,"McCreary County, KY",616,757,850,1073,1156
NCNTY21151N21151,"Madison County, KY",791,837,963,1357,1370
NCNTY21153N21153,"Magoffin County, KY",616,757,850,1126,1156
NCNTY21155N21155,"Marion County, KY",684,689,905,1098,1205
NCNTY21157N21157,"Marshall County, KY",741,851,1023,1237,1708
NCNTY21159N21159,"Martin County, KY",683,718,943,1140,1282
NCNTY21161N21161,"Mason County, KY",653,796,964,1166,1311
NCNTY21165N21165,"Menifee County, KY",616,663,850,1133,1156
NCNTY21167N21167,"Mercer County, KY",616,647,850,1198,1322
NCNTY21169N21169,"Metcalfe County, KY",616,655,850,1028,1132
NCNTY21171N21171,"Monroe County, KY",616,647,850,1128,1132
NCNTY21173N21173,"Montgomery County, KY",662,696,914,1254,1259
NCNTY21175N21175,"Morgan County, KY",616,647,850,1151,1156
NCNTY21177N21177,"Muhlenberg County, KY",631,662,870,1093,1216
NCNTY21179N21179,"Nelson County, KY",635,713,937,1320,1590
NCNTY21181N21181,"Nicholas County, KY",616,647,850,1085,1442
NCNTY21183N21183,"Ohio County, KY",635,676,876,1059,1245
NCNTY21187N21187,"Owen County, KY",704,740,972,1233,1321
NCNTY21189N21189,"Owsley County, KY",616,663,850,1151,1156
NCNTY21193N21193,"Perry County, KY",698,733,963,1164,1285
NCNTY21195N21195,"Pike County, KY",704,837,972,1175,1412
NCNTY21197N21197,"Powell County, KY",649,681,895,1246,1262
NCNTY21199N21199,"Pulaski County, KY",655,741,967,1174,1432
NCNTY21201N21201,"Robertson County, KY",616,647,850,1028,1156
NCNTY21203N21203,"Rockcastle County, KY",616,647,850,1130,1156
NCNTY21205N21205,"Rowan County, KY",626,750,924,1177,1568
NCNTY21207N21207,"Russell County, KY",616,647,850,1043,1132
NCNTY21213N21213,"Simpson County, KY",760,798,1048,1400,1425
NCNTY21217N21217,"Taylor County, KY",616,744,850,1142,1147
NCNTY21219N21219,"Todd County, KY",624,655,861,1180,1348
NCNTY21223N21223,"Trimble County, KY",659,692,909,1206,1211
NCNTY21225N21225,"Union County, KY",647,714,893,1080,1189
NCNTY21229N21229,"Washington County, KY",689,724,951,1150,1358
NCNTY21231N21231,"Wayne County, KY",616,699,850,1198,1442
NCNTY21233N21233,"Webster County, KY",670,703,924,1117,1256
NCNTY21235N21235,"Whitley County, KY",616,647,850,1028,1132
NCNTY21237N21237,"Wolfe County, KY",616,757,850,1028,1156
NCNTY22003N22003,"Allen Parish, LA",652,720,871,1105,1304
NCNTY22009N22009,"Avoyelles Parish, LA",686,698,917,1173,1330
NCNTY22011N22011,"Beauregard Parish, LA",795,810,946,1232,1605
NCNTY22013N22013,"Bienville Parish, LA",615,727,822,1158,1395
NCNTY22021N22021,"Caldwell Parish, LA",755,768,1009,1220,1463
NCNTY22025N22025,"Catahoula Parish, LA",615,722,822,1158,1192
NCNTY22027N22027,"Claiborne Parish, LA",627,638,838,1013,1215
NCNTY22029N22029,"Concordia Parish, LA",615,626,822,1158,1192
NCNTY22035N22035,"East Carroll Parish, LA",615,626,822,1095,1191
NCNTY22039N22039,"Evangeline Parish, LA",615,669,822,1053,1095
NCNTY22041N22041,"Franklin Parish, LA",615,702,822,1045,1095
NCNTY22049N22049,"Jackson Parish, LA",615,732,822,1101,1105
NCNTY22053N22053,"Jefferson Davis Parish, LA",651,689,843,1188,1422
NCNTY22059N22059,"La Salle Parish, LA",653,664,872,1117,1264
NCNTY22061N22061,"Lincoln Parish, LA",715,766,955,1242,1621
NCNTY22065N22065,"Madison Parish, LA",621,626,822,1068,1395
NCNTY22069N22069,"Natchitoches Parish, LA",695,781,1026,1271,1366
NCNTY22081N22081,"Red River Parish, LA",655,666,875,1058,1284
NCNTY22083N22083,"Richland Parish, LA",686,691,901,1089,1323
NCNTY22085N22085,"Sabine Parish, LA",636,715,939,1135,1251
NCNTY22097N22097,"St. Landry Parish, LA",649,653,858,1106,1292
NCNTY22101N22101,"St. Mary Parish, LA",745,776,1005,1301,1607
NCNTY22107N22107,"Tensas Parish, LA",615,626,822,1158,1192
NCNTY22115N22115,"Vernon Parish, LA",848,854,1122,1443,1576
NCNTY22117N22117,"Washington Parish, LA",692,732,822,1158,1276
NCNTY22119N22119,"Webster Parish, LA",638,649,853,1132,1136
NCNTY22123N22123,"West Carroll Parish, LA",615,626,822,1079,1382
NCNTY22127N22127,"Winn Parish, LA",615,732,822,1158,1192
NCNTY23003N23003,"Aroostook County, ME",689,787,984,1341,1426
NCNTY23007N23007,"Franklin County, ME",748,840,1104,1465,1470
NCNTY23009N23009,"Hancock County, ME",1044,1050,1245,1652,1658
NCNTY23011N23011,"Kennebec County, ME",903,907,1164,1448,1710
NCNTY23013N23013,"Knox County, ME",937,978,1179,1480,1668
NCNTY23015N23015,"Lincoln County, ME",969,1006,1217,1620,1702
NCNTY23017N23017,"Oxford County, ME",891,897,1178,1445,1858
NCNTY23021N23021,"Piscataquis County, ME",758,851,1118,1383,1669
NCNTY23025N23025,"Somerset County, ME",851,883,1071,1324,1529
NCNTY23027N23027,"Waldo County, ME",911,917,1192,1471,1651
NCNTY23029N23029,"Washington County, ME",684,768,1009,1402,1485
NCNTY24011N24011,"Caroline County, MD",993,999,1313,1778,2193
NCNTY24019N24019,"Dorchester County, MD",928,933,1168,1646,1982
NCNTY24023N24023,"Garrett County, MD",800,811,923,1301,1566
NCNTY24029N24029,"Kent County, MD",1216,1229,1403,1878,2381
NCNTY24041N24041,"Talbot County, MD",1313,1349,1514,2134,2569
NCNTY25007N25007,"Dukes County, MA",1834,2047,2340,3159,3171
NCNTY25019N25019,"Nantucket County, MA",2019,2032,2670,3273,3618
NCNTY26001N26001,"Alcona County, MI",633,789,905,1217,1345
NCNTY26003N26003,"Alger County, MI",711,788,1017,1230,1441
NCNTY26005N26005,"Allegan County, MI",890,896,1177,1525,1568
NCNTY26007N26007,"Alpena County, MI",613,748,905,1178,1536
NCNTY26009N26009,"Antrim County, MI",739,884,1090,1318,1677
NCNTY26011N26011,"Arenac County, MI",633,689,905,1275,1288
NCNTY26013N26013,"Baraga County, MI",700,704,905,1094,1300
NCNTY26015N26015,"Barry County, MI",754,885,1112,1567,1619
NCNTY26019N26019,"Benzie County, MI",871,948,1246,1507,1715
NCNTY26023N26023,"Branch County, MI",783,787,972,1292,1294
NCNTY26029N26029,"Charlevoix County, MI",709,828,1014,1429,1623
NCNTY26031N26031,"Cheboygan County, MI",703,789,1037,1254,1381
NCNTY26033N26033,"Chippewa County, MI",759,852,1120,1354,1492
NCNTY26035N26035,"Clare County, MI",649,706,928,1199,1554
NCNTY26039N26039,"Crawford County, MI",683,852,1008,1248,1342
NCNTY26041N26041,"Delta County, MI",684,689,905,1189,1534
NCNTY26043N26043,"Dickinson County, MI",656,791,938,1134,1336
NCNTY26047N26047,"Emmet County, MI",895,974,1280,1548,1814
NCNTY26051N26051,"Gladwin County, MI",613,689,905,1275,1338
NCNTY26053N26053,"Gogebic County, MI",633,720,905,1235,1239
NCNTY26055N26055,"Grand Traverse County, MI",1138,1157,1343,1624,1789
NCNTY26057N26057,"Gratiot County, MI",618,749,912,1180,1539
NCNTY26059N26059,"Hillsdale County, MI",749,753,990,1247,1358
NCNTY26061N26061,"Houghton County, MI",710,758,905,1275,1536
NCNTY26063N26063,"Huron County, MI",639,717,905,1101,1205
NCNTY26069N26069,"Iosco County, MI",725,730,905,1156,1283
NCNTY26071N26071,"Iron County, MI",672,754,991,1309,1405
NCNTY26073N26073,"Isabella County, MI",872,877,1012,1339,1348
NCNTY26079N26079,"Kalkaska County, MI",626,703,924,1236,1301
NCNTY26083N26083,"Keweenaw County, MI",633,802,905,1275,1283
NCNTY26085N26085,"Lake County, MI",665,771,951,1340,1614
NCNTY26089N26089,"Leelanau County, MI",969,1076,1386,1676,1846
NCNTY26091N26091,"Lenawee County, MI",780,865,1094,1450,1654
NCNTY26095N26095,"Luce County, MI",703,765,1005,1215,1351
NCNTY26097N26097,"Mackinac County, MI",745,750,930,1124,1393
NCNTY26101N26101,"Manistee County, MI",810,815,1071,1325,1426
NCNTY26103N26103,"Marquette County, MI",772,947,1139,1377,1933
NCNTY26105N26105,"Mason County, MI",702,770,1004,1284,1337
NCNTY26107N26107,"Mecosta County, MI",721,878,1032,1318,1463
NCNTY26109N26109,"Menominee County, MI",652,728,905,1275,1357
NCNTY26113N26113,"Missaukee County, MI",688,749,984,1197,1310
NCNTY26119N26119,"Montmorency County, MI",633,806,905,1275,1283
NCNTY26123N26123,"Newaygo County, MI",691,776,1019,1327,1419
NCNTY26127N26127,"Oceana County, MI",730,777,1021,1236,1586
NCNTY26129N26129,"Ogemaw County, MI",656,832,934,1137,1244
NCNTY26131N26131,"Ontonagon County, MI",633,806,905,1094,1283
NCNTY26133N26133,"Osceola County, MI",668,728,956,1188,1494
NCNTY26135N26135,"Oscoda County, MI",694,770,992,1262,1406
NCNTY26137N26137,"Otsego County, MI",747,813,1068,1433,1645
NCNTY26141N26141,"Presque Isle County, MI",633,689,905,1107,1367
NCNTY26143N26143,"Roscommon County, MI",709,714,938,1225,1360
NCNTY26149N26149,"St. Joseph County, MI",677,746,968,1338,1403
NCNTY26151N26151,"Sanilac County, MI",635,712,935,1223,1277
NCNTY26153N26153,"Schoolcraft County, MI",633,715,905,1214,1283
NCNTY26157N26157,"Tuscola County, MI",624,758,920,1270,1392
NCNTY26159N26159,"Van Buren County, MI",710,798,1048,1364,1396
NCNTY26165N26165,"Wexford County, MI",703,765,1005,1310,1520
NCNTY27001N27001,"Aitkin County, MN",727,762,1001,1368,1373
NCNTY27005N27005,"Becker County, MN",737,859,1087,1459,1614
NCNTY27007N27007,"Beltrami County, MN",856,888,1167,1411,1645
NCNTY27011N27011,"Big Stone County, MN",613,775,905,1275,1366
NCNTY27015N27015,"Brown County, MN",664,746,980,1220,1663
NCNTY27021N27021,"Cass County, MN",832,893,1003,1326,1517
NCNTY27023N27023,"Chippewa County, MN",620,776,915,1289,1299
NCNTY27029N27029,"Clearwater County, MN",653,733,963,1302,1491
NCNTY27031N27031,"Cook County, MN",641,842,945,1258,1366
NCNTY27033N27033,"Cottonwood County, MN",614,752,906,1129,1255
NCNTY27035N27035,"Crow Wing County, MN",784,880,1156,1437,1630
NCNTY27041N27041,"Douglas County, MN",712,835,1018,1351,1356
NCNTY27043N27043,"Faribault County, MN",613,726,905,1256,1260
NCNTY27047N27047,"Freeborn County, MN",683,766,1007,1284,1452
NCNTY27049N27049,"Goodhue County, MN",798,946,1132,1595,1921
NCNTY27051N27051,"Grant County, MN",613,691,905,1275,1536
NCNTY27057N27057,"Hubbard County, MN",704,791,1039,1342,1629
NCNTY27061N27061,"Itasca County, MN",877,883,1145,1384,1548
NCNTY27063N27063,"Jackson County, MN",647,732,954,1205,1367
NCNTY27065N27065,"Kanabec County, MN",746,891,1100,1459,1465
NCNTY27067N27067,"Kandiyohi County, MN",807,812,983,1385,1622
NCNTY27069N27069,"Kittson County, MN",629,706,928,1122,1395
NCNTY27071N27071,"Koochiching County, MN",620,696,914,1152,1322
NCNTY27073N27073,"Lac qui Parle County, MN",613,744,905,1213,1472
NCNTY27077N27077,"Lake of the Woods County, MN",675,758,996,1204,1440
NCNTY27081N27081,"Lincoln County, MN",613,689,905,1231,1309
NCNTY27083N27083,"Lyon County, MN",613,715,905,1275,1514
NCNTY27085N27085,"McLeod County, MN",775,780,1020,1409,1731
NCNTY27087N27087,"Mahnomen County, MN",655,736,967,1193,1288
NCNTY27089N27089,"Marshall County, MN",687,772,1014,1253,1681
NCNTY27091N27091,"Martin County, MN",661,742,975,1294,1298
NCNTY27093N27093,"Meeker County, MN",690,818,1018,1435,1600
NCNTY27097N27097,"Morrison County, MN",800,815,1063,1498,1646
NCNTY27099N27099,"Mower County, MN",770,865,1136,1442,1616
NCNTY27101N27101,"Murray County, MN",613,704,905,1275,1536
NCNTY27105N27105,"Nobles County, MN",754,847,1113,1359,1482
NCNTY27107N27107,"Norman County, MN",666,748,983,1189,1421
NCNTY27111N27111,"Otter Tail County, MN",676,760,998,1363,1475
NCNTY27113N27113,"Pennington County, MN",802,900,1183,1505,1710
NCNTY27115N27115,"Pine County, MN",920,926,1217,1479,1647
NCNTY27117N27117,"Pipestone County, MN",613,697,905,1197,1532
NCNTY27121N27121,"Pope County, MN",762,855,1124,1359,1563
NCNTY27125N27125,"Red Lake County, MN",693,778,1022,1356,1361
NCNTY27127N27127,"Redwood County, MN",613,693,905,1273,1516
NCNTY27129N27129,"Renville County, MN",738,742,905,1275,1488
NCNTY27131N27131,"Rice County, MN",944,949,1247,1690,1997
NCNTY27133N27133,"Rock County, MN",687,771,1013,1342,1414
NCNTY27135N27135,"Roseau County, MN",700,832,1033,1264,1376
NCNTY27143N27143,"Sibley County, MN",718,826,1059,1349,1410
NCNTY27147N27147,"Steele County, MN",853,859,1120,1578,1901
NCNTY27149N27149,"Stevens County, MN",690,775,1018,1435,1682
NCNTY27151N27151,"Swift County, MN",657,738,970,1199,1292
NCNTY27153N27153,"Todd County, MN",796,801,937,1259,1264
NCNTY27155N27155,"Traverse County, MN",613,712,905,1275,1390
NCNTY27159N27159,"Wadena County, MN",714,818,1053,1273,1402
NCNTY27161N27161,"Waseca County, MN",684,689,905,1275,1449
NCNTY27165N27165,"Watonwan County, MN",613,806,905,1275,1324
NCNTY27167N27167,"Wilkin County, MN",613,689,905,1275,1536
NCNTY27169N27169,"Winona County, MN",740,852,1045,1368,1426
NCNTY27173N27173,"Yellow Medicine County, MN",667,749,984,1190,1310
NCNTY28001N28001,"Adams County, MS",775,804,903,1198,1203
NCNTY28003N28003,"Alcorn County, MS",708,712,903,1263,1330
NCNTY28005N28005,"Amite County, MS",710,715,939,1150,1267
NCNTY28007N28007,"Attala County, MS",683,687,903,1214,1219
NCNTY28009N28009,"Benton County, MS",775,804,903,1214,1219
NCNTY28011N28011,"Bolivar County, MS",709,714,938,1164,1249
NCNTY28013N28013,"Calhoun County, MS",683,687,903,1248,1437
NCNTY28015N28015,"Carroll County, MS",721,725,903,1131,1219
NCNTY28017N28017,"Chickasaw County, MS",683,687,903,1226,1481
NCNTY28019N28019,"Choctaw County, MS",683,687,903,1148,1219
NCNTY28021N28021,"Claiborne County, MS",738,742,903,1131,1219
NCNTY28023N28023,"Clarke County, MS",843,876,983,1189,1309
NCNTY28025N28025,"Clay County, MS",775,804,903,1271,1532
NCNTY28027N28027,"Coahoma County, MS",752,804,903,1255,1371
NCNTY28037N28037,"Franklin County, MS",825,856,961,1292,1297
NCNTY28039N28039,"George County, MS",756,761,926,1120,1571
NCNTY28041N28041,"Greene County, MS",700,704,903,1092,1219
NCNTY28043N28043,"Grenada County, MS",710,715,939,1140,1282
NCNTY28053N28053,"Humphreys County, MS",775,804,903,1198,1203
NCNTY28055N28055,"Issaquena County, MS",811,816,993,1244,1340
NCNTY28057N28057,"Itawamba County, MS",772,776,958,1181,1293
NCNTY28061N28061,"Jasper County, MS",738,742,903,1190,1203
NCNTY28063N28063,"Jefferson County, MS",683,687,903,1184,1219
NCNTY28065N28065,"Jefferson Davis County, MS",738,742,903,1199,1219
NCNTY28067N28067,"Jones County, MS",785,790,997,1205,1328
NCNTY28069N28069,"Kemper County, MS",738,742,903,1214,1219
NCNTY28071N28071,"Lafayette County, MS",1134,1151,1359,1643,1810
NCNTY28075N28075,"Lauderdale County, MS",870,877,1035,1360,1501
NCNTY28077N28077,"Lawrence County, MS",786,791,1039,1256,1402
NCNTY28079N28079,"Leake County, MS",744,749,975,1179,1339
NCNTY28081N28081,"Lee County, MS",896,901,1097,1385,1560
NCNTY28083N28083,"Leflore County, MS",683,687,903,1119,1203
NCNTY28085N28085,"Lincoln County, MS",758,763,1002,1288,1352
NCNTY28087N28087,"Lowndes County, MS",804,809,973,1336,1517
NCNTY28091N28091,"Marion County, MS",697,701,907,1097,1247
NCNTY28095N28095,"Monroe County, MS",775,804,903,1092,1347
NCNTY28097N28097,"Montgomery County, MS",775,782,903,1218,1219
NCNTY28099N28099,"Neshoba County, MS",775,804,903,1108,1406
NCNTY28101N28101,"Newton County, MS",713,718,943,1140,1256
NCNTY28103N28103,"Noxubee County, MS",775,804,903,1100,1255
NCNTY28105N28105,"Oktibbeha County, MS",915,968,1087,1442,1448
NCNTY28107N28107,"Panola County, MS",639,775,943,1235,1600
NCNTY28109N28109,"Pearl River County, MS",921,939,1073,1490,1692
NCNTY28113N28113,"Pike County, MS",918,943,1070,1294,1425
NCNTY28115N28115,"Pontotoc County, MS",668,877,985,1239,1498
NCNTY28117N28117,"Prentiss County, MS",657,748,903,1174,1359
NCNTY28119N28119,"Quitman County, MS",683,687,903,1203,1532
NCNTY28123N28123,"Scott County, MS",784,788,934,1154,1367
NCNTY28125N28125,"Sharkey County, MS",738,742,903,1214,1219
NCNTY28129N28129,"Smith County, MS",775,804,903,1092,1219
NCNTY28133N28133,"Sunflower County, MS",612,687,903,1160,1354
NCNTY28135N28135,"Tallahatchie County, MS",775,804,903,1200,1532
NCNTY28139N28139,"Tippah County, MS",738,742,903,1202,1203
NCNTY28141N28141,"Tishomingo County, MS",775,804,903,1214,1219
NCNTY28145N28145,"Union County, MS",803,825,926,1182,1233
NCNTY28147N28147,"Walthall County, MS",812,817,994,1202,1324
NCNTY28149N28149,"Warren County, MS",792,797,1018,1294,1728
NCNTY28151N28151,"Washington County, MS",668,773,903,1249,1463
NCNTY28153N28153,"Wayne County, MS",738,742,903,1092,1219
NCNTY28155N28155,"Webster County, MS",798,803,977,1181,1362
NCNTY28157N28157,"Wilkinson County, MS",738,742,903,1131,1219
NCNTY28159N28159,"Winston County, MS",775,804,903,1198,1203
NCNTY28161N28161,"Yalobusha County, MS",706,711,903,1273,1532
NCNTY29001N29001,"Adair County, MO",575,645,848,1195,1439
NCNTY29005N29005,"Atchison County, MO",601,607,797,964,1096
NCNTY29007N29007,"Audrain County, MO",630,662,836,1078,1113
NCNTY29009N29009,"Barry County, MO",621,626,822,1158,1194
NCNTY29011N29011,"Barton County, MO",601,659,797,1077,1310
NCNTY29015N29015,"Benton County, MO",660,667,876,1148,1316
NCNTY29023N29023,"Butler County, MO",637,643,845,1154,1280
NCNTY29029N29029,"Camden County, MO",687,693,911,1209,1213
NCNTY29033N29033,"Carroll County, MO",624,630,828,1165,1262
NCNTY29035N29035,"Carter County, MO",601,607,797,1021,1217
NCNTY29039N29039,"Cedar County, MO",601,607,797,1070,1217
NCNTY29041N29041,"Chariton County, MO",601,608,797,1054,1216
NCNTY29045N29045,"Clark County, MO",601,607,797,1027,1217
NCNTY29055N29055,"Crawford County, MO",569,669,839,1157,1262
NCNTY29057N29057,"Dade County, MO",601,631,797,1123,1321
NCNTY29061N29061,"Daviess County, MO",605,610,802,1088,1249
NCNTY29065N29065,"Dent County, MO",605,610,802,1015,1152
NCNTY29067N29067,"Douglas County, MO",601,607,797,964,1217
NCNTY29069N29069,"Dunklin County, MO",601,619,797,1031,1136
NCNTY29073N29073,"Gasconade County, MO",636,642,844,1020,1405
NCNTY29075N29075,"Gentry County, MO",601,617,797,1092,1353
NCNTY29079N29079,"Grundy County, MO",601,614,797,1064,1217
NCNTY29081N29081,"Harrison County, MO",617,630,819,990,1099
NCNTY29083N29083,"Henry County, MO",656,660,867,1150,1155
NCNTY29085N29085,"Hickory County, MO",540,633,797,1102,1217
NCNTY29087N29087,"Holt County, MO",601,607,797,977,1231
NCNTY29091N29091,"Howell County, MO",601,607,797,1121,1199
NCNTY29093N29093,"Iron County, MO",601,710,797,1033,1252
NCNTY29101N29101,"Johnson County, MO",703,749,884,1246,1500
NCNTY29103N29103,"Knox County, MO",660,667,876,1059,1337
NCNTY29105N29105,"Laclede County, MO",636,642,844,1123,1432
NCNTY29109N29109,"Lawrence County, MO",634,639,822,1158,1268
NCNTY29111N29111,"Lewis County, MO",546,611,803,1034,1069
NCNTY29115N29115,"Linn County, MO",601,607,797,964,1061
NCNTY29117N29117,"Livingston County, MO",670,676,888,1141,1183
NCNTY29119N29119,"McDonald County, MO",640,644,809,1067,1373
NCNTY29121N29121,"Macon County, MO",580,651,856,1206,1224
NCNTY29123N29123,"Madison County, MO",617,623,818,1104,1388
NCNTY29125N29125,"Maries County, MO",601,710,797,1071,1217
NCNTY29127N29127,"Marion County, MO",666,716,886,1249,1292
NCNTY29129N29129,"Mercer County, MO",620,626,822,1158,1255
NCNTY29131N29131,"Miller County, MO",674,793,894,1081,1373
NCNTY29133N29133,"Mississippi County, MO",622,628,825,1117,1400
NCNTY29137N29137,"Monroe County, MO",630,636,836,1011,1254
NCNTY29139N29139,"Montgomery County, MO",615,620,814,1147,1234
NCNTY29141N29141,"Morgan County, MO",601,707,797,1057,1061
NCNTY29143N29143,"New Madrid County, MO",673,679,892,1079,1188
NCNTY29147N29147,"Nodaway County, MO",680,720,902,1139,1531
NCNTY29149N29149,"Oregon County, MO",601,607,797,1123,1226
NCNTY29153N29153,"Ozark County, MO",658,664,873,1056,1163
NCNTY29155N29155,"Pemiscot County, MO",601,710,797,1053,1109
NCNTY29157N29157,"Perry County, MO",681,761,903,1257,1406
NCNTY29159N29159,"Pettis County, MO",722,728,957,1249,1398
NCNTY29161N29161,"Phelps County, MO",696,709,932,1251,1258
NCNTY29163N29163,"Pike County, MO",662,668,878,1062,1169
NCNTY29169N29169,"Pulaski County, MO",789,794,1043,1470,1770
NCNTY29171N29171,"Putnam County, MO",601,653,797,1069,1217
NCNTY29173N29173,"Ralls County, MO",697,703,924,1204,1568
NCNTY29175N29175,"Randolph County, MO",617,623,819,1154,1252
NCNTY29179N29179,"Reynolds County, MO",638,644,846,1023,1292
NCNTY29181N29181,"Ripley County, MO",601,627,797,964,1233
NCNTY29185N29185,"St. Clair County, MO",551,619,813,983,1241
NCNTY29186N29186,"Ste. Genevieve County, MO",694,700,920,1112,1405
NCNTY29187N29187,"St. Francois County, MO",645,651,856,1168,1172
NCNTY29195N29195,"Saline County, MO",646,652,857,1187,1308
NCNTY29197N29197,"Schuyler County, MO",607,681,895,1082,1192
NCNTY29199N29199,"Scotland County, MO",601,607,797,1123,1217
NCNTY29201N29201,"Scott County, MO",718,725,952,1205,1268
NCNTY29203N29203,"Shannon County, MO",664,671,881,1065,1345
NCNTY29205N29205,"Shelby County, MO",601,617,797,1024,1288
NCNTY29207N29207,"Stoddard County, MO",601,607,797,1037,1259
NCNTY29209N29209,"Stone County, MO",652,657,863,1216,1465
NCNTY29211N29211,"Sullivan County, MO",555,623,819,993,1091
NCNTY29213N29213,"Taney County, MO",765,770,1012,1337,1717
NCNTY29215N29215,"Texas County, MO",601,710,797,1054,1353
NCNTY29217N29217,"Vernon County, MO",702,709,931,1179,1484
NCNTY29221N29221,"Washington County, MO",601,607,797,964,1202
NCNTY29223N29223,"Wayne County, MO",601,699,797,1027,1353
NCNTY29227N29227,"Worth County, MO",662,668,878,1237,1340
NCNTY29229N29229,"Wright County, MO",601,607,797,1120,1210
NCNTY30001N30001,"Beaverhead County, MT",656,806,905,1275,1536
NCNTY30003N30003,"Big Horn County, MT",658,708,905,1192,1356
NCNTY30005N30005,"Blaine County, MT",658,693,905,1128,1265
NCNTY30007N30007,"Broadwater County, MT",917,1038,1262,1526,1987
NCNTY30011N30011,"Carter County, MT",658,806,905,1275,1425
NCNTY30015N30015,"Chouteau County, MT",685,718,943,1140,1337
NCNTY30017N30017,"Custer County, MT",752,844,1109,1543,1549
NCNTY30019N30019,"Daniels County, MT",658,689,905,1230,1425
NCNTY30021N30021,"Dawson County, MT",679,723,935,1131,1316
NCNTY30023N30023,"Deer Lodge County, MT",658,806,905,1275,1472
NCNTY30025N30025,"Fallon County, MT",751,786,1033,1249,1626
NCNTY30027N30027,"Fergus County, MT",719,753,989,1248,1557
NCNTY30029N30029,"Flathead County, MT",775,870,1143,1571,1940
NCNTY30031N30031,"Gallatin County, MT",996,1104,1410,1987,2393
NCNTY30033N30033,"Garfield County, MT",658,689,905,1094,1425
NCNTY30035N30035,"Glacier County, MT",714,804,905,1184,1385
NCNTY30037N30037,"Golden Valley County, MT",722,756,993,1306,1563
NCNTY30039N30039,"Granite County, MT",658,727,905,1275,1425
NCNTY30041N30041,"Hill County, MT",699,719,935,1241,1245
NCNTY30043N30043,"Jefferson County, MT",683,767,1008,1420,1521
NCNTY30045N30045,"Judith Basin County, MT",658,689,905,1094,1425
NCNTY30047N30047,"Lake County, MT",666,781,983,1237,1309
NCNTY30049N30049,"Lewis and Clark County, MT",774,889,1123,1455,1673
NCNTY30051N30051,"Liberty County, MT",658,806,905,1275,1425
NCNTY30053N30053,"Lincoln County, MT",658,806,905,1275,1441
NCNTY30055N30055,"McCone County, MT",785,822,1080,1467,1700
NCNTY30057N30057,"Madison County, MT",816,821,1079,1305,1699
NCNTY30059N30059,"Meagher County, MT",663,694,912,1239,1436
NCNTY30061N30061,"Mineral County, MT",658,697,905,1094,1365
NCNTY30065N30065,"Musselshell County, MT",694,727,955,1346,1527
NCNTY30067N30067,"Park County, MT",765,872,1119,1565,1837
NCNTY30069N30069,"Petroleum County, MT",785,822,1080,1467,1700
NCNTY30071N30071,"Phillips County, MT",658,806,905,1275,1425
NCNTY30073N30073,"Pondera County, MT",658,806,905,1198,1536
NCNTY30075N30075,"Powder River County, MT",658,689,905,1275,1425
NCNTY30077N30077,"Powell County, MT",658,689,905,1275,1536
NCNTY30079N30079,"Prairie County, MT",785,822,1080,1467,1700
NCNTY30081N30081,"Ravalli County, MT",716,763,986,1385,1673
NCNTY30083N30083,"Richland County, MT",679,821,935,1137,1587
NCNTY30085N30085,"Roosevelt County, MT",647,689,905,1094,1425
NCNTY30087N30087,"Rosebud County, MT",658,749,905,1253,1536
NCNTY30089N30089,"Sanders County, MT",692,726,905,1189,1536
NCNTY30091N30091,"Sheridan County, MT",658,806,905,1201,1205
NCNTY30093N30093,"Silver Bow County, MT",666,762,982,1306,1620
NCNTY30097N30097,"Sweet Grass County, MT",658,721,905,1275,1425
NCNTY30099N30099,"Teton County, MT",664,814,914,1233,1381
NCNTY30101N30101,"Toole County, MT",658,806,905,1275,1425
NCNTY30103N30103,"Treasure County, MT",785,822,1080,1467,1700
NCNTY30105N30105,"Valley County, MT",658,689,905,1170,1373
NCNTY30107N30107,"Wheatland County, MT",658,689,905,1177,1425
NCNTY30109N30109,"Wibaux County, MT",785,822,1080,1467,1700
NCNTY31001N31001,"Adams County, NE",677,755,921,1199,1275
NCNTY31003N31003,"Antelope County, NE",591,664,872,1178,1193
NCNTY31005N31005,"Arthur County, NE",591,664,872,1142,1163
NCNTY31007N31007,"Banner County, NE",630,708,930,1177,1240
NCNTY31009N31009,"Blaine County, NE",630,708,930,1177,1240
NCNTY31011N31011,"Boone County, NE",591,664,872,1150,1419
NCNTY31013N31013,"Box Butte County, NE",645,724,951,1150,1267
NCNTY31015N31015,"Boyd County, NE",591,665,872,1103,1163
NCNTY31017N31017,"Brown County, NE",591,664,872,1054,1295
NCNTY31019N31019,"Buffalo County, NE",685,798,1010,1348,1714
NCNTY31021N31021,"Burt County, NE",591,664,872,1054,1161
NCNTY31023N31023,"Butler County, NE",596,699,880,1122,1172
NCNTY31027N31027,"Cedar County, NE",591,685,872,1193,1326
NCNTY31029N31029,"Chase County, NE",591,777,872,1093,1480
NCNTY31031N31031,"Cherry County, NE",598,735,882,1091,1176
NCNTY31033N31033,"Cheyenne County, NE",769,774,1005,1272,1338
NCNTY31035N31035,"Clay County, NE",591,711,872,1054,1254
NCNTY31037N31037,"Colfax County, NE",626,718,923,1116,1241
NCNTY31039N31039,"Cuming County, NE",591,745,872,1152,1161
NCNTY31041N31041,"Custer County, NE",591,686,872,1110,1161
NCNTY31045N31045,"Dawes County, NE",644,743,950,1262,1267
NCNTY31047N31047,"Dawson County, NE",653,858,963,1214,1283
NCNTY31049N31049,"Deuel County, NE",591,664,872,1073,1163
NCNTY31053N31053,"Dodge County, NE",733,823,1082,1308,1441
NCNTY31057N31057,"Dundy County, NE",591,689,872,1103,1163
NCNTY31059N31059,"Fillmore County, NE",591,777,872,1054,1199
NCNTY31061N31061,"Franklin County, NE",630,749,930,1254,1417
NCNTY31063N31063,"Frontier County, NE",591,664,872,1101,1177
NCNTY31065N31065,"Furnas County, NE",591,708,872,1095,1227
NCNTY31067N31067,"Gage County, NE",593,666,875,1058,1231
NCNTY31069N31069,"Garden County, NE",616,692,909,1099,1212
NCNTY31071N31071,"Garfield County, NE",591,739,872,1159,1163
NCNTY31073N31073,"Gosper County, NE",605,679,892,1143,1338
NCNTY31075N31075,"Grant County, NE",630,708,930,1177,1240
NCNTY31077N31077,"Greeley County, NE",591,664,872,1054,1161
NCNTY31081N31081,"Hamilton County, NE",615,710,908,1257,1453
NCNTY31083N31083,"Harlan County, NE",591,664,872,1103,1161
NCNTY31085N31085,"Hayes County, NE",591,664,872,1103,1163
NCNTY31087N31087,"Hitchcock County, NE",591,664,872,1078,1355
NCNTY31089N31089,"Holt County, NE",630,772,930,1124,1423
NCNTY31091N31091,"Hooker County, NE",591,760,872,1103,1163
NCNTY31095N31095,"Jefferson County, NE",591,664,872,1120,1161
NCNTY31097N31097,"Johnson County, NE",622,698,917,1109,1223
NCNTY31099N31099,"Kearney County, NE",628,706,927,1121,1235
NCNTY31101N31101,"Keith County, NE",591,684,872,1105,1268
NCNTY31103N31103,"Keya Paha County, NE",763,857,1126,1425,1502
NCNTY31105N31105,"Kimball County, NE",591,664,872,1229,1480
NCNTY31107N31107,"Knox County, NE",591,664,872,1149,1324
NCNTY31111N31111,"Lincoln County, NE",723,728,956,1316,1508
NCNTY31113N31113,"Logan County, NE",591,664,872,1103,1163
NCNTY31115N31115,"Loup County, NE",630,708,930,1177,1240
NCNTY31117N31117,"McPherson County, NE",630,708,930,1177,1240
NCNTY31119N31119,"Madison County, NE",652,732,962,1269,1426
NCNTY31123N31123,"Morrill County, NE",622,699,917,1109,1223
NCNTY31125N31125,"Nance County, NE",591,664,872,1103,1163
NCNTY31127N31127,"Nemaha County, NE",591,664,872,1229,1298
NCNTY31129N31129,"Nuckolls County, NE",591,664,872,1054,1163
NCNTY31131N31131,"Otoe County, NE",633,711,934,1214,1246
NCNTY31133N31133,"Pawnee County, NE",591,664,872,1130,1163
NCNTY31135N31135,"Perkins County, NE",591,775,872,1143,1163
NCNTY31137N31137,"Phelps County, NE",591,743,872,1229,1342
NCNTY31139N31139,"Pierce County, NE",591,777,872,1161,1386
NCNTY31141N31141,"Platte County, NE",666,748,983,1304,1309
NCNTY31143N31143,"Polk County, NE",591,664,872,1054,1163
NCNTY31145N31145,"Red Willow County, NE",591,664,872,1054,1195
NCNTY31147N31147,"Richardson County, NE",591,664,872,1054,1161
NCNTY31149N31149,"Rock County, NE",591,664,872,1159,1163
NCNTY31151N31151,"Saline County, NE",610,716,900,1268,1460
NCNTY31157N31157,"Scotts Bluff County, NE",636,756,939,1323,1483
NCNTY31161N31161,"Sheridan County, NE",638,788,941,1138,1279
NCNTY31163N31163,"Sherman County, NE",591,664,872,1218,1237
NCNTY31165N31165,"Sioux County, NE",630,708,930,1177,1240
NCNTY31167N31167,"Stanton County, NE",772,867,1139,1377,1517
NCNTY31169N31169,"Thayer County, NE",591,664,872,1076,1161
NCNTY31171N31171,"Thomas County, NE",630,708,930,1177,1240
NCNTY31173N31173,"Thurston County, NE",591,664,872,1073,1161
NCNTY31175N31175,"Valley County, NE",591,665,872,1074,1163
NCNTY31179N31179,"Wayne County, NE",602,676,888,1074,1331
NCNTY31181N31181,"Webster County, NE",591,664,872,1159,1163
NCNTY31183N31183,"Wheeler County, NE",591,664,872,1159,1163
NCNTY31185N31185,"York County, NE",675,758,996,1204,1326
NCNTY32001N32001,"Churchill County, NV",873,978,1285,1811,2181
NCNTY32005N32005,"Douglas County, NV",1034,1260,1526,2150,2339
NCNTY32007N32007,"Elko County, NV",1041,1169,1536,2012,2284
NCNTY32009N32009,"Esmeralda County, NV",1037,1161,1526,2150,2552
NCNTY32011N32011,"Eureka County, NV",934,1046,1374,1936,2298
NCNTY32013N32013,"Humboldt County, NV",873,978,1285,1564,2149
NCNTY32015N32015,"Lander County, NV",820,918,1206,1510,2017
NCNTY32017N32017,"Lincoln County, NV",709,929,1043,1470,1745
NCNTY32019N32019,"Lyon County, NV",1051,1099,1279,1802,2170
NCNTY32021N32021,"Mineral County, NV",1083,1213,1594,2246,2666
NCNTY32023N32023,"Nye County, NV",818,965,1203,1630,1842
NCNTY32027N32027,"Pershing County, NV",746,856,1097,1546,1835
NCNTY32033N32033,"White Pine County, NV",907,1015,1334,1683,2231
NCNTY33001N33001,"Belknap County, NH",973,1136,1427,1836,2168
NCNTY33003N33003,"Carroll County, NH",899,1048,1289,1729,2178
NCNTY33005N33005,"Cheshire County, NH",1010,1134,1490,1959,2018
NCNTY33007N33007,"Coos County, NH",698,800,1026,1363,1368
NCNTY33009N33009,"Grafton County, NH",990,1112,1461,1897,2156
NCNTY33013N33013,"Merrimack County, NH",1029,1149,1510,1986,2011
NCNTY33019N33019,"Sullivan County, NH",991,1032,1356,1697,1933
NCNTY35003N35003,"Catron County, NM",721,814,1009,1288,1712
NCNTY35005N35005,"Chaves County, NM",743,792,1040,1330,1458
NCNTY35006N35006,"Cibola County, NM",667,742,933,1129,1243
NCNTY35007N35007,"Colfax County, NM",760,781,877,1158,1372
NCNTY35009N35009,"Curry County, NM",720,854,1063,1353,1804
NCNTY35011N35011,"De Baca County, NM",627,667,877,1236,1488
NCNTY35015N35015,"Eddy County, NM",867,1080,1213,1709,1838
NCNTY35017N35017,"Grant County, NM",759,764,914,1260,1358
NCNTY35019N35019,"Guadalupe County, NM",627,767,877,1236,1488
NCNTY35021N35021,"Harding County, NM",627,707,877,1236,1488
NCNTY35023N35023,"Hidalgo County, NM",627,707,877,1236,1488
NCNTY35025N35025,"Lea County, NM",844,937,1231,1567,1730
NCNTY35027N35027,"Lincoln County, NM",675,718,944,1244,1602
NCNTY35028N35028,"Los Alamos County, NM",1066,1111,1460,1845,2478
NCNTY35029N35029,"Luna County, NM",594,691,877,1181,1488
NCNTY35031N35031,"McKinley County, NM",723,806,956,1228,1273
NCNTY35033N35033,"Mora County, NM",627,707,877,1184,1488
NCNTY35035N35035,"Otero County, NM",618,734,891,1256,1512
NCNTY35037N35037,"Quay County, NM",627,781,877,1092,1488
NCNTY35039N35039,"Rio Arriba County, NM",791,796,1041,1259,1386
NCNTY35041N35041,"Roosevelt County, NM",704,750,985,1351,1672
NCNTY35047N35047,"San Miguel County, NM",742,825,926,1252,1461
NCNTY35051N35051,"Sierra County, NM",607,682,896,1263,1521
NCNTY35053N35053,"Socorro County, NM",637,719,891,1256,1512
NCNTY35055N35055,"Taos County, NM",943,1028,1172,1534,1989
NCNTY35059N35059,"Union County, NM",627,732,877,1114,1488
NCNTY36003N36003,"Allegany County, NY",676,731,905,1130,1288
NCNTY36009N36009,"Cattaraugus County, NY",705,709,905,1138,1291
NCNTY36011N36011,"Cayuga County, NY",768,773,1010,1276,1486
NCNTY36013N36013,"Chautauqua County, NY",662,711,905,1168,1205
NCNTY36017N36017,"Chenango County, NY",672,777,905,1214,1354
NCNTY36019N36019,"Clinton County, NY",879,884,1121,1373,1494
NCNTY36021N36021,"Columbia County, NY",1128,1139,1301,1574,1733
NCNTY36023N36023,"Cortland County, NY",830,835,1029,1260,1746
NCNTY36025N36025,"Delaware County, NY",785,798,905,1275,1280
NCNTY36031N36031,"Essex County, NY",892,898,1052,1419,1566
NCNTY36033N36033,"Franklin County, NY",619,769,913,1161,1321
NCNTY36035N36035,"Fulton County, NY",765,770,1012,1224,1381
NCNTY36037N36037,"Genesee County, NY",693,842,1023,1276,1417
NCNTY36039N36039,"Greene County, NY",1015,1058,1266,1662,1739
NCNTY36041N36041,"Hamilton County, NY",909,915,1202,1453,1681
NCNTY36049N36049,"Lewis County, NY",747,763,976,1251,1567
NCNTY36057N36057,"Montgomery County, NY",791,828,970,1238,1328
NCNTY36077N36077,"Otsego County, NY",758,927,1119,1375,1490
NCNTY36089N36089,"St. Lawrence County, NY",706,816,1005,1232,1338
NCNTY36097N36097,"Schuyler County, NY",718,834,1059,1432,1481
NCNTY36099N36099,"Seneca County, NY",786,791,1018,1332,1728
NCNTY36101N36101,"Steuben County, NY",801,818,975,1257,1613
NCNTY36105N36105,"Sullivan County, NY",838,974,1145,1600,1755
NCNTY36121N36121,"Wyoming County, NY",724,728,905,1220,1345
NCNTY37005N37005,"Alleghany County, NC",690,694,912,1103,1548
NCNTY37009N37009,"Ashe County, NC",674,678,856,1089,1224
NCNTY37011N37011,"Avery County, NC",806,811,1066,1289,1420
NCNTY37013N37013,"Beaufort County, NC",719,723,921,1255,1563
NCNTY37015N37015,"Bertie County, NC",712,717,942,1139,1393
NCNTY37017N37017,"Bladen County, NC",687,691,856,1137,1313
NCNTY37031N37031,"Carteret County, NC",876,881,1158,1552,1934
NCNTY37033N37033,"Caswell County, NC",713,759,856,1206,1305
NCNTY37039N37039,"Cherokee County, NC",721,725,953,1327,1510
NCNTY37041N37041,"Chowan County, NC",845,851,1118,1352,1704
NCNTY37043N37043,"Clay County, NC",881,942,1057,1356,1611
NCNTY37045N37045,"Cleveland County, NC",679,684,892,1257,1406
NCNTY37047N37047,"Columbus County, NC",676,680,894,1081,1191
NCNTY37055N37055,"Dare County, NC",1053,1197,1348,1828,1896
NCNTY37061N37061,"Duplin County, NC",714,719,945,1143,1259
NCNTY37075N37075,"Graham County, NC",713,745,856,1206,1305
NCNTY37079N37079,"Greene County, NC",665,669,856,1184,1302
NCNTY37083N37083,"Halifax County, NC",660,756,974,1178,1460
NCNTY37091N37091,"Hertford County, NC",715,778,1022,1236,1381
NCNTY37095N37095,"Hyde County, NC",762,766,949,1213,1446
NCNTY37099N37099,"Jackson County, NC",811,833,935,1241,1245
NCNTY37105N37105,"Lee County, NC",895,926,1074,1320,1664
NCNTY37107N37107,"Lenoir County, NC",691,695,910,1282,1462
NCNTY37111N37111,"McDowell County, NC",724,763,869,1075,1281
NCNTY37113N37113,"Macon County, NC",842,892,1011,1222,1510
NCNTY37117N37117,"Martin County, NC",720,725,903,1183,1203
NCNTY37121N37121,"Mitchell County, NC",677,682,896,1103,1193
NCNTY37123N37123,"Montgomery County, NC",691,695,856,1089,1439
NCNTY37125N37125,"Moore County, NC",944,970,1089,1535,1848
NCNTY37131N37131,"Northampton County, NC",749,754,991,1198,1343
NCNTY37139N37139,"Pasquotank County, NC",761,855,1123,1544,1856
NCNTY37143N37143,"Perquimans County, NC",884,908,1061,1495,1592
NCNTY37149N37149,"Polk County, NC",827,832,1055,1276,1667
NCNTY37153N37153,"Richmond County, NC",720,762,856,1206,1453
NCNTY37155N37155,"Robeson County, NC",658,665,873,1103,1273
NCNTY37161N37161,"Rutherford County, NC",733,737,856,1117,1367
NCNTY37163N37163,"Sampson County, NC",720,763,901,1130,1326
NCNTY37165N37165,"Scotland County, NC",706,711,856,1139,1140
NCNTY37167N37167,"Stanly County, NC",651,731,960,1291,1611
NCNTY37171N37171,"Surry County, NC",672,677,856,1045,1368
NCNTY37173N37173,"Swain County, NC",652,656,856,1206,1305
NCNTY37175N37175,"Transylvania County, NC",950,956,1256,1519,1935
NCNTY37177N37177,"Tyrrell County, NC",877,938,1053,1484,1605
NCNTY37181N37181,"Vance County, NC",746,750,958,1186,1390
NCNTY37185N37185,"Warren County, NC",647,651,856,1084,1182
NCNTY37187N37187,"Washington County, NC",652,657,863,1043,1364
NCNTY37189N37189,"Watauga County, NC",854,997,1254,1531,2128
NCNTY37193N37193,"Wilkes County, NC",713,745,856,1139,1274
NCNTY37195N37195,"Wilson County, NC",695,826,1026,1308,1430
NCNTY37199N37199,"Yancey County, NC",657,661,869,1153,1157
NCNTY38001N38001,"Adams County, ND",688,692,859,1211,1458
NCNTY38003N38003,"Barnes County, ND",708,713,937,1133,1407
NCNTY38005N38005,"Benson County, ND",745,765,859,1172,1458
NCNTY38007N38007,"Billings County, ND",785,790,980,1381,1663
NCNTY38009N38009,"Bottineau County, ND",735,740,972,1266,1649
NCNTY38011N38011,"Bowman County, ND",745,765,859,1211,1261
NCNTY38013N38013,"Burke County, ND",669,674,885,1070,1502
NCNTY38019N38019,"Cavalier County, ND",688,692,859,1211,1458
NCNTY38021N38021,"Dickey County, ND",654,658,865,1046,1468
NCNTY38023N38023,"Divide County, ND",1165,1172,1454,1758,2467
NCNTY38025N38025,"Dunn County, ND",877,883,1095,1324,1858
NCNTY38027N38027,"Eddy County, ND",649,654,859,1159,1458
NCNTY38029N38029,"Emmons County, ND",649,654,859,1065,1458
NCNTY38031N38031,"Foster County, ND",745,765,859,1202,1306
NCNTY38033N38033,"Golden Valley County, ND",714,718,891,1077,1512
NCNTY38037N38037,"Grant County, ND",688,692,859,1211,1458
NCNTY38039N38039,"Griggs County, ND",678,682,859,1211,1458
NCNTY38041N38041,"Hettinger County, ND",785,790,980,1203,1663
NCNTY38043N38043,"Kidder County, ND",745,760,859,1211,1458
NCNTY38045N38045,"LaMoure County, ND",664,668,859,1211,1458
NCNTY38047N38047,"Logan County, ND",791,796,987,1391,1675
NCNTY38049N38049,"McHenry County, ND",746,751,926,1120,1571
NCNTY38051N38051,"McIntosh County, ND",745,765,859,1211,1338
NCNTY38053N38053,"McKenzie County, ND",1167,1174,1447,1750,2389
NCNTY38055N38055,"McLean County, ND",665,670,859,1211,1458
NCNTY38057N38057,"Mercer County, ND",781,903,1152,1393,1534
NCNTY38061N38061,"Mountrail County, ND",797,830,932,1313,1554
NCNTY38063N38063,"Nelson County, ND",745,765,859,1211,1458
NCNTY38067N38067,"Pembina County, ND",745,765,859,1211,1458
NCNTY38069N38069,"Pierce County, ND",795,817,917,1109,1276
NCNTY38071N38071,"Ramsey County, ND",609,685,859,1211,1338
NCNTY38073N38073,"Ransom County, ND",613,722,904,1241,1534
NCNTY38075N38075,"Renville County, ND",714,718,944,1141,1322
NCNTY38077N38077,"Richland County, ND",649,654,859,1211,1382
NCNTY38079N38079,"Rolette County, ND",665,669,879,1128,1492
NCNTY38081N38081,"Sargent County, ND",683,687,898,1191,1196
NCNTY38083N38083,"Sheridan County, ND",785,790,980,1381,1663
NCNTY38085N38085,"Sioux County, ND",656,661,868,1050,1181
NCNTY38087N38087,"Slope County, ND",785,790,980,1381,1663
NCNTY38089N38089,"Stark County, ND",922,928,1089,1535,1848
NCNTY38091N38091,"Steele County, ND",688,692,859,1211,1458
NCNTY38093N38093,"Stutsman County, ND",663,667,877,1236,1488
NCNTY38095N38095,"Towner County, ND",688,692,859,1211,1458
NCNTY38097N38097,"Traill County, ND",691,695,859,1172,1177
NCNTY38099N38099,"Walsh County, ND",740,744,905,1208,1536
NCNTY38101N38101,"Ward County, ND",737,805,1058,1491,1795
NCNTY38103N38103,"Wells County, ND",689,694,859,1211,1458
NCNTY38105N38105,"Williams County, ND",1038,1057,1197,1687,2031
NCNTY39001N39001,"Adams County, OH",639,655,860,1076,1145
NCNTY39005N39005,"Ashland County, OH",598,672,883,1140,1434
NCNTY39007N39007,"Ashtabula County, OH",602,715,888,1120,1251
NCNTY39009N39009,"Athens County, OH",882,888,1079,1305,1637
NCNTY39011N39011,"Auglaize County, OH",712,717,895,1261,1519
NCNTY39021N39021,"Champaign County, OH",703,722,914,1216,1312
NCNTY39027N39027,"Clinton County, OH",689,760,927,1206,1428
NCNTY39029N39029,"Columbiana County, OH",624,754,921,1171,1246
NCNTY39031N39031,"Coshocton County, OH",639,707,860,1206,1379
NCNTY39033N39033,"Crawford County, OH",618,723,879,1168,1171
NCNTY39037N39037,"Darke County, OH",639,741,860,1175,1214
NCNTY39039N39039,"Defiance County, OH",680,707,929,1241,1305
NCNTY39043N39043,"Erie County, OH",810,816,1016,1228,1494
NCNTY39047N39047,"Fayette County, OH",629,744,896,1162,1267
NCNTY39053N39053,"Gallia County, OH",640,756,861,1042,1304
NCNTY39059N39059,"Guernsey County, OH",688,705,926,1174,1416
NCNTY39063N39063,"Hancock County, OH",691,787,1020,1321,1632
NCNTY39065N39065,"Hardin County, OH",644,706,867,1088,1225
NCNTY39067N39067,"Harrison County, OH",639,655,860,1141,1145
NCNTY39069N39069,"Henry County, OH",637,789,921,1211,1464
NCNTY39071N39071,"Highland County, OH",666,735,896,1096,1373
NCNTY39075N39075,"Holmes County, OH",653,669,879,1063,1171
NCNTY39077N39077,"Huron County, OH",689,705,926,1182,1360
NCNTY39079N39079,"Jackson County, OH",644,671,867,1200,1389
NCNTY39083N39083,"Knox County, OH",777,782,993,1321,1322
NCNTY39091N39091,"Logan County, OH",698,715,940,1202,1276
NCNTY39101N39101,"Marion County, OH",754,759,997,1205,1328
NCNTY39105N39105,"Meigs County, OH",602,707,860,1040,1459
NCNTY39107N39107,"Mercer County, OH",643,680,865,1148,1152
NCNTY39111N39111,"Monroe County, OH",647,663,871,1206,1211
NCNTY39115N39115,"Morgan County, OH",639,766,860,1068,1309
NCNTY39119N39119,"Muskingum County, OH",710,715,915,1220,1283
NCNTY39121N39121,"Noble County, OH",639,766,860,1040,1218
NCNTY39125N39125,"Paulding County, OH",639,745,860,1178,1277
NCNTY39131N39131,"Pike County, OH",689,706,927,1141,1360
NCNTY39135N39135,"Preble County, OH",675,680,893,1171,1372
NCNTY39137N39137,"Putnam County, OH",672,747,905,1094,1205
NCNTY39141N39141,"Ross County, OH",695,801,974,1205,1297
NCNTY39143N39143,"Sandusky County, OH",607,727,896,1245,1303
NCNTY39145N39145,"Scioto County, OH",624,754,860,1172,1288
NCNTY39147N39147,"Seneca County, OH",704,709,918,1143,1335
NCNTY39149N39149,"Shelby County, OH",633,730,934,1262,1365
NCNTY39157N39157,"Tuscarawas County, OH",750,755,992,1262,1438
NCNTY39161N39161,"Van Wert County, OH",660,688,889,1114,1184
NCNTY39163N39163,"Vinton County, OH",657,677,884,1069,1177
NCNTY39167N39167,"Washington County, OH",688,692,904,1171,1287
NCNTY39169N39169,"Wayne County, OH",673,746,967,1220,1371
NCNTY39171N39171,"Williams County, OH",584,731,861,1087,1147
NCNTY39175N39175,"Wyandot County, OH",639,712,860,1040,1355
NCNTY40001N40001,"Adair County, OK",673,678,891,1160,1187
NCNTY40003N40003,"Alfalfa County, OK",677,678,891,1245,1512
NCNTY40005N40005,"Atoka County, OK",677,705,891,1170,1187
NCNTY40007N40007,"Beaver County, OK",700,722,922,1168,1375
NCNTY40009N40009,"Beckham County, OK",779,781,1026,1241,1494
NCNTY40011N40011,"Blaine County, OK",677,690,891,1077,1512
NCNTY40013N40013,"Bryan County, OK",745,750,985,1313,1476
NCNTY40015N40015,"Caddo County, OK",639,678,891,1077,1194
NCNTY40019N40019,"Carter County, OK",803,808,1062,1331,1593
NCNTY40021N40021,"Cherokee County, OK",776,781,972,1239,1294
NCNTY40023N40023,"Choctaw County, OK",674,678,891,1106,1187
NCNTY40025N40025,"Cimarron County, OK",677,697,891,1256,1297
NCNTY40029N40029,"Coal County, OK",677,678,891,1193,1423
NCNTY40035N40035,"Craig County, OK",759,760,999,1308,1330
NCNTY40039N40039,"Custer County, OK",725,740,955,1346,1472
NCNTY40041N40041,"Delaware County, OK",777,779,1023,1237,1589
NCNTY40043N40043,"Dewey County, OK",738,739,971,1368,1638
NCNTY40045N40045,"Ellis County, OK",776,835,1022,1236,1488
NCNTY40049N40049,"Garvin County, OK",674,678,891,1159,1465
NCNTY40053N40053,"Grant County, OK",684,685,900,1141,1310
NCNTY40055N40055,"Greer County, OK",677,684,891,1256,1297
NCNTY40057N40057,"Harmon County, OK",677,697,891,1077,1297
NCNTY40059N40059,"Harper County, OK",677,697,891,1177,1297
NCNTY40061N40061,"Haskell County, OK",604,678,891,1121,1382
NCNTY40063N40063,"Hughes County, OK",677,680,891,1151,1482
NCNTY40065N40065,"Jackson County, OK",712,713,937,1214,1513
NCNTY40067N40067,"Jefferson County, OK",677,678,891,1210,1512
NCNTY40069N40069,"Johnston County, OK",677,772,891,1200,1297
NCNTY40071N40071,"Kay County, OK",620,696,915,1213,1231
NCNTY40073N40073,"Kingfisher County, OK",747,748,983,1363,1564
NCNTY40075N40075,"Kiowa County, OK",677,678,891,1077,1270
NCNTY40077N40077,"Latimer County, OK",694,696,914,1105,1412
NCNTY40079N40079,"Le Flore County, OK",706,711,891,1215,1264
NCNTY40085N40085,"Love County, OK",728,817,959,1160,1312
NCNTY40089N40089,"McCurtain County, OK",614,714,891,1184,1401
NCNTY40091N40091,"McIntosh County, OK",604,736,891,1256,1297
NCNTY40093N40093,"Major County, OK",677,678,891,1102,1297
NCNTY40095N40095,"Marshall County, OK",677,678,891,1129,1187
NCNTY40097N40097,"Mayes County, OK",722,723,950,1227,1429
NCNTY40099N40099,"Murray County, OK",725,730,959,1160,1430
NCNTY40101N40101,"Muskogee County, OK",714,719,944,1196,1533
NCNTY40103N40103,"Noble County, OK",677,794,891,1256,1512
NCNTY40105N40105,"Nowata County, OK",677,678,891,1162,1297
NCNTY40107N40107,"Okfuskee County, OK",677,794,891,1112,1426
NCNTY40115N40115,"Ottawa County, OK",633,706,927,1154,1273
NCNTY40119N40119,"Payne County, OK",781,844,1025,1444,1597
NCNTY40121N40121,"Pittsburg County, OK",699,776,950,1168,1545
NCNTY40123N40123,"Pontotoc County, OK",758,763,1003,1275,1336
NCNTY40125N40125,"Pottawatomie County, OK",664,755,980,1293,1470
NCNTY40127N40127,"Pushmataha County, OK",604,762,891,1256,1479
NCNTY40129N40129,"Roger Mills County, OK",779,802,1025,1239,1492
NCNTY40133N40133,"Seminole County, OK",604,705,891,1117,1299
NCNTY40137N40137,"Stephens County, OK",734,739,891,1256,1437
NCNTY40139N40139,"Texas County, OK",841,846,1041,1259,1767
NCNTY40141N40141,"Tillman County, OK",677,794,891,1155,1379
NCNTY40147N40147,"Washington County, OK",691,806,910,1281,1374
NCNTY40149N40149,"Washita County, OK",677,794,891,1114,1357
NCNTY40151N40151,"Woods County, OK",731,784,963,1164,1402
NCNTY40153N40153,"Woodward County, OK",800,801,1053,1331,1787
NCNTY41001N41001,"Baker County, OR",660,791,955,1346,1564
NCNTY41007N41007,"Clatsop County, OR",1016,1070,1362,1832,2311
NCNTY41011N41011,"Coos County, OR",808,886,1149,1619,1927
NCNTY41013N41013,"Crook County, OR",829,1004,1223,1660,2075
NCNTY41015N41015,"Curry County, OR",936,1006,1218,1716,1943
NCNTY41019N41019,"Douglas County, OR",794,892,1172,1652,1989
NCNTY41021N41021,"Gilliam County, OR",800,898,1180,1515,2002
NCNTY41023N41023,"Grant County, OR",664,768,979,1380,1661
NCNTY41025N41025,"Harney County, OR",640,718,944,1330,1602
NCNTY41027N41027,"Hood River County, OR",1349,1515,1990,2804,3377
NCNTY41031N41031,"Jefferson County, OR",781,890,1153,1625,1853
NCNTY41035N41035,"Klamath County, OR",739,830,1090,1536,1850
NCNTY41037N41037,"Lake County, OR",698,818,967,1363,1641
NCNTY41041N41041,"Lincoln County, OR",987,1035,1356,1896,2301
NCNTY41045N41045,"Malheur County, OR",698,784,994,1392,1687
NCNTY41049N41049,"Morrow County, OR",691,789,1020,1437,1731
NCNTY41055N41055,"Sherman County, OR",839,942,1238,1614,1922
NCNTY41057N41057,"Tillamook County, OR",883,975,1244,1753,1918
NCNTY41059N41059,"Umatilla County, OR",757,859,1117,1574,1896
NCNTY41061N41061,"Union County, OR",752,845,1110,1564,1787
NCNTY41063N41063,"Wallowa County, OR",693,829,1023,1442,1736
NCNTY41065N41065,"Wasco County, OR",1297,1321,1625,2290,2751
NCNTY41069N41069,"Wheeler County, OR",622,698,917,1292,1556
NCNTY42009N42009,"Bedford County, PA",622,658,864,1095,1281
NCNTY42015N42015,"Bradford County, PA",773,777,923,1193,1402
NCNTY42023N42023,"Cameron County, PA",622,649,853,1031,1254
NCNTY42031N42031,"Clarion County, PA",706,710,851,1055,1444
NCNTY42033N42033,"Clearfield County, PA",660,733,909,1237,1280
NCNTY42035N42035,"Clinton County, PA",727,750,969,1214,1644
NCNTY42039N42039,"Crawford County, PA",667,688,893,1145,1346
NCNTY42047N42047,"Elk County, PA",616,722,845,1133,1200
NCNTY42053N42053,"Forest County, PA",715,746,980,1185,1440
NCNTY42057N42057,"Fulton County, PA",616,687,845,1064,1434
NCNTY42059N42059,"Greene County, PA",741,745,942,1139,1275
NCNTY42061N42061,"Huntingdon County, PA",659,691,854,1093,1332
NCNTY42063N42063,"Indiana County, PA",657,777,901,1192,1304
NCNTY42065N42065,"Jefferson County, PA",604,693,891,1098,1192
NCNTY42067N42067,"Juniata County, PA",595,650,848,1085,1264
NCNTY42073N42073,"Lawrence County, PA",633,711,934,1295,1486
NCNTY42083N42083,"McKean County, PA",646,706,885,1124,1310
NCNTY42087N42087,"Mifflin County, PA",683,749,929,1228,1380
NCNTY42097N42097,"Northumberland County, PA",630,713,875,1071,1165
NCNTY42105N42105,"Potter County, PA",639,667,876,1097,1269
NCNTY42107N42107,"Schuylkill County, PA",709,709,917,1207,1286
NCNTY42109N42109,"Snyder County, PA",686,828,941,1212,1375
NCNTY42111N42111,"Somerset County, PA",728,732,845,1158,1235
NCNTY42113N42113,"Sullivan County, PA",616,697,845,1191,1428
NCNTY42115N42115,"Susquehanna County, PA",702,739,963,1233,1310
NCNTY42117N42117,"Tioga County, PA",616,696,909,1181,1249
NCNTY42119N42119,"Union County, PA",697,851,955,1346,1621
NCNTY42121N42121,"Venango County, PA",585,662,863,1090,1258
NCNTY42123N42123,"Warren County, PA",682,686,845,1106,1242
NCNTY42127N42127,"Wayne County, PA",759,906,1064,1298,1806
NCNTY45001N45001,"Abbeville County, SC",737,742,946,1333,1473
NCNTY45005N45005,"Allendale County, SC",720,806,905,1268,1273
NCNTY45009N45009,"Bamberg County, SC",684,689,905,1275,1377
NCNTY45011N45011,"Barnwell County, SC",706,711,934,1205,1283
NCNTY45021N45021,"Cherokee County, SC",744,749,984,1251,1428
NCNTY45025N45025,"Chesterfield County, SC",754,759,956,1230,1364
NCNTY45029N45029,"Colleton County, SC",770,808,967,1169,1557
NCNTY45033N45033,"Dillon County, SC",686,691,905,1125,1446
NCNTY45043N45043,"Georgetown County, SC",943,949,1247,1654,1770
NCNTY45047N45047,"Greenwood County, SC",823,828,1045,1264,1392
NCNTY45049N45049,"Hampton County, SC",720,760,905,1258,1536
NCNTY45061N45061,"Lee County, SC",684,689,905,1233,1238
NCNTY45065N45065,"McCormick County, SC",783,788,1036,1337,1457
NCNTY45067N45067,"Marion County, SC",738,806,905,1175,1536
NCNTY45069N45069,"Marlboro County, SC",613,689,905,1104,1210
NCNTY45071N45071,"Newberry County, SC",825,830,1091,1319,1524
NCNTY45073N45073,"Oconee County, SC",711,798,1049,1290,1432
NCNTY45075N45075,"Orangeburg County, SC",853,871,1011,1238,1433
NCNTY45087N45087,"Union County, SC",656,737,968,1237,1289
NCNTY45089N45089,"Williamsburg County, SC",698,702,923,1127,1325
NCNTY46003N46003,"Aurora County, SD",626,775,924,1239,1484
NCNTY46005N46005,"Beadle County, SD",679,763,1002,1277,1536
NCNTY46007N46007,"Bennett County, SD",744,835,1097,1326,1762
NCNTY46009N46009,"Bon Homme County, SD",613,712,905,1275,1462
NCNTY46011N46011,"Brookings County, SD",824,829,1058,1491,1795
NCNTY46013N46013,"Brown County, SD",845,851,1088,1533,1846
NCNTY46015N46015,"Brule County, SD",621,697,916,1291,1554
NCNTY46017N46017,"Buffalo County, SD",813,913,1200,1451,1928
NCNTY46019N46019,"Butte County, SD",760,831,1092,1320,1754
NCNTY46021N46021,"Campbell County, SD",613,689,905,1275,1454
NCNTY46023N46023,"Charles Mix County, SD",785,805,905,1269,1413
NCNTY46025N46025,"Clark County, SD",613,693,905,1105,1325
NCNTY46027N46027,"Clay County, SD",693,779,1023,1442,1736
NCNTY46029N46029,"Codington County, SD",758,851,1118,1463,1885
NCNTY46031N46031,"Corson County, SD",613,689,905,1100,1290
NCNTY46033N46033,"Custer County, SD",834,936,1230,1733,1976
NCNTY46035N46035,"Davison County, SD",686,770,1012,1399,1717
NCNTY46037N46037,"Day County, SD",613,710,905,1177,1454
NCNTY46039N46039,"Deuel County, SD",613,689,905,1275,1454
NCNTY46041N46041,"Dewey County, SD",613,806,905,1195,1226
NCNTY46043N46043,"Douglas County, SD",691,776,1019,1349,1637
NCNTY46045N46045,"Edmunds County, SD",622,699,918,1215,1475
NCNTY46047N46047,"Fall River County, SD",838,941,1236,1494,1986
NCNTY46049N46049,"Faulk County, SD",634,712,935,1238,1502
NCNTY46051N46051,"Grant County, SD",613,689,905,1275,1454
NCNTY46053N46053,"Gregory County, SD",613,696,905,1229,1454
NCNTY46055N46055,"Haakon County, SD",695,781,1026,1358,1648
NCNTY46057N46057,"Hamlin County, SD",613,695,905,1225,1229
NCNTY46059N46059,"Hand County, SD",613,714,905,1275,1454
NCNTY46061N46061,"Hanson County, SD",613,806,905,1234,1239
NCNTY46063N46063,"Harding County, SD",702,788,1036,1372,1664
NCNTY46065N46065,"Hughes County, SD",735,846,1085,1529,1743
NCNTY46067N46067,"Hutchinson County, SD",721,810,1064,1303,1417
NCNTY46069N46069,"Hyde County, SD",681,764,1004,1329,1613
NCNTY46071N46071,"Jackson County, SD",613,806,905,1108,1322
NCNTY46073N46073,"Jerauld County, SD",702,788,1036,1372,1664
NCNTY46075N46075,"Jones County, SD",702,788,1036,1372,1664
NCNTY46077N46077,"Kingsbury County, SD",703,789,1037,1254,1666
NCNTY46079N46079,"Lake County, SD",657,738,970,1303,1581
NCNTY46081N46081,"Lawrence County, SD",733,823,1082,1525,1836
NCNTY46085N46085,"Lyman County, SD",671,753,990,1197,1680
NCNTY46089N46089,"McPherson County, SD",613,689,905,1275,1454
NCNTY46091N46091,"Marshall County, SD",613,760,905,1268,1454
NCNTY46095N46095,"Mellette County, SD",723,812,1067,1403,1714
NCNTY46097N46097,"Miner County, SD",613,689,905,1198,1454
NCNTY46101N46101,"Moody County, SD",613,689,905,1256,1536
NCNTY46102N46102,Oglala Lakota County,613,689,905,1183,1454
NCNTY46105N46105,"Perkins County, SD",613,729,905,1251,1454
NCNTY46107N46107,"Potter County, SD",697,782,1028,1361,1369
NCNTY46109N46109,"Roberts County, SD",613,771,905,1220,1529
NCNTY46111N46111,"Sanborn County, SD",613,689,905,1275,1454
NCNTY46115N46115,"Spink County, SD",633,746,934,1129,1392
NCNTY46117N46117,"Stanley County, SD",765,859,1129,1495,1814
NCNTY46119N46119,"Sully County, SD",702,788,1036,1372,1664
NCNTY46121N46121,"Todd County, SD",613,756,905,1247,1454
NCNTY46123N46123,"Tripp County, SD",613,733,905,1227,1454
NCNTY46129N46129,"Walworth County, SD",638,717,942,1139,1418
NCNTY46135N46135,"Yankton County, SD",649,776,957,1348,1624
NCNTY46137N46137,"Ziebach County, SD",613,689,905,1094,1276
NCNTY47003N47003,"Bedford County, TN",876,950,1067,1323,1426
NCNTY47005N47005,"Benton County, TN",677,682,896,1105,1521
NCNTY47007N47007,"Bledsoe County, TN",651,655,861,1208,1461
NCNTY47017N47017,"Carroll County, TN",725,787,883,1126,1250
NCNTY47025N47025,"Claiborne County, TN",723,785,881,1153,1173
NCNTY47027N47027,"Clay County, TN",651,655,861,1213,1277
NCNTY47029N47029,"Cocke County, TN",696,700,920,1235,1240
NCNTY47031N47031,"Coffee County, TN",771,776,995,1371,1623
NCNTY47035N47035,"Cumberland County, TN",769,774,943,1329,1499
NCNTY47039N47039,"Decatur County, TN",651,655,861,1154,1209
NCNTY47041N47041,"DeKalb County, TN",707,712,935,1131,1587
NCNTY47045N47045,"Dyer County, TN",719,724,910,1282,1390
NCNTY47049N47049,"Fentress County, TN",651,655,861,1093,1298
NCNTY47051N47051,"Franklin County, TN",773,778,962,1243,1465
NCNTY47055N47055,"Giles County, TN",783,804,954,1172,1569
NCNTY47059N47059,"Greene County, TN",584,767,861,1213,1371
NCNTY47061N47061,"Grundy County, TN",727,763,885,1099,1242
NCNTY47067N47067,"Hancock County, TN",707,767,861,1041,1384
NCNTY47069N47069,"Hardeman County, TN",669,674,885,1247,1266
NCNTY47071N47071,"Hardin County, TN",651,655,861,1142,1147
NCNTY47075N47075,"Haywood County, TN",656,661,868,1153,1403
NCNTY47077N47077,"Henderson County, TN",748,811,911,1161,1213
NCNTY47079N47079,"Henry County, TN",708,712,936,1132,1247
NCNTY47081N47081,"Hickman County, TN",732,795,892,1257,1514
NCNTY47083N47083,"Houston County, TN",725,737,883,1094,1331
NCNTY47085N47085,"Humphreys County, TN",757,821,922,1266,1345
NCNTY47087N47087,"Jackson County, TN",677,681,895,1082,1257
NCNTY47091N47091,"Johnson County, TN",707,761,861,1063,1209
NCNTY47095N47095,"Lake County, TN",690,694,861,1118,1209
NCNTY47097N47097,"Lauderdale County, TN",654,658,865,1136,1382
NCNTY47099N47099,"Lawrence County, TN",717,721,948,1164,1263
NCNTY47101N47101,"Lewis County, TN",651,655,861,1091,1461
NCNTY47103N47103,"Lincoln County, TN",741,803,902,1271,1520
NCNTY47107N47107,"McMinn County, TN",756,855,999,1297,1330
NCNTY47109N47109,"McNairy County, TN",651,655,861,1189,1329
NCNTY47117N47117,"Marshall County, TN",805,811,1065,1382,1418
NCNTY47121N47121,"Meigs County, TN",669,674,885,1238,1242
NCNTY47123N47123,"Monroe County, TN",609,715,899,1204,1228
NCNTY47127N47127,"Moore County, TN",753,757,948,1225,1331
NCNTY47131N47131,"Obion County, TN",758,762,910,1161,1212
NCNTY47133N47133,"Overton County, TN",684,688,861,1096,1147
NCNTY47135N47135,"Perry County, TN",722,727,955,1155,1294
NCNTY47137N47137,"Pickett County, TN",763,768,961,1162,1349
NCNTY47141N47141,"Putnam County, TN",797,802,1040,1435,1656
NCNTY47143N47143,"Rhea County, TN",676,680,894,1186,1191
NCNTY47151N47151,"Scott County, TN",707,708,861,1180,1364
NCNTY47155N47155,"Sevier County, TN",883,949,1146,1487,1526
NCNTY47175N47175,"Van Buren County, TN",680,684,861,1163,1209
NCNTY47177N47177,"Warren County, TN",707,712,935,1131,1257
NCNTY47181N47181,"Wayne County, TN",651,655,861,1043,1147
NCNTY47183N47183,"Weakley County, TN",732,754,891,1077,1512
NCNTY47185N47185,"White County, TN",767,772,1014,1226,1350
NCNTY48001N48001,"Anderson County, TX",936,942,1102,1382,1771
NCNTY48003N48003,"Andrews County, TX",1152,1317,1479,1856,2198
NCNTY48005N48005,"Angelina County, TX",953,1000,1149,1456,1530
NCNTY48007N48007,"Aransas County, TX",1083,1131,1391,1682,2067
NCNTY48017N48017,"Bailey County, TX",739,764,949,1245,1410
NCNTY48023N48023,"Baylor County, TX",696,701,905,1275,1345
NCNTY48025N48025,"Bee County, TX",934,940,1235,1624,1759
NCNTY48031N48031,"Blanco County, TX",985,988,1265,1530,1709
NCNTY48033N48033,"Borden County, TX",854,883,1097,1439,1630
NCNTY48035N48035,"Bosque County, TX",767,772,1015,1430,1523
NCNTY48043N48043,"Brewster County, TX",946,987,1215,1469,1923
NCNTY48045N48045,"Briscoe County, TX",705,729,905,1275,1345
NCNTY48047N48047,"Brooks County, TX",705,729,905,1275,1345
NCNTY48049N48049,"Brown County, TX",770,865,1136,1440,1635
NCNTY48053N48053,"Burnet County, TX",925,931,1197,1687,1722
NCNTY48057N48057,"Calhoun County, TX",725,895,1005,1416,1484
NCNTY48063N48063,"Camp County, TX",694,698,905,1275,1376
NCNTY48067N48067,"Cass County, TX",712,717,942,1248,1400
NCNTY48069N48069,"Castro County, TX",769,880,988,1312,1468
NCNTY48073N48073,"Cherokee County, TX",697,782,1028,1449,1528
NCNTY48075N48075,"Childress County, TX",863,943,1108,1368,1647
NCNTY48079N48079,"Cochran County, TX",709,733,910,1102,1212
NCNTY48081N48081,"Coke County, TX",684,689,905,1193,1345
NCNTY48083N48083,"Coleman County, TX",934,965,1199,1450,1757
NCNTY48087N48087,"Collingsworth County, TX",705,729,905,1187,1345
NCNTY48089N48089,"Colorado County, TX",811,817,1073,1326,1595
NCNTY48093N48093,"Comanche County, TX",854,883,1097,1439,1630
NCNTY48095N48095,"Concho County, TX",946,978,1215,1469,1806
NCNTY48097N48097,"Cooke County, TX",970,976,1283,1639,2020
NCNTY48101N48101,"Cottle County, TX",854,883,1097,1439,1630
NCNTY48103N48103,"Crane County, TX",867,897,1114,1347,1656
NCNTY48105N48105,"Crockett County, TX",854,883,1097,1439,1630
NCNTY48109N48109,"Culberson County, TX",854,883,1097,1439,1630
NCNTY48111N48111,"Dallam County, TX",734,840,943,1329,1401
NCNTY48115N48115,"Dawson County, TX",744,746,956,1217,1273
NCNTY48117N48117,"Deaf Smith County, TX",832,837,1100,1330,1740
NCNTY48119N48119,"Delta County, TX",722,777,927,1251,1268
NCNTY48123N48123,"DeWitt County, TX",907,938,1165,1440,1714
NCNTY48125N48125,"Dickens County, TX",705,729,905,1187,1345
NCNTY48127N48127,"Dimmit County, TX",740,847,951,1340,1413
NCNTY48129N48129,"Donley County, TX",688,693,910,1250,1352
NCNTY48131N48131,"Duval County, TX",705,729,905,1275,1345
NCNTY48133N48133,"Eastland County, TX",705,801,905,1275,1536
NCNTY48137N48137,"Edwards County, TX",854,883,1097,1439,1630
NCNTY48143N48143,"Erath County, TX",894,899,1136,1601,1928
NCNTY48147N48147,"Fannin County, TX",789,794,1043,1470,1742
NCNTY48149N48149,"Fayette County, TX",842,871,1082,1498,1662
NCNTY48151N48151,"Fisher County, TX",684,689,905,1189,1345
NCNTY48153N48153,"Floyd County, TX",801,806,1059,1280,1574
NCNTY48155N48155,"Foard County, TX",854,883,1097,1439,1630
NCNTY48159N48159,"Franklin County, TX",860,865,1137,1375,1690
NCNTY48161N48161,"Freestone County, TX",742,747,981,1186,1458
NCNTY48163N48163,"Frio County, TX",846,967,1086,1355,1843
NCNTY48165N48165,"Gaines County, TX",775,802,996,1204,1480
NCNTY48169N48169,"Garza County, TX",728,753,935,1318,1506
NCNTY48171N48171,"Gillespie County, TX",1021,1027,1350,1897,2006
NCNTY48173N48173,"Glasscock County, TX",854,883,1097,1439,1630
NCNTY48177N48177,"Gonzales County, TX",717,831,1003,1413,1702
NCNTY48179N48179,"Gray County, TX",817,823,1081,1307,1440
NCNTY48185N48185,"Grimes County, TX",845,874,1085,1312,1612
NCNTY48189N48189,"Hale County, TX",626,823,924,1248,1531
NCNTY48191N48191,"Hall County, TX",684,689,905,1254,1345
NCNTY48193N48193,"Hamilton County, TX",849,855,1116,1349,1486
NCNTY48195N48195,"Hansford County, TX",848,853,1121,1390,1493
NCNTY48197N48197,"Hardeman County, TX",705,705,905,1216,1345
NCNTY48205N48205,"Hartley County, TX",971,1004,1247,1655,1661
NCNTY48207N48207,"Haskell County, TX",705,729,905,1275,1521
NCNTY48211N48211,"Hemphill County, TX",857,886,1101,1420,1636
NCNTY48213N48213,"Henderson County, TX",826,855,1074,1423,1576
NCNTY48217N48217,"Hill County, TX",718,834,1060,1387,1685
NCNTY48219N48219,"Hockley County, TX",705,806,905,1275,1536
NCNTY48221N48221,"Hood County, TX",999,1207,1474,1782,2292
NCNTY48223N48223,"Hopkins County, TX",758,918,1118,1551,1557
NCNTY48225N48225,"Houston County, TX",759,764,993,1231,1322
NCNTY48227N48227,"Howard County, TX",1006,1025,1270,1536,1887
NCNTY48233N48233,"Hutchinson County, TX",811,816,1072,1440,1612
NCNTY48237N48237,"Jack County, TX",740,766,951,1340,1614
NCNTY48239N48239,"Jackson County, TX",836,957,1074,1389,1596
NCNTY48241N48241,"Jasper County, TX",835,851,1073,1375,1429
NCNTY48243N48243,"Jeff Davis County, TX",854,883,1097,1439,1630
NCNTY48247N48247,"Jim Hogg County, TX",705,729,905,1275,1345
NCNTY48249N48249,"Jim Wells County, TX",881,899,1041,1414,1767
NCNTY48255N48255,"Karnes County, TX",901,1060,1194,1588,1821
NCNTY48261N48261,"Kenedy County, TX",854,883,1097,1439,1630
NCNTY48263N48263,"Kent County, TX",854,883,1097,1439,1630
NCNTY48265N48265,"Kerr County, TX",966,1009,1241,1659,2015
NCNTY48267N48267,"Kimble County, TX",713,718,938,1172,1394
NCNTY48269N48269,"King County, TX",854,883,1097,1439,1630
NCNTY48271N48271,"Kinney County, TX",854,883,1097,1439,1630
NCNTY48273N48273,"Kleberg County, TX",957,964,1266,1531,1881
NCNTY48275N48275,"Knox County, TX",705,729,905,1187,1345
NCNTY48277N48277,"Lamar County, TX",696,825,1027,1388,1737
NCNTY48279N48279,"Lamb County, TX",721,725,953,1296,1562
NCNTY48283N48283,"La Salle County, TX",723,747,928,1308,1379
NCNTY48285N48285,"Lavaca County, TX",869,898,1116,1349,1652
NCNTY48287N48287,"Lee County, TX",973,1043,1250,1511,1665
NCNTY48289N48289,"Leon County, TX",689,774,1017,1349,1354
NCNTY48293N48293,"Limestone County, TX",678,761,1000,1209,1670
NCNTY48295N48295,"Lipscomb County, TX",775,802,996,1204,1480
NCNTY48297N48297,"Live Oak County, TX",753,758,996,1404,1480
NCNTY48299N48299,"Llano County, TX",991,998,1311,1585,2037
NCNTY48301N48301,"Loving County, TX",854,883,1097,1439,1630
NCNTY48307N48307,"McCulloch County, TX",832,861,1069,1293,1589
NCNTY48311N48311,"McMullen County, TX",854,883,1097,1439,1630
NCNTY48313N48313,"Madison County, TX",796,801,1032,1377,1534
NCNTY48315N48315,"Marion County, TX",782,802,1004,1350,1492
NCNTY48319N48319,"Mason County, TX",782,809,1005,1353,1494
NCNTY48321N48321,"Matagorda County, TX",906,912,1198,1548,2033
NCNTY48323N48323,"Maverick County, TX",820,825,1011,1299,1346
NCNTY48327N48327,"Menard County, TX",705,729,905,1275,1345
NCNTY48331N48331,"Milam County, TX",803,868,1032,1295,1654
NCNTY48333N48333,"Mills County, TX",705,729,905,1275,1345
NCNTY48335N48335,"Mitchell County, TX",832,939,1068,1505,1587
NCNTY48337N48337,"Montague County, TX",909,915,1202,1626,1786
NCNTY48341N48341,"Moore County, TX",845,850,1117,1351,1660
NCNTY48343N48343,"Morris County, TX",698,702,923,1273,1472
NCNTY48345N48345,"Motley County, TX",705,729,905,1103,1345
NCNTY48347N48347,"Nacogdoches County, TX",868,964,1113,1428,1889
NCNTY48349N48349,"Navarro County, TX",746,823,1082,1525,1836
NCNTY48351N48351,"Newton County, TX",712,737,915,1214,1360
NCNTY48353N48353,"Nolan County, TX",765,783,983,1385,1668
NCNTY48357N48357,"Ochiltree County, TX",879,909,1129,1368,1678
NCNTY48363N48363,"Palo Pinto County, TX",842,848,1114,1383,1807
NCNTY48365N48365,"Panola County, TX",776,782,1027,1274,1461
NCNTY48369N48369,"Parmer County, TX",842,863,1082,1308,1821
NCNTY48371N48371,"Pecos County, TX",800,915,1027,1447,1526
NCNTY48373N48373,"Polk County, TX",825,934,1060,1357,1518
NCNTY48377N48377,"Presidio County, TX",705,806,905,1275,1345
NCNTY48379N48379,"Rains County, TX",761,870,977,1366,1455
NCNTY48383N48383,"Reagan County, TX",961,994,1234,1492,1834
NCNTY48385N48385,"Real County, TX",878,908,1128,1479,1676
NCNTY48387N48387,"Red River County, TX",705,806,905,1094,1345
NCNTY48389N48389,"Reeves County, TX",844,873,1084,1476,1611
NCNTY48391N48391,"Refugio County, TX",768,821,987,1294,1467
NCNTY48393N48393,"Roberts County, TX",854,883,1097,1439,1630
NCNTY48399N48399,"Runnels County, TX",842,848,1114,1347,1484
NCNTY48403N48403,"Sabine County, TX",705,722,905,1253,1536
NCNTY48405N48405,"San Augustine County, TX",791,818,1016,1332,1510
NCNTY48407N48407,"San Jacinto County, TX",782,895,1005,1333,1338
NCNTY48411N48411,"San Saba County, TX",895,901,1184,1432,1760
NCNTY48413N48413,"Schleicher County, TX",854,883,1097,1439,1630
NCNTY48415N48415,"Scurry County, TX",779,891,1000,1409,1697
NCNTY48417N48417,"Shackelford County, TX",854,883,1097,1439,1630
NCNTY48419N48419,"Shelby County, TX",705,806,905,1275,1373
NCNTY48421N48421,"Sherman County, TX",725,750,931,1268,1273
NCNTY48425N48425,"Somervell County, TX",804,832,1033,1456,1535
NCNTY48427N48427,"Starr County, TX",684,689,905,1275,1345
NCNTY48429N48429,"Stephens County, TX",737,762,947,1335,1407
NCNTY48433N48433,"Stonewall County, TX",854,883,1097,1439,1630
NCNTY48435N48435,"Sutton County, TX",695,699,912,1285,1355
NCNTY48437N48437,"Swisher County, TX",705,723,905,1275,1345
NCNTY48443N48443,"Terrell County, TX",854,883,1097,1439,1630
NCNTY48445N48445,"Terry County, TX",742,767,953,1339,1416
NCNTY48447N48447,"Throckmorton County, TX",742,767,953,1152,1416
NCNTY48449N48449,"Titus County, TX",768,773,992,1316,1321
NCNTY48455N48455,"Trinity County, TX",813,827,1044,1262,1772
NCNTY48457N48457,"Tyler County, TX",786,808,1009,1220,1500
NCNTY48461N48461,"Upton County, TX",705,806,905,1187,1345
NCNTY48463N48463,"Uvalde County, TX",839,932,1078,1519,1747
NCNTY48465N48465,"Val Verde County, TX",827,833,1094,1452,1457
NCNTY48467N48467,"Van Zandt County, TX",763,856,1125,1585,1659
NCNTY48471N48471,"Walker County, TX",866,1111,1278,1548,2169
NCNTY48475N48475,"Ward County, TX",1014,1161,1303,1722,1936
NCNTY48477N48477,"Washington County, TX",996,1054,1279,1717,1873
NCNTY48481N48481,"Wharton County, TX",760,901,1121,1580,1748
NCNTY48483N48483,"Wheeler County, TX",794,796,1020,1233,1516
NCNTY48487N48487,"Wilbarger County, TX",761,766,1007,1218,1497
NCNTY48489N48489,"Willacy County, TX",684,689,905,1201,1205
NCNTY48495N48495,"Winkler County, TX",1013,1048,1301,1706,1933
NCNTY48499N48499,"Wood County, TX",776,871,1145,1384,1702
NCNTY48501N48501,"Yoakum County, TX",962,1009,1235,1493,1835
NCNTY48503N48503,"Young County, TX",763,820,980,1294,1430
NCNTY48505N48505,"Zapata County, TX",705,721,905,1094,1345
NCNTY48507N48507,"Zavala County, TX",705,729,905,1275,1345
NCNTY49001N49001,"Beaver County, UT",635,773,931,1288,1414
NCNTY49007N49007,"Carbon County, UT",623,753,919,1143,1560
NCNTY49009N49009,"Daggett County, UT",705,859,1034,1392,1755
NCNTY49013N49013,"Duchesne County, UT",699,886,1025,1393,1484
NCNTY49015N49015,"Emery County, UT",617,806,905,1254,1536
NCNTY49017N49017,"Garfield County, UT",630,822,923,1116,1566
NCNTY49019N49019,"Grand County, UT",981,1094,1438,1908,1915
NCNTY49021N49021,"Iron County, UT",753,905,1103,1532,1872
NCNTY49025N49025,"Kane County, UT",980,1093,1436,1736,1912
NCNTY49027N49027,"Millard County, UT",649,790,951,1288,1388
NCNTY49031N49031,"Piute County, UT",617,752,905,1275,1536
NCNTY49033N49033,"Rich County, UT",617,752,905,1275,1536
NCNTY49037N49037,"San Juan County, UT",687,816,1007,1218,1709
NCNTY49039N49039,"Sanpete County, UT",707,788,1036,1253,1492
NCNTY49041N49041,"Sevier County, UT",665,756,975,1264,1591
NCNTY49043N49043,"Summit County, UT",1474,1484,1926,2485,2691
NCNTY49047N49047,"Uintah County, UT",639,755,936,1313,1588
NCNTY49051N49051,"Wasatch County, UT",1071,1398,1570,2212,2664
NCNTY49055N49055,"Wayne County, UT",658,802,965,1167,1638
NCNTY50001N50001,"Addison County, VT",1125,1175,1474,1927,1963
NCNTY50003N50003,"Bennington County, VT",975,1049,1293,1711,2010
NCNTY50005N50005,"Caledonia County, VT",941,965,1118,1455,1735
NCNTY50009N50009,"Essex County, VT",829,852,956,1328,1347
NCNTY50015N50015,"Lamoille County, VT",964,1037,1363,1808,1815
NCNTY50017N50017,"Orange County, VT",1013,1041,1291,1661,1734
NCNTY50019N50019,"Orleans County, VT",876,1015,1140,1477,1608
NCNTY50021N50021,"Rutland County, VT",1053,1059,1300,1658,2128
NCNTY50023N50023,"Washington County, VT",1051,1180,1550,1955,2107
NCNTY50025N50025,"Windham County, VT",1038,1160,1425,1760,1898
NCNTY50027N50027,"Windsor County, VT",1107,1210,1385,1838,1845
NCNTY51001N51001,"Accomack County, VA",823,894,1008,1390,1711
NCNTY51005N51005,"Alleghany County-Clifton Forge city-Covington city, VA HUD Nonmet",803,808,970,1283,1344
NCNTY51017N51017,"Bath County, VA",785,790,980,1285,1503
NCNTY51021N51021,"Bland County, VA",725,730,905,1275,1388
NCNTY51025N51025,"Brunswick County, VA",725,730,905,1275,1461
NCNTY51027N51027,"Buchanan County, VA",725,730,905,1176,1324
NCNTY51029N51029,"Buckingham County, VA",850,882,1041,1284,1401
NCNTY51033N51033,"Caroline County, VA",1009,1015,1259,1774,2074
NCNTY51035N51035,"Carroll County-Galax city, VA HUD Nonmetro FMR Area",728,732,905,1267,1485
NCNTY51037N51037,"Charlotte County, VA",684,689,905,1128,1388
NCNTY51049N51049,"Cumberland County, VA",828,833,1033,1249,1753
NCNTY51051N51051,"Dickenson County, VA",725,730,905,1094,1388
NCNTY51057N51057,"Essex County, VA",899,905,1122,1423,1721
NCNTY51063N51063,"Floyd County, VA",726,730,906,1214,1218
NCNTY51077N51077,"Grayson County, VA",725,730,905,1273,1372
NCNTY51081N51081,"Greensville County-Emporia city, VA HUD Nonmetro FMR Area",787,792,1041,1405,1546
NCNTY51083N51083,"Halifax County, VA",740,777,906,1163,1228
NCNTY51089N51089,"Henry County-Martinsville city, VA HUD Nonmetro FMR Area",697,701,905,1100,1311
NCNTY51091N51091,"Highland County, VA",785,790,980,1285,1503
NCNTY51099N51099,"King George County, VA",1189,1197,1477,2081,2506
NCNTY51103N51103,"Lancaster County, VA",956,962,1193,1475,1693
NCNTY51105N51105,"Lee County, VA",739,775,905,1157,1388
NCNTY51109N51109,"Louisa County, VA",1037,1065,1196,1668,2030
NCNTY51111N51111,"Lunenburg County, VA",702,707,905,1226,1518
NCNTY51117N51117,"Mecklenburg County, VA",721,726,954,1252,1271
NCNTY51119N51119,"Middlesex County, VA",945,951,1250,1511,1917
NCNTY51131N51131,"Northampton County, VA",759,764,1004,1414,1704
NCNTY51133N51133,"Northumberland County, VA",1042,1049,1301,1573,1995
NCNTY51135N51135,"Nottoway County, VA",747,752,970,1367,1601
NCNTY51137N51137,"Orange County, VA",995,1001,1244,1660,1941
NCNTY51139N51139,"Page County, VA",793,865,971,1265,1648
NCNTY51141N51141,"Patrick County, VA",739,776,905,1094,1388
NCNTY51143N51143,"Pittsylvania County-Danville city, VA HUD Nonmetro FMR Area",656,769,968,1313,1447
NCNTY51147N51147,"Prince Edward County, VA",915,941,1121,1355,1493
NCNTY51159N51159,"Richmond County, VA",925,931,1155,1397,1960
NCNTY51163N51163,"Rockbridge County-Buena Vista city-Lexington city, VA HUD Nonmetr",837,913,1025,1444,1591
NCNTY51167N51167,"Russell County, VA",715,720,905,1138,1293
NCNTY51171N51171,"Shenandoah County, VA",783,880,1155,1545,1550
NCNTY51173N51173,"Smyth County, VA",613,789,905,1171,1536
NCNTY51181N51181,"Surry County, VA",728,733,909,1281,1543
NCNTY51185N51185,"Tazewell County, VA",706,711,934,1129,1389
NCNTY51193N51193,"Westmoreland County, VA",966,972,1206,1700,1949
NCNTY51195N51195,"Wise County-Norton city, VA HUD Nonmetro FMR Area",730,734,905,1234,1536
NCNTY51197N51197,"Wythe County, VA",716,721,947,1147,1607
NCNTY53001N53001,"Adams County, WA",793,898,1170,1649,1985
NCNTY53009N53009,"Clallam County, WA",914,1026,1348,1873,2140
NCNTY53013N53013,"Columbia County, WA",779,898,1150,1479,1907
NCNTY53019N53019,"Ferry County, WA",651,731,960,1353,1592
NCNTY53023N53023,"Garfield County, WA",711,832,1049,1478,1739
NCNTY53025N53025,"Grant County, WA",936,942,1184,1668,2009
NCNTY53027N53027,"Grays Harbor County, WA",823,954,1214,1711,1947
NCNTY53029N53029,"Island County, WA",1233,1318,1625,2290,2706
NCNTY53031N53031,"Jefferson County, WA",1111,1141,1281,1805,2174
NCNTY53037N53037,"Kittitas County, WA",990,1111,1460,2057,2478
NCNTY53039N53039,"Klickitat County, WA",898,1008,1325,1602,1827
NCNTY53041N53041,"Lewis County, WA",891,1019,1315,1804,1873
NCNTY53043N53043,"Lincoln County, WA",765,859,1129,1470,1916
NCNTY53045N53045,"Mason County, WA",926,1111,1366,1925,2015
NCNTY53047N53047,"Okanogan County, WA",760,883,1121,1550,1815
NCNTY53049N53049,"Pacific County, WA",785,881,1158,1566,1965
NCNTY53051N53051,"Pend Oreille County, WA",758,851,1118,1397,1897
NCNTY53055N53055,"San Juan County, WA",1261,1416,1861,2470,2587
NCNTY53069N53069,"Wahkiakum County, WA",739,927,1090,1536,1807
NCNTY53075N53075,"Whitman County, WA",835,938,1232,1736,2091
NCNTY54001N54001,"Barbour County, WV",679,755,848,1142,1330
NCNTY54007N54007,"Braxton County, WV",641,645,848,1031,1206
NCNTY54013N54013,"Calhoun County, WV",679,685,848,1195,1208
NCNTY54017N54017,"Doddridge County, WV",782,789,977,1276,1392
NCNTY54021N54021,"Gilmer County, WV",681,686,894,1081,1191
NCNTY54023N54023,"Grant County, WV",641,645,848,1073,1208
NCNTY54025N54025,"Greenbrier County, WV",738,742,933,1227,1243
NCNTY54031N54031,"Hardy County, WV",727,731,927,1186,1320
NCNTY54033N54033,"Harrison County, WV",875,898,1032,1361,1650
NCNTY54041N54041,"Lewis County, WV",727,809,908,1256,1261
NCNTY54045N54045,"Logan County, WV",690,768,862,1215,1414
NCNTY54047N54047,"McDowell County, WV",668,673,848,1117,1129
NCNTY54049N54049,"Marion County, WV",857,862,1063,1311,1526
NCNTY54053N54053,"Mason County, WV",737,761,920,1112,1225
NCNTY54055N54055,"Mercer County, WV",617,741,910,1250,1341
NCNTY54059N54059,"Mingo County, WV",641,645,848,1127,1439
NCNTY54063N54063,"Monroe County, WV",679,738,848,1054,1275
NCNTY54067N54067,"Nicholas County, WV",679,690,848,1195,1208
NCNTY54071N54071,"Pendleton County, WV",679,685,848,1195,1320
NCNTY54073N54073,"Pleasants County, WV",641,645,848,1184,1208
NCNTY54075N54075,"Pocahontas County, WV",679,685,848,1176,1208
NCNTY54083N54083,"Randolph County, WV",644,689,905,1162,1323
NCNTY54085N54085,"Ritchie County, WV",679,704,848,1025,1129
NCNTY54087N54087,"Roane County, WV",679,755,848,1195,1208
NCNTY54089N54089,"Summers County, WV",675,680,893,1258,1272
NCNTY54091N54091,"Taylor County, WV",675,805,996,1233,1419
NCNTY54093N54093,"Tucker County, WV",679,755,848,1195,1439
NCNTY54095N54095,"Tyler County, WV",714,794,891,1077,1269
NCNTY54097N54097,"Upshur County, WV",734,739,965,1207,1466
NCNTY54101N54101,"Webster County, WV",575,645,848,1180,1208
NCNTY54103N54103,"Wetzel County, WV",748,753,989,1196,1317
NCNTY54109N54109,"Wyoming County, WV",725,731,905,1150,1205
NCNTY55001N55001,"Adams County, WI",613,689,905,1127,1205
NCNTY55003N55003,"Ashland County, WI",635,715,905,1275,1536
NCNTY55005N55005,"Barron County, WI",673,745,979,1223,1440
NCNTY55007N55007,"Bayfield County, WI",796,801,982,1303,1308
NCNTY55011N55011,"Buffalo County, WI",689,747,982,1219,1353
NCNTY55013N55013,"Burnett County, WI",716,777,1021,1235,1437
NCNTY55019N55019,"Clark County, WI",613,689,905,1169,1251
NCNTY55023N55023,"Crawford County, WI",635,776,905,1094,1329
NCNTY55027N55027,"Dodge County, WI",708,826,1045,1413,1518
NCNTY55029N55029,"Door County, WI",748,812,1067,1316,1445
NCNTY55033N55033,"Dunn County, WI",779,783,1028,1361,1693
NCNTY55037N55037,"Florence County, WI",803,871,1145,1384,1605
NCNTY55041N55041,"Forest County, WI",635,689,905,1094,1205
NCNTY55043N55043,"Grant County, WI",707,712,919,1179,1560
NCNTY55047N55047,"Green Lake County, WI",651,707,929,1123,1379
NCNTY55051N55051,"Iron County, WI",635,703,905,1094,1284
NCNTY55053N55053,"Jackson County, WI",615,809,908,1142,1330
NCNTY55055N55055,"Jefferson County, WI",762,861,1124,1499,1505
NCNTY55057N55057,"Juneau County, WI",703,763,1003,1213,1336
NCNTY55065N55065,"Lafayette County, WI",635,751,905,1275,1353
NCNTY55067N55067,"Langlade County, WI",635,689,905,1118,1300
NCNTY55071N55071,"Manitowoc County, WI",684,689,905,1094,1216
NCNTY55075N55075,"Marinette County, WI",702,707,907,1097,1291
NCNTY55077N55077,"Marquette County, WI",635,689,905,1158,1293
NCNTY55078N55078,"Menominee County, WI",703,763,1003,1251,1406
NCNTY55081N55081,"Monroe County, WI",708,849,1045,1358,1495
NCNTY55085N55085,"Oneida County, WI",725,843,1034,1250,1501
NCNTY55091N55091,"Pepin County, WI",635,689,905,1207,1536
NCNTY55095N55095,"Polk County, WI",720,808,1062,1284,1560
NCNTY55097N55097,"Portage County, WI",697,802,1028,1288,1404
NCNTY55099N55099,"Price County, WI",684,689,905,1201,1205
NCNTY55103N55103,"Richland County, WI",613,779,905,1119,1446
NCNTY55107N55107,"Rusk County, WI",635,691,905,1107,1247
NCNTY55111N55111,"Sauk County, WI",801,932,1108,1445,1476
NCNTY55113N55113,"Sawyer County, WI",664,745,979,1184,1304
NCNTY55115N55115,"Shawano County, WI",722,747,929,1125,1237
NCNTY55119N55119,"Taylor County, WI",635,700,905,1158,1456
NCNTY55121N55121,"Trempealeau County, WI",736,741,973,1291,1296
NCNTY55123N55123,"Vernon County, WI",623,707,911,1213,1428
NCNTY55125N55125,"Vilas County, WI",710,714,908,1098,1209
NCNTY55127N55127,"Walworth County, WI",803,902,1185,1522,1911
NCNTY55129N55129,"Washburn County, WI",649,728,957,1157,1275
NCNTY55135N55135,"Waupaca County, WI",635,745,905,1258,1262
NCNTY55137N55137,"Waushara County, WI",635,689,905,1221,1420
NCNTY55141N55141,"Wood County, WI",668,725,952,1239,1268
NCNTY56001N56001,"Albany County, WY",814,893,1080,1522,1833
NCNTY56003N56003,"Big Horn County, WY",767,770,933,1168,1475
NCNTY56005N56005,"Campbell County, WY",940,1000,1143,1535,1940
NCNTY56007N56007,"Carbon County, WY",848,853,1096,1544,1822
NCNTY56009N56009,"Converse County, WY",846,852,1119,1399,1860
NCNTY56011N56011,"Crook County, WY",777,842,945,1332,1571
NCNTY56013N56013,"Fremont County, WY",866,872,1146,1605,1745
NCNTY56015N56015,"Goshen County, WY",751,756,993,1300,1631
NCNTY56017N56017,"Hot Springs County, WY",727,732,962,1356,1633
NCNTY56019N56019,"Johnson County, WY",880,886,1138,1562,1892
NCNTY56023N56023,"Lincoln County, WY",735,740,972,1370,1649
NCNTY56027N56027,"Niobrara County, WY",700,705,905,1257,1505
NCNTY56029N56029,"Park County, WY",838,844,1109,1535,1882
NCNTY56031N56031,"Platte County, WY",817,822,1080,1306,1510
NCNTY56033N56033,"Sheridan County, WY",917,918,1200,1451,1889
NCNTY56035N56035,"Sublette County, WY",849,854,1097,1546,1824
NCNTY56037N56037,"Sweetwater County, WY",955,968,1102,1418,1848
NCNTY56039N56039,"Teton County, WY",1501,1511,1985,2646,3300
NCNTY56041N56041,"Uinta County, WY",684,689,905,1275,1536
NCNTY56043N56043,"Washakie County, WY",684,689,905,1275,1409
NCNTY56045N56045,"Weston County, WY",854,859,1129,1365,1877
NCNTY60999N60999,American Samoa,794,799,1050,1480,1610
NCNTY66010N66010,Guam,1329,1460,1919,2704,3257
NCNTY69999N69999,Northern Mariana Islands,699,785,1031,1453,1750
NCNTY72923N72923,Puerto Rico HUD Nonmetro Area,434,446,501,706,780
NCNTY78010N78010,"St. Croix Island, VI",1203,1228,1499,1812,1996
NCNTY78020N78020,"St. John Island, VI",1597,1893,2352,2844,3132
NCNTY78030N78030,"St. Thomas Island, VI",1151,1357,1698,2053,2261
